ISO-10303-21;
HEADER;
FILE_DESCRIPTION(('KiCad electronic assembly'),'2;1');
FILE_NAME('Braccio.step','2026-04-27T13:47:03',('Pcbnew'),('Kicad'),
  'Open CASCADE STEP processor 7.9','KiCad to STEP converter','Unknown'
  );
FILE_SCHEMA(('AUTOMOTIVE_DESIGN { 1 0 10303 214 1 1 1 1 }'));
ENDSEC;
DATA;
#1 = APPLICATION_PROTOCOL_DEFINITION('international standard',
  'automotive_design',2000,#2);
#2 = APPLICATION_CONTEXT(
  'core data for automotive mechanical design processes');
#3 = SHAPE_DEFINITION_REPRESENTATION(#4,#10);
#4 = PRODUCT_DEFINITION_SHAPE('','',#5);
#5 = PRODUCT_DEFINITION('design','',#6,#9);
#6 = PRODUCT_DEFINITION_FORMATION('','',#7);
#7 = PRODUCT('Braccio 1','Braccio 1','',(#8));
#8 = PRODUCT_CONTEXT('',#2,'mechanical');
#9 = PRODUCT_DEFINITION_CONTEXT('part definition',#2,'design');
#10 = SHAPE_REPRESENTATION('',(#11,#15,#19),#23);
#11 = AXIS2_PLACEMENT_3D('',#12,#13,#14);
#12 = CARTESIAN_POINT('',(0.,0.,0.));
#13 = DIRECTION('',(0.,0.,1.));
#14 = DIRECTION('',(1.,0.,-0.));
#15 = AXIS2_PLACEMENT_3D('',#16,#17,#18);
#16 = CARTESIAN_POINT('',(0.,0.,0.));
#17 = DIRECTION('',(0.,0.,1.));
#18 = DIRECTION('',(1.,0.,-0.));
#19 = AXIS2_PLACEMENT_3D('',#20,#21,#22);
#20 = CARTESIAN_POINT('',(0.,0.,0.));
#21 = DIRECTION('',(0.,0.,1.));
#22 = DIRECTION('',(1.,0.,-0.));
#23 = ( GEOMETRIC_REPRESENTATION_CONTEXT(3) 
GLOBAL_UNCERTAINTY_ASSIGNED_CONTEXT((#27)) GLOBAL_UNIT_ASSIGNED_CONTEXT(
(#24,#25,#26)) REPRESENTATION_CONTEXT('Context #1',
  '3D Context with UNIT and UNCERTAINTY') );
#24 = ( LENGTH_UNIT() NAMED_UNIT(*) SI_UNIT(.MILLI.,.METRE.) );
#25 = ( NAMED_UNIT(*) PLANE_ANGLE_UNIT() SI_UNIT($,.RADIAN.) );
#26 = ( NAMED_UNIT(*) SI_UNIT($,.STERADIAN.) SOLID_ANGLE_UNIT() );
#27 = UNCERTAINTY_MEASURE_WITH_UNIT(LENGTH_MEASURE(1.E-07),#24,
  'distance_accuracy_value','confusion accuracy');
#28 = PRODUCT_RELATED_PRODUCT_CATEGORY('part',$,(#7));
#29 = SHAPE_DEFINITION_REPRESENTATION(#30,#36);
#30 = PRODUCT_DEFINITION_SHAPE('','',#31);
#31 = PRODUCT_DEFINITION('design','',#32,#35);
#32 = PRODUCT_DEFINITION_FORMATION('','',#33);
#33 = PRODUCT('Braccio_silkscreen','Braccio_silkscreen','',(#34));
#34 = PRODUCT_CONTEXT('',#2,'mechanical');
#35 = PRODUCT_DEFINITION_CONTEXT('part definition',#2,'design');
#36 = SHAPE_REPRESENTATION('',(#11,#37,#204,#281,#493),#586);
#37 = SHELL_BASED_SURFACE_MODEL('',(#38));
#38 = OPEN_SHELL('',(#39));
#39 = ADVANCED_FACE('',(#40),#199,.T.);
#40 = FACE_BOUND('',#41,.F.);
#41 = EDGE_LOOP('',(#42,#53,#61,#69,#77,#85,#93,#101,#110,#118,#127,#135
    ,#143,#151,#160,#168,#176,#184,#193));
#42 = ORIENTED_EDGE('',*,*,#43,.T.);
#43 = EDGE_CURVE('',#44,#46,#48,.T.);
#44 = VERTEX_POINT('',#45);
#45 = CARTESIAN_POINT('',(-37.593848,39.351244,1.585));
#46 = VERTEX_POINT('',#47);
#47 = CARTESIAN_POINT('',(-37.084453,39.341914,1.585));
#48 = CIRCLE('',#49,0.450326844012);
#49 = AXIS2_PLACEMENT_3D('',#50,#51,#52);
#50 = CARTESIAN_POINT('',(-37.34595096989,38.975290108009,1.585));
#51 = DIRECTION('',(0.,0.,-1.));
#52 = DIRECTION('',(-0.550482462684,0.834846727416,0.));
#53 = ORIENTED_EDGE('',*,*,#54,.T.);
#54 = EDGE_CURVE('',#46,#55,#57,.T.);
#55 = VERTEX_POINT('',#56);
#56 = CARTESIAN_POINT('',(-37.021,39.276384,1.585));
#57 = LINE('',#58,#59);
#58 = CARTESIAN_POINT('',(-37.084453,39.341914,1.585));
#59 = VECTOR('',#60,1.);
#60 = DIRECTION('',(0.695630129574,-0.718400113328,0.));
#61 = ORIENTED_EDGE('',*,*,#62,.T.);
#62 = EDGE_CURVE('',#55,#63,#65,.T.);
#63 = VERTEX_POINT('',#64);
#64 = CARTESIAN_POINT('',(-36.962939,39.155937,1.585));
#65 = LINE('',#66,#67);
#66 = CARTESIAN_POINT('',(-37.021,39.276384,1.585));
#67 = VECTOR('',#68,1.);
#68 = DIRECTION('',(0.434228424707,-0.900802794832,0.));
#69 = ORIENTED_EDGE('',*,*,#70,.T.);
#70 = EDGE_CURVE('',#63,#71,#73,.T.);
#71 = VERTEX_POINT('',#72);
#72 = CARTESIAN_POINT('',(-36.963698,39.029605,1.585));
#73 = LINE('',#74,#75);
#74 = CARTESIAN_POINT('',(-36.962939,39.155937,1.585));
#75 = VECTOR('',#76,1.);
#76 = DIRECTION('',(-6.007870547546E-03,-0.999981952583,0.));
#77 = ORIENTED_EDGE('',*,*,#78,.T.);
#78 = EDGE_CURVE('',#71,#79,#81,.T.);
#79 = VERTEX_POINT('',#80);
#80 = CARTESIAN_POINT('',(-37.021756,38.861542,1.585));
#81 = LINE('',#82,#83);
#82 = CARTESIAN_POINT('',(-36.963698,39.029605,1.585));
#83 = VECTOR('',#84,1.);
#84 = DIRECTION('',(-0.326519613327,-0.945190426376,0.));
#85 = ORIENTED_EDGE('',*,*,#86,.T.);
#86 = EDGE_CURVE('',#79,#87,#89,.T.);
#87 = VERTEX_POINT('',#88);
#88 = CARTESIAN_POINT('',(-37.474479,38.406781,1.585));
#89 = LINE('',#90,#91);
#90 = CARTESIAN_POINT('',(-37.021756,38.861542,1.585));
#91 = VECTOR('',#92,1.);
#92 = DIRECTION('',(-0.705517003129,-0.708692992978,0.));
#93 = ORIENTED_EDGE('',*,*,#94,.T.);
#94 = EDGE_CURVE('',#87,#95,#97,.T.);
#95 = VERTEX_POINT('',#96);
#96 = CARTESIAN_POINT('',(-37.021866,38.40534,1.585));
#97 = LINE('',#98,#99);
#98 = CARTESIAN_POINT('',(-37.474479,38.406781,1.585));
#99 = VECTOR('',#100,1.);
#100 = DIRECTION('',(0.999994931953,-3.183719197072E-03,0.));
#101 = ORIENTED_EDGE('',*,*,#102,.T.);
#102 = EDGE_CURVE('',#95,#103,#105,.T.);
#103 = VERTEX_POINT('',#104);
#104 = CARTESIAN_POINT('',(-37.036498,38.256781,1.585));
#105 = CIRCLE('',#106,7.500006711464E-02);
#106 = AXIS2_PLACEMENT_3D('',#107,#108,#109);
#107 = CARTESIAN_POINT('',(-37.03649793288,38.331781067115,1.585));
#108 = DIRECTION('',(0.,0.,-1.));
#109 = DIRECTION('',(0.195092263891,0.980784894138,0.));
#110 = ORIENTED_EDGE('',*,*,#111,.T.);
#111 = EDGE_CURVE('',#103,#112,#114,.T.);
#112 = VERTEX_POINT('',#113);
#113 = CARTESIAN_POINT('',(-37.670177,38.258222,1.585));
#114 = LINE('',#115,#116);
#115 = CARTESIAN_POINT('',(-37.036498,38.256781,1.585));
#116 = VECTOR('',#117,1.);
#117 = DIRECTION('',(-0.999997414422,2.274016140962E-03,0.));
#118 = ORIENTED_EDGE('',*,*,#119,.T.);
#119 = EDGE_CURVE('',#112,#120,#122,.T.);
#120 = VERTEX_POINT('',#121);
#121 = CARTESIAN_POINT('',(-37.708578,38.384814,1.585));
#122 = CIRCLE('',#123,7.50002101311E-02);
#123 = AXIS2_PLACEMENT_3D('',#124,#125,#126);
#124 = CARTESIAN_POINT('',(-37.65554468329,38.331781002356,1.585));
#125 = DIRECTION('',(0.,0.,-1.));
#126 = DIRECTION('',(-0.195097009436,-0.980783950169,-0.));
#127 = ORIENTED_EDGE('',*,*,#128,.T.);
#128 = EDGE_CURVE('',#120,#129,#131,.T.);
#129 = VERTEX_POINT('',#130);
#130 = CARTESIAN_POINT('',(-37.14967,38.943724,1.585));
#131 = LINE('',#132,#133);
#132 = CARTESIAN_POINT('',(-37.708578,38.384814,1.585));
#133 = VECTOR('',#134,1.);
#134 = DIRECTION('',(0.70710551603,0.707108046341,0.));
#135 = ORIENTED_EDGE('',*,*,#136,.T.);
#136 = EDGE_CURVE('',#129,#137,#139,.T.);
#137 = VERTEX_POINT('',#138);
#138 = CARTESIAN_POINT('',(-37.111498,39.058237,1.585));
#139 = LINE('',#140,#141);
#140 = CARTESIAN_POINT('',(-37.14967,38.943724,1.585));
#141 = VECTOR('',#142,1.);
#142 = DIRECTION('',(0.31623522204,0.948680812677,0.));
#143 = ORIENTED_EDGE('',*,*,#144,.T.);
#144 = EDGE_CURVE('',#137,#145,#147,.T.);
#145 = VERTEX_POINT('',#146);
#146 = CARTESIAN_POINT('',(-37.111498,39.1236,1.585));
#147 = LINE('',#148,#149);
#148 = CARTESIAN_POINT('',(-37.111498,39.058237,1.585));
#149 = VECTOR('',#150,1.);
#150 = DIRECTION('',(0.,1.,0.));
#151 = ORIENTED_EDGE('',*,*,#152,.T.);
#152 = EDGE_CURVE('',#145,#153,#155,.T.);
#153 = VERTEX_POINT('',#154);
#154 = CARTESIAN_POINT('',(-37.244679,39.256781,1.585));
#155 = CIRCLE('',#156,0.18686440374);
#156 = AXIS2_PLACEMENT_3D('',#157,#158,#159);
#157 = CARTESIAN_POINT('',(-37.292215,39.076064,1.585));
#158 = DIRECTION('',(0.,0.,1.));
#159 = DIRECTION('',(0.967102328658,0.254387668538,-0.));
#160 = ORIENTED_EDGE('',*,*,#161,.T.);
#161 = EDGE_CURVE('',#153,#162,#164,.T.);
#162 = VERTEX_POINT('',#163);
#163 = CARTESIAN_POINT('',(-37.447364,39.256781,1.585));
#164 = LINE('',#165,#166);
#165 = CARTESIAN_POINT('',(-37.244679,39.256781,1.585));
#166 = VECTOR('',#167,1.);
#167 = DIRECTION('',(-1.,0.,0.));
#168 = ORIENTED_EDGE('',*,*,#169,.T.);
#169 = EDGE_CURVE('',#162,#170,#172,.T.);
#170 = VERTEX_POINT('',#171);
#171 = CARTESIAN_POINT('',(-37.51588,39.222523,1.585));
#172 = LINE('',#173,#174);
#173 = CARTESIAN_POINT('',(-37.447364,39.256781,1.585));
#174 = VECTOR('',#175,1.);
#175 = DIRECTION('',(-0.894427191,-0.4472135955,0.));
#176 = ORIENTED_EDGE('',*,*,#177,.T.);
#177 = EDGE_CURVE('',#170,#178,#180,.T.);
#178 = VERTEX_POINT('',#179);
#179 = CARTESIAN_POINT('',(-37.566258,39.174183,1.585));
#180 = LINE('',#181,#182);
#181 = CARTESIAN_POINT('',(-37.51588,39.222523,1.585));
#182 = VECTOR('',#183,1.);
#183 = DIRECTION('',(-0.721551016594,-0.69236127163,0.));
#184 = ORIENTED_EDGE('',*,*,#185,.T.);
#185 = EDGE_CURVE('',#178,#186,#188,.T.);
#186 = VERTEX_POINT('',#187);
#187 = CARTESIAN_POINT('',(-37.660959,39.289576,1.585));
#188 = CIRCLE('',#189,7.499996838527E-02);
#189 = AXIS2_PLACEMENT_3D('',#190,#191,#192);
#190 = CARTESIAN_POINT('',(-37.607926,39.236543027532,1.585));
#191 = DIRECTION('',(0.,0.,-1.));
#192 = DIRECTION('',(0.555573567524,-0.831467384248,0.));
#193 = ORIENTED_EDGE('',*,*,#194,.T.);
#194 = EDGE_CURVE('',#186,#44,#195,.T.);
#195 = LINE('',#196,#197);
#196 = CARTESIAN_POINT('',(-37.660959,39.289576,1.585));
#197 = VECTOR('',#198,1.);
#198 = DIRECTION('',(0.736336089652,0.676615964248,0.));
#199 = PLANE('',#200);
#200 = AXIS2_PLACEMENT_3D('',#201,#202,#203);
#201 = CARTESIAN_POINT('',(0.,0.,1.585));
#202 = DIRECTION('',(0.,0.,1.));
#203 = DIRECTION('',(1.,0.,-0.));
#204 = SHELL_BASED_SURFACE_MODEL('',(#205));
#205 = OPEN_SHELL('',(#206));
#206 = ADVANCED_FACE('',(#207),#276,.T.);
#207 = FACE_BOUND('',#208,.F.);
#208 = EDGE_LOOP('',(#209,#220,#228,#237,#245,#254,#262,#270));
#209 = ORIENTED_EDGE('',*,*,#210,.T.);
#210 = EDGE_CURVE('',#211,#213,#215,.T.);
#211 = VERTEX_POINT('',#212);
#212 = CARTESIAN_POINT('',(-39.368195,39.39103,1.585));
#213 = VERTEX_POINT('',#214);
#214 = CARTESIAN_POINT('',(-39.251061,39.308064,1.585));
#215 = CIRCLE('',#216,7.499934334576E-02);
#216 = AXIS2_PLACEMENT_3D('',#217,#218,#219);
#217 = CARTESIAN_POINT('',(-39.32221151751,39.33178119545,1.585));
#218 = DIRECTION('',(0.,0.,-1.));
#219 = DIRECTION('',(-0.613118467926,0.789990977346,0.));
#220 = ORIENTED_EDGE('',*,*,#221,.T.);
#221 = EDGE_CURVE('',#213,#222,#224,.T.);
#222 = VERTEX_POINT('',#223);
#223 = CARTESIAN_POINT('',(-39.590388,38.294638,1.585));
#224 = LINE('',#225,#226);
#225 = CARTESIAN_POINT('',(-39.251061,39.308064,1.585));
#226 = VECTOR('',#227,1.);
#227 = DIRECTION('',(-0.317506104109,-0.948256227954,0.));
#228 = ORIENTED_EDGE('',*,*,#229,.T.);
#229 = EDGE_CURVE('',#222,#230,#232,.T.);
#230 = VERTEX_POINT('',#231);
#231 = CARTESIAN_POINT('',(-39.720702,38.294639,1.585));
#232 = CIRCLE('',#233,7.500015904108E-02);
#233 = AXIS2_PLACEMENT_3D('',#234,#235,#236);
#234 = CARTESIAN_POINT('',(-39.65554471497,38.331781321741,1.585));
#235 = DIRECTION('',(-0.,0.,-1.));
#236 = DIRECTION('',(0.868754357424,-0.495243239688,-0.));
#237 = ORIENTED_EDGE('',*,*,#238,.T.);
#238 = EDGE_CURVE('',#230,#239,#241,.T.);
#239 = VERTEX_POINT('',#240);
#240 = CARTESIAN_POINT('',(-40.063289,39.322401,1.585));
#241 = LINE('',#242,#243);
#242 = CARTESIAN_POINT('',(-39.720702,38.294639,1.585));
#243 = VECTOR('',#244,1.);
#244 = DIRECTION('',(-0.3162274891,0.948683390356,0.));
#245 = ORIENTED_EDGE('',*,*,#246,.T.);
#246 = EDGE_CURVE('',#239,#247,#249,.T.);
#247 = VERTEX_POINT('',#248);
#248 = CARTESIAN_POINT('',(-39.917727,39.355498,1.585));
#249 = CIRCLE('',#250,7.499975943128E-02);
#250 = AXIS2_PLACEMENT_3D('',#251,#252,#253);
#251 = CARTESIAN_POINT('',(-39.98887817516,39.331781461739,1.585));
#252 = DIRECTION('',(0.,0.,-1.));
#253 = DIRECTION('',(-0.992147513501,-0.125073224367,-0.));
#254 = ORIENTED_EDGE('',*,*,#255,.T.);
#255 = EDGE_CURVE('',#247,#256,#258,.T.);
#256 = VERTEX_POINT('',#257);
#257 = CARTESIAN_POINT('',(-39.655545,38.568952,1.585));
#258 = LINE('',#259,#260);
#259 = CARTESIAN_POINT('',(-39.917727,39.355498,1.585));
#260 = VECTOR('',#261,1.);
#261 = DIRECTION('',(0.316227766017,-0.948683298051,0.));
#262 = ORIENTED_EDGE('',*,*,#263,.T.);
#263 = EDGE_CURVE('',#256,#264,#266,.T.);
#264 = VERTEX_POINT('',#265);
#265 = CARTESIAN_POINT('',(-39.387369,39.368923,1.585));
#266 = LINE('',#267,#268);
#267 = CARTESIAN_POINT('',(-39.655545,38.568952,1.585));
#268 = VECTOR('',#269,1.);
#269 = DIRECTION('',(0.317847619348,0.948141809475,0.));
#270 = ORIENTED_EDGE('',*,*,#271,.T.);
#271 = EDGE_CURVE('',#264,#211,#272,.T.);
#272 = LINE('',#273,#274);
#273 = CARTESIAN_POINT('',(-39.387369,39.368923,1.585));
#274 = VECTOR('',#275,1.);
#275 = DIRECTION('',(0.65521540373,0.755442105469,0.));
#276 = PLANE('',#277);
#277 = AXIS2_PLACEMENT_3D('',#278,#279,#280);
#278 = CARTESIAN_POINT('',(0.,0.,1.585));
#279 = DIRECTION('',(0.,0.,1.));
#280 = DIRECTION('',(1.,0.,-0.));
#281 = SHELL_BASED_SURFACE_MODEL('',(#282));
#282 = OPEN_SHELL('',(#283));
#283 = ADVANCED_FACE('',(#284,#386),#488,.T.);
#284 = FACE_BOUND('',#285,.F.);
#285 = EDGE_LOOP('',(#286,#297,#305,#313,#322,#330,#338,#347,#355,#363,
    #372,#380));
#286 = ORIENTED_EDGE('',*,*,#287,.T.);
#287 = EDGE_CURVE('',#288,#290,#292,.T.);
#288 = VERTEX_POINT('',#289);
#289 = CARTESIAN_POINT('',(-38.933481,39.34728,1.585));
#290 = VERTEX_POINT('',#291);
#291 = CARTESIAN_POINT('',(-38.560643,39.341914,1.585));
#292 = CIRCLE('',#293,0.291788488016);
#293 = AXIS2_PLACEMENT_3D('',#294,#295,#296);
#294 = CARTESIAN_POINT('',(-38.75029213089,39.120162497432,1.585));
#295 = DIRECTION('',(0.,0.,-1.));
#296 = DIRECTION('',(-0.627813901623,0.778363478671,0.));
#297 = ORIENTED_EDGE('',*,*,#298,.T.);
#298 = EDGE_CURVE('',#290,#299,#301,.T.);
#299 = VERTEX_POINT('',#300);
#300 = CARTESIAN_POINT('',(-38.49719,39.276384,1.585));
#301 = LINE('',#302,#303);
#302 = CARTESIAN_POINT('',(-38.560643,39.341914,1.585));
#303 = VECTOR('',#304,1.);
#304 = DIRECTION('',(0.695630129574,-0.718400113328,0.));
#305 = ORIENTED_EDGE('',*,*,#306,.T.);
#306 = EDGE_CURVE('',#299,#307,#309,.T.);
#307 = VERTEX_POINT('',#308);
#308 = CARTESIAN_POINT('',(-38.439927,39.159495,1.585));
#309 = LINE('',#310,#311);
#310 = CARTESIAN_POINT('',(-38.49719,39.276384,1.585));
#311 = VECTOR('',#312,1.);
#312 = DIRECTION('',(0.439937123831,-0.898028578095,0.));
#313 = ORIENTED_EDGE('',*,*,#314,.T.);
#314 = EDGE_CURVE('',#307,#315,#317,.T.);
#315 = VERTEX_POINT('',#316);
#316 = CARTESIAN_POINT('',(-38.445606,38.488717,1.585));
#317 = CIRCLE('',#318,0.967158496826);
#318 = AXIS2_PLACEMENT_3D('',#319,#320,#321);
#319 = CARTESIAN_POINT('',(-39.34987329313,38.83178582772,1.585));
#320 = DIRECTION('',(0.,0.,-1.));
#321 = DIRECTION('',(0.940845059128,0.338837091703,0.));
#322 = ORIENTED_EDGE('',*,*,#323,.T.);
#323 = EDGE_CURVE('',#315,#324,#326,.T.);
#324 = VERTEX_POINT('',#325);
#325 = CARTESIAN_POINT('',(-38.502556,38.379737,1.585));
#326 = LINE('',#327,#328);
#327 = CARTESIAN_POINT('',(-38.445606,38.488717,1.585));
#328 = VECTOR('',#329,1.);
#329 = DIRECTION('',(-0.463146784147,-0.886281589752,0.));
#330 = ORIENTED_EDGE('',*,*,#331,.T.);
#331 = EDGE_CURVE('',#324,#332,#334,.T.);
#332 = VERTEX_POINT('',#333);
#333 = CARTESIAN_POINT('',(-38.568086,38.316283,1.585));
#334 = LINE('',#335,#336);
#335 = CARTESIAN_POINT('',(-38.502556,38.379737,1.585));
#336 = VECTOR('',#337,1.);
#337 = DIRECTION('',(-0.718394634729,-0.695635787458,0.));
#338 = ORIENTED_EDGE('',*,*,#339,.T.);
#339 = EDGE_CURVE('',#332,#340,#342,.T.);
#340 = VERTEX_POINT('',#341);
#341 = CARTESIAN_POINT('',(-38.940925,38.32165,1.585));
#342 = CIRCLE('',#343,0.290998264264);
#343 = AXIS2_PLACEMENT_3D('',#344,#345,#346);
#344 = CARTESIAN_POINT('',(-38.75128958184,38.542372445585,1.585));
#345 = DIRECTION('',(-0.,0.,-1.));
#346 = DIRECTION('',(0.629569328552,-0.776944309811,-0.));
#347 = ORIENTED_EDGE('',*,*,#348,.T.);
#348 = EDGE_CURVE('',#340,#349,#351,.T.);
#349 = VERTEX_POINT('',#350);
#350 = CARTESIAN_POINT('',(-39.004378,38.387183,1.585));
#351 = LINE('',#352,#353);
#352 = CARTESIAN_POINT('',(-38.940925,38.32165,1.585));
#353 = VECTOR('',#354,1.);
#354 = DIRECTION('',(-0.695613693927,0.718416027676,0.));
#355 = ORIENTED_EDGE('',*,*,#356,.T.);
#356 = EDGE_CURVE('',#349,#357,#359,.T.);
#357 = VERTEX_POINT('',#358);
#358 = CARTESIAN_POINT('',(-39.061639,38.504068,1.585));
#359 = LINE('',#360,#361);
#360 = CARTESIAN_POINT('',(-39.004378,38.387183,1.585));
#361 = VECTOR('',#362,1.);
#362 = DIRECTION('',(-0.439936873317,0.89802870082,0.));
#363 = ORIENTED_EDGE('',*,*,#364,.T.);
#364 = EDGE_CURVE('',#357,#365,#367,.T.);
#365 = VERTEX_POINT('',#366);
#366 = CARTESIAN_POINT('',(-39.05596,39.174846,1.585));
#367 = CIRCLE('',#368,0.967158496826);
#368 = AXIS2_PLACEMENT_3D('',#369,#370,#371);
#369 = CARTESIAN_POINT('',(-38.15169270686,38.83177717228,1.585));
#370 = DIRECTION('',(0.,0.,-1.));
#371 = DIRECTION('',(-0.940845059128,-0.338837091703,-0.));
#372 = ORIENTED_EDGE('',*,*,#373,.T.);
#373 = EDGE_CURVE('',#365,#374,#376,.T.);
#374 = VERTEX_POINT('',#375);
#375 = CARTESIAN_POINT('',(-38.999011,39.283827,1.585));
#376 = LINE('',#377,#378);
#377 = CARTESIAN_POINT('',(-39.05596,39.174846,1.585));
#378 = VECTOR('',#379,1.);
#379 = DIRECTION('',(0.463137057879,0.886286672369,0.));
#380 = ORIENTED_EDGE('',*,*,#381,.T.);
#381 = EDGE_CURVE('',#374,#288,#382,.T.);
#382 = LINE('',#383,#384);
#383 = CARTESIAN_POINT('',(-38.999011,39.283827,1.585));
#384 = VECTOR('',#385,1.);
#385 = DIRECTION('',(0.718400113328,0.695630129574,0.));
#386 = FACE_BOUND('',#387,.F.);
#387 = EDGE_LOOP('',(#388,#399,#407,#415,#424,#432,#440,#449,#457,#465,
    #474,#482));
#388 = ORIENTED_EDGE('',*,*,#389,.T.);
#389 = EDGE_CURVE('',#390,#392,#394,.T.);
#390 = VERTEX_POINT('',#391);
#391 = CARTESIAN_POINT('',(-38.652353,39.222523,1.585));
#392 = VERTEX_POINT('',#393);
#393 = CARTESIAN_POINT('',(-38.849213,39.222523,1.585));
#394 = CIRCLE('',#395,0.148516804184);
#395 = AXIS2_PLACEMENT_3D('',#396,#397,#398);
#396 = CARTESIAN_POINT('',(-38.750783,39.111308,1.585));
#397 = DIRECTION('',(0.,0.,1.));
#398 = DIRECTION('',(0.662753286006,0.748837820819,-0.));
#399 = ORIENTED_EDGE('',*,*,#400,.T.);
#400 = EDGE_CURVE('',#392,#401,#403,.T.);
#401 = VERTEX_POINT('',#402);
#402 = CARTESIAN_POINT('',(-38.87962,39.192116,1.585));
#403 = LINE('',#404,#405);
#404 = CARTESIAN_POINT('',(-38.849213,39.222523,1.585));
#405 = VECTOR('',#406,1.);
#406 = DIRECTION('',(-0.707106781187,-0.707106781187,0.));
#407 = ORIENTED_EDGE('',*,*,#408,.T.);
#408 = EDGE_CURVE('',#401,#409,#411,.T.);
#409 = VERTEX_POINT('',#410);
#410 = CARTESIAN_POINT('',(-38.918114,39.115129,1.585));
#411 = LINE('',#412,#413);
#412 = CARTESIAN_POINT('',(-38.87962,39.192116,1.585));
#413 = VECTOR('',#414,1.);
#414 = DIRECTION('',(-0.447218242641,-0.894424867414,0.));
#415 = ORIENTED_EDGE('',*,*,#416,.T.);
#416 = EDGE_CURVE('',#409,#417,#419,.T.);
#417 = VERTEX_POINT('',#418);
#418 = CARTESIAN_POINT('',(-38.918114,38.548434,1.585));
#419 = CIRCLE('',#420,0.815450468383);
#420 = AXIS2_PLACEMENT_3D('',#421,#422,#423);
#421 = CARTESIAN_POINT('',(-38.15347443744,38.8317815,1.585));
#422 = DIRECTION('',(0.,0.,1.));
#423 = DIRECTION('',(-0.937689770508,0.347473587895,0.));
#424 = ORIENTED_EDGE('',*,*,#425,.T.);
#425 = EDGE_CURVE('',#417,#426,#428,.T.);
#426 = VERTEX_POINT('',#427);
#427 = CARTESIAN_POINT('',(-38.87962,38.471447,1.585));
#428 = LINE('',#429,#430);
#429 = CARTESIAN_POINT('',(-38.918114,38.548434,1.585));
#430 = VECTOR('',#431,1.);
#431 = DIRECTION('',(0.447218242641,-0.894424867414,0.));
#432 = ORIENTED_EDGE('',*,*,#433,.T.);
#433 = EDGE_CURVE('',#426,#434,#436,.T.);
#434 = VERTEX_POINT('',#435);
#435 = CARTESIAN_POINT('',(-38.849213,38.441039,1.585));
#436 = LINE('',#437,#438);
#437 = CARTESIAN_POINT('',(-38.87962,38.471447,1.585));
#438 = VECTOR('',#439,1.);
#439 = DIRECTION('',(0.707095153914,-0.707118408268,0.));
#440 = ORIENTED_EDGE('',*,*,#441,.T.);
#441 = EDGE_CURVE('',#434,#442,#444,.T.);
#442 = VERTEX_POINT('',#443);
#443 = CARTESIAN_POINT('',(-38.652354,38.441039,1.585));
#444 = CIRCLE('',#445,0.14851572397);
#445 = AXIS2_PLACEMENT_3D('',#446,#447,#448);
#446 = CARTESIAN_POINT('',(-38.7507835,38.552253,1.585));
#447 = DIRECTION('',(0.,0.,1.));
#448 = DIRECTION('',(-0.662754739829,-0.748836534121,0.));
#449 = ORIENTED_EDGE('',*,*,#450,.T.);
#450 = EDGE_CURVE('',#442,#451,#453,.T.);
#451 = VERTEX_POINT('',#452);
#452 = CARTESIAN_POINT('',(-38.621947,38.471447,1.585));
#453 = LINE('',#454,#455);
#454 = CARTESIAN_POINT('',(-38.652354,38.441039,1.585));
#455 = VECTOR('',#456,1.);
#456 = DIRECTION('',(0.707095153914,0.707118408268,0.));
#457 = ORIENTED_EDGE('',*,*,#458,.T.);
#458 = EDGE_CURVE('',#451,#459,#461,.T.);
#459 = VERTEX_POINT('',#460);
#460 = CARTESIAN_POINT('',(-38.583453,38.548434,1.585));
#461 = LINE('',#462,#463);
#462 = CARTESIAN_POINT('',(-38.621947,38.471447,1.585));
#463 = VECTOR('',#464,1.);
#464 = DIRECTION('',(0.447218242641,0.894424867414,0.));
#465 = ORIENTED_EDGE('',*,*,#466,.T.);
#466 = EDGE_CURVE('',#459,#467,#469,.T.);
#467 = VERTEX_POINT('',#468);
#468 = CARTESIAN_POINT('',(-38.583453,39.115129,1.585));
#469 = CIRCLE('',#470,0.815433004022);
#470 = AXIS2_PLACEMENT_3D('',#471,#472,#473);
#471 = CARTESIAN_POINT('',(-39.34807393765,38.8317815,1.585));
#472 = DIRECTION('',(0.,-0.,1.));
#473 = DIRECTION('',(0.937687012763,-0.347481029836,-0.));
#474 = ORIENTED_EDGE('',*,*,#475,.T.);
#475 = EDGE_CURVE('',#467,#476,#478,.T.);
#476 = VERTEX_POINT('',#477);
#477 = CARTESIAN_POINT('',(-38.621946,39.192116,1.585));
#478 = LINE('',#479,#480);
#479 = CARTESIAN_POINT('',(-38.583453,39.115129,1.585));
#480 = VECTOR('',#481,1.);
#481 = DIRECTION('',(-0.447208948322,0.894429514574,0.));
#482 = ORIENTED_EDGE('',*,*,#483,.T.);
#483 = EDGE_CURVE('',#476,#390,#484,.T.);
#484 = LINE('',#485,#486);
#485 = CARTESIAN_POINT('',(-38.621946,39.192116,1.585));
#486 = VECTOR('',#487,1.);
#487 = DIRECTION('',(-0.707106781186,0.707106781187,0.));
#488 = PLANE('',#489);
#489 = AXIS2_PLACEMENT_3D('',#490,#491,#492);
#490 = CARTESIAN_POINT('',(0.,0.,1.585));
#491 = DIRECTION('',(0.,0.,1.));
#492 = DIRECTION('',(1.,0.,-0.));
#493 = SHELL_BASED_SURFACE_MODEL('',(#494));
#494 = OPEN_SHELL('',(#495));
#495 = ADVANCED_FACE('',(#496),#581,.T.);
#496 = FACE_BOUND('',#497,.F.);
#497 = EDGE_LOOP('',(#498,#509,#517,#525,#533,#541,#549,#558,#566,#575)
  );
#498 = ORIENTED_EDGE('',*,*,#499,.T.);
#499 = EDGE_CURVE('',#500,#502,#504,.T.);
#500 = VERTEX_POINT('',#501);
#501 = CARTESIAN_POINT('',(-38.146476,38.337732,1.585));
#502 = VERTEX_POINT('',#503);
#503 = CARTESIAN_POINT('',(-38.13715,38.432432,1.585));
#504 = CIRCLE('',#505,7.499917215961E-02);
#505 = AXIS2_PLACEMENT_3D('',#506,#507,#508);
#506 = CARTESIAN_POINT('',(-38.0841170196,38.379400133968,1.585));
#507 = DIRECTION('',(0.,0.,-1.));
#508 = DIRECTION('',(-0.83146224954,-0.555581252014,-0.));
#509 = ORIENTED_EDGE('',*,*,#510,.T.);
#510 = EDGE_CURVE('',#502,#511,#513,.T.);
#511 = VERTEX_POINT('',#512);
#512 = CARTESIAN_POINT('',(-38.078164,38.489381,1.585));
#513 = LINE('',#514,#515);
#514 = CARTESIAN_POINT('',(-38.13715,38.432432,1.585));
#515 = VECTOR('',#516,1.);
#516 = DIRECTION('',(0.719419743783,0.694575577065,0.));
#517 = ORIENTED_EDGE('',*,*,#518,.T.);
#518 = EDGE_CURVE('',#511,#519,#521,.T.);
#519 = VERTEX_POINT('',#520);
#520 = CARTESIAN_POINT('',(-38.051129,38.500579,1.585));
#521 = LINE('',#522,#523);
#522 = CARTESIAN_POINT('',(-38.078164,38.489381,1.585));
#523 = VECTOR('',#524,1.);
#524 = DIRECTION('',(0.923882718053,0.382675741696,0.));
#525 = ORIENTED_EDGE('',*,*,#526,.T.);
#526 = EDGE_CURVE('',#519,#527,#529,.T.);
#527 = VERTEX_POINT('',#528);
#528 = CARTESIAN_POINT('',(-38.013126,38.496959,1.585));
#529 = LINE('',#530,#531);
#530 = CARTESIAN_POINT('',(-38.051129,38.500579,1.585));
#531 = VECTOR('',#532,1.);
#532 = DIRECTION('',(0.99549382421,-9.482639906442E-02,0.));
#533 = ORIENTED_EDGE('',*,*,#534,.T.);
#534 = EDGE_CURVE('',#527,#535,#537,.T.);
#535 = VERTEX_POINT('',#536);
#536 = CARTESIAN_POINT('',(-37.983463,38.480052,1.585));
#537 = LINE('',#538,#539);
#538 = CARTESIAN_POINT('',(-38.013126,38.496959,1.585));
#539 = VECTOR('',#540,1.);
#540 = DIRECTION('',(0.868788736496,-0.495182927146,0.));
#541 = ORIENTED_EDGE('',*,*,#542,.T.);
#542 = EDGE_CURVE('',#535,#543,#545,.T.);
#543 = VERTEX_POINT('',#544);
#544 = CARTESIAN_POINT('',(-37.926517,38.421067,1.585));
#545 = LINE('',#546,#547);
#546 = CARTESIAN_POINT('',(-37.983463,38.480052,1.585));
#547 = VECTOR('',#548,1.);
#548 = DIRECTION('',(0.694562733618,-0.719432143478,0.));
#549 = ORIENTED_EDGE('',*,*,#550,.T.);
#550 = EDGE_CURVE('',#543,#551,#553,.T.);
#551 = VERTEX_POINT('',#552);
#552 = CARTESIAN_POINT('',(-37.935845,38.326367,1.585));
#553 = CIRCLE('',#554,7.500097510412E-02);
#554 = AXIS2_PLACEMENT_3D('',#555,#556,#557);
#555 = CARTESIAN_POINT('',(-37.98887910261,38.379400293571,1.585));
#556 = DIRECTION('',(0.,0.,-1.));
#557 = DIRECTION('',(0.831483891018,0.555548862818,0.));
#558 = ORIENTED_EDGE('',*,*,#559,.T.);
#559 = EDGE_CURVE('',#551,#560,#562,.T.);
#560 = VERTEX_POINT('',#561);
#561 = CARTESIAN_POINT('',(-37.994829,38.269421,1.585));
#562 = LINE('',#563,#564);
#563 = CARTESIAN_POINT('',(-37.935845,38.326367,1.585));
#564 = VECTOR('',#565,1.);
#565 = DIRECTION('',(-0.71942625942,-0.694568828308,0.));
#566 = ORIENTED_EDGE('',*,*,#567,.T.);
#567 = EDGE_CURVE('',#560,#568,#570,.T.);
#568 = VERTEX_POINT('',#569);
#569 = CARTESIAN_POINT('',(-38.08953,38.278748,1.585));
#570 = CIRCLE('',#571,7.499999203864E-02);
#571 = AXIS2_PLACEMENT_3D('',#572,#573,#574);
#572 = CARTESIAN_POINT('',(-38.03649703,38.331781035928,1.585));
#573 = DIRECTION('',(-0.,0.,-1.));
#574 = DIRECTION('',(0.555573792431,-0.831467233969,-0.));
#575 = ORIENTED_EDGE('',*,*,#576,.T.);
#576 = EDGE_CURVE('',#568,#500,#577,.T.);
#577 = LINE('',#578,#579);
#578 = CARTESIAN_POINT('',(-38.08953,38.278748,1.585));
#579 = VECTOR('',#580,1.);
#580 = DIRECTION('',(-0.694568828308,0.71942625942,0.));
#581 = PLANE('',#582);
#582 = AXIS2_PLACEMENT_3D('',#583,#584,#585);
#583 = CARTESIAN_POINT('',(0.,0.,1.585));
#584 = DIRECTION('',(0.,0.,1.));
#585 = DIRECTION('',(1.,0.,-0.));
#586 = ( GEOMETRIC_REPRESENTATION_CONTEXT(3) 
GLOBAL_UNCERTAINTY_ASSIGNED_CONTEXT((#590)) GLOBAL_UNIT_ASSIGNED_CONTEXT
((#587,#588,#589)) REPRESENTATION_CONTEXT('Context #1',
  '3D Context with UNIT and UNCERTAINTY') );
#587 = ( LENGTH_UNIT() NAMED_UNIT(*) SI_UNIT(.MILLI.,.METRE.) );
#588 = ( NAMED_UNIT(*) PLANE_ANGLE_UNIT() SI_UNIT($,.RADIAN.) );
#589 = ( NAMED_UNIT(*) SI_UNIT($,.STERADIAN.) SOLID_ANGLE_UNIT() );
#590 = UNCERTAINTY_MEASURE_WITH_UNIT(LENGTH_MEASURE(1.E-07),#587,
  'distance_accuracy_value','confusion accuracy');
#591 = CONTEXT_DEPENDENT_SHAPE_REPRESENTATION(#592,#594);
#592 = ( REPRESENTATION_RELATIONSHIP('','',#36,#10) 
REPRESENTATION_RELATIONSHIP_WITH_TRANSFORMATION(#593) 
SHAPE_REPRESENTATION_RELATIONSHIP() );
#593 = ITEM_DEFINED_TRANSFORMATION('','',#11,#15);
#594 = PRODUCT_DEFINITION_SHAPE('Placement','Placement of an item',#595
  );
#595 = NEXT_ASSEMBLY_USAGE_OCCURRENCE('1','=>[0:1:1:2]','',#5,#31,$);
#596 = PRODUCT_RELATED_PRODUCT_CATEGORY('part',$,(#33));
#597 = SHAPE_DEFINITION_REPRESENTATION(#598,#604);
#598 = PRODUCT_DEFINITION_SHAPE('','',#599);
#599 = PRODUCT_DEFINITION('design','',#600,#603);
#600 = PRODUCT_DEFINITION_FORMATION('','',#601);
#601 = PRODUCT('Braccio_PCB','Braccio_PCB','',(#602));
#602 = PRODUCT_CONTEXT('',#2,'mechanical');
#603 = PRODUCT_DEFINITION_CONTEXT('part definition',#2,'design');
#604 = ADVANCED_BREP_SHAPE_REPRESENTATION('',(#11,#605),#3386);
#605 = MANIFOLD_SOLID_BREP('',#606);
#606 = CLOSED_SHELL('',(#607,#649,#680,#711,#742,#773,#804,#835,#866,
    #897,#928,#959,#990,#1021,#1052,#1083,#1114,#1145,#1176,#1207,#1238,
    #1269,#1300,#1331,#1362,#1393,#1426,#1459,#1490,#1521,#1552,#1583,
    #1614,#1645,#1676,#1707,#1738,#1769,#1800,#1831,#1862,#1893,#1924,
    #1955,#1986,#2017,#2048,#2079,#2110,#2141,#2172,#2203,#2234,#2265,
    #2296,#2327,#2358,#2389,#2420,#2451,#2482,#2513,#2544,#2575,#2606,
    #2637,#2668,#2699,#2730,#2761,#2792,#2823,#2854,#2885,#2916,#2947,
    #2978,#3009,#3040,#3071,#3093,#3126,#3159,#3192,#3289));
#607 = ADVANCED_FACE('',(#608),#644,.T.);
#608 = FACE_BOUND('',#609,.T.);
#609 = EDGE_LOOP('',(#610,#620,#629,#637));
#610 = ORIENTED_EDGE('',*,*,#611,.T.);
#611 = EDGE_CURVE('',#612,#614,#616,.T.);
#612 = VERTEX_POINT('',#613);
#613 = CARTESIAN_POINT('',(-47.0154,65.152,0.));
#614 = VERTEX_POINT('',#615);
#615 = CARTESIAN_POINT('',(-47.0154,65.152,1.51));
#616 = LINE('',#617,#618);
#617 = CARTESIAN_POINT('',(-47.0154,65.152,0.));
#618 = VECTOR('',#619,1.);
#619 = DIRECTION('',(0.,0.,1.));
#620 = ORIENTED_EDGE('',*,*,#621,.T.);
#621 = EDGE_CURVE('',#614,#622,#624,.T.);
#622 = VERTEX_POINT('',#623);
#623 = CARTESIAN_POINT('',(-31.8262,65.152,1.51));
#624 = CIRCLE('',#625,7.5946);
#625 = AXIS2_PLACEMENT_3D('',#626,#627,#628);
#626 = CARTESIAN_POINT('',(-39.4208,65.152,1.51));
#627 = DIRECTION('',(0.,0.,-1.));
#628 = DIRECTION('',(-1.,1.87117882643E-15,0.));
#629 = ORIENTED_EDGE('',*,*,#630,.F.);
#630 = EDGE_CURVE('',#631,#622,#633,.T.);
#631 = VERTEX_POINT('',#632);
#632 = CARTESIAN_POINT('',(-31.8262,65.152,0.));
#633 = LINE('',#634,#635);
#634 = CARTESIAN_POINT('',(-31.8262,65.152,0.));
#635 = VECTOR('',#636,1.);
#636 = DIRECTION('',(0.,0.,1.));
#637 = ORIENTED_EDGE('',*,*,#638,.F.);
#638 = EDGE_CURVE('',#612,#631,#639,.T.);
#639 = CIRCLE('',#640,7.5946);
#640 = AXIS2_PLACEMENT_3D('',#641,#642,#643);
#641 = CARTESIAN_POINT('',(-39.4208,65.152,0.));
#642 = DIRECTION('',(0.,0.,-1.));
#643 = DIRECTION('',(-1.,1.87117882643E-15,0.));
#644 = CYLINDRICAL_SURFACE('',#645,7.5946);
#645 = AXIS2_PLACEMENT_3D('',#646,#647,#648);
#646 = CARTESIAN_POINT('',(-39.4208,65.152,0.));
#647 = DIRECTION('',(0.,0.,-1.));
#648 = DIRECTION('',(-1.,1.87117882643E-15,0.));
#649 = ADVANCED_FACE('',(#650),#675,.T.);
#650 = FACE_BOUND('',#651,.T.);
#651 = EDGE_LOOP('',(#652,#653,#661,#669));
#652 = ORIENTED_EDGE('',*,*,#630,.T.);
#653 = ORIENTED_EDGE('',*,*,#654,.T.);
#654 = EDGE_CURVE('',#622,#655,#657,.T.);
#655 = VERTEX_POINT('',#656);
#656 = CARTESIAN_POINT('',(-31.798904,36.469333,1.51));
#657 = LINE('',#658,#659);
#658 = CARTESIAN_POINT('',(-31.8262,65.152,1.51));
#659 = VECTOR('',#660,1.);
#660 = DIRECTION('',(9.516544483028E-04,-0.999999547177,0.));
#661 = ORIENTED_EDGE('',*,*,#662,.F.);
#662 = EDGE_CURVE('',#663,#655,#665,.T.);
#663 = VERTEX_POINT('',#664);
#664 = CARTESIAN_POINT('',(-31.798904,36.469333,0.));
#665 = LINE('',#666,#667);
#666 = CARTESIAN_POINT('',(-31.798904,36.469333,0.));
#667 = VECTOR('',#668,1.);
#668 = DIRECTION('',(0.,0.,1.));
#669 = ORIENTED_EDGE('',*,*,#670,.F.);
#670 = EDGE_CURVE('',#631,#663,#671,.T.);
#671 = LINE('',#672,#673);
#672 = CARTESIAN_POINT('',(-31.8262,65.152,0.));
#673 = VECTOR('',#674,1.);
#674 = DIRECTION('',(9.516544483028E-04,-0.999999547177,0.));
#675 = PLANE('',#676);
#676 = AXIS2_PLACEMENT_3D('',#677,#678,#679);
#677 = CARTESIAN_POINT('',(-31.8262,65.152,0.));
#678 = DIRECTION('',(0.999999547177,9.516544483028E-04,-0.));
#679 = DIRECTION('',(9.516544483028E-04,-0.999999547177,0.));
#680 = ADVANCED_FACE('',(#681),#706,.T.);
#681 = FACE_BOUND('',#682,.T.);
#682 = EDGE_LOOP('',(#683,#684,#692,#700));
#683 = ORIENTED_EDGE('',*,*,#662,.T.);
#684 = ORIENTED_EDGE('',*,*,#685,.T.);
#685 = EDGE_CURVE('',#655,#686,#688,.T.);
#686 = VERTEX_POINT('',#687);
#687 = CARTESIAN_POINT('',(-31.779265,35.865265,1.51));
#688 = LINE('',#689,#690);
#689 = CARTESIAN_POINT('',(-31.798904,36.469333,1.51));
#690 = VECTOR('',#691,1.);
#691 = DIRECTION('',(3.249407218732E-02,-0.999471928206,0.));
#692 = ORIENTED_EDGE('',*,*,#693,.F.);
#693 = EDGE_CURVE('',#694,#686,#696,.T.);
#694 = VERTEX_POINT('',#695);
#695 = CARTESIAN_POINT('',(-31.779265,35.865265,0.));
#696 = LINE('',#697,#698);
#697 = CARTESIAN_POINT('',(-31.779265,35.865265,0.));
#698 = VECTOR('',#699,1.);
#699 = DIRECTION('',(0.,0.,1.));
#700 = ORIENTED_EDGE('',*,*,#701,.F.);
#701 = EDGE_CURVE('',#663,#694,#702,.T.);
#702 = LINE('',#703,#704);
#703 = CARTESIAN_POINT('',(-31.798904,36.469333,0.));
#704 = VECTOR('',#705,1.);
#705 = DIRECTION('',(3.249407218732E-02,-0.999471928206,0.));
#706 = PLANE('',#707);
#707 = AXIS2_PLACEMENT_3D('',#708,#709,#710);
#708 = CARTESIAN_POINT('',(-31.798904,36.469333,0.));
#709 = DIRECTION('',(0.999471928206,3.249407218732E-02,-0.));
#710 = DIRECTION('',(3.249407218732E-02,-0.999471928206,0.));
#711 = ADVANCED_FACE('',(#712),#737,.T.);
#712 = FACE_BOUND('',#713,.T.);
#713 = EDGE_LOOP('',(#714,#715,#723,#731));
#714 = ORIENTED_EDGE('',*,*,#693,.T.);
#715 = ORIENTED_EDGE('',*,*,#716,.T.);
#716 = EDGE_CURVE('',#686,#717,#719,.T.);
#717 = VERTEX_POINT('',#718);
#718 = CARTESIAN_POINT('',(-31.720434,35.263903,1.51));
#719 = LINE('',#720,#721);
#720 = CARTESIAN_POINT('',(-31.779265,35.865265,1.51));
#721 = VECTOR('',#722,1.);
#722 = DIRECTION('',(9.736478185607E-02,-0.995248762498,0.));
#723 = ORIENTED_EDGE('',*,*,#724,.F.);
#724 = EDGE_CURVE('',#725,#717,#727,.T.);
#725 = VERTEX_POINT('',#726);
#726 = CARTESIAN_POINT('',(-31.720434,35.263903,0.));
#727 = LINE('',#728,#729);
#728 = CARTESIAN_POINT('',(-31.720434,35.263903,0.));
#729 = VECTOR('',#730,1.);
#730 = DIRECTION('',(0.,0.,1.));
#731 = ORIENTED_EDGE('',*,*,#732,.F.);
#732 = EDGE_CURVE('',#694,#725,#733,.T.);
#733 = LINE('',#734,#735);
#734 = CARTESIAN_POINT('',(-31.779265,35.865265,0.));
#735 = VECTOR('',#736,1.);
#736 = DIRECTION('',(9.736478185607E-02,-0.995248762498,0.));
#737 = PLANE('',#738);
#738 = AXIS2_PLACEMENT_3D('',#739,#740,#741);
#739 = CARTESIAN_POINT('',(-31.779265,35.865265,0.));
#740 = DIRECTION('',(0.995248762498,9.736478185607E-02,-0.));
#741 = DIRECTION('',(9.736478185607E-02,-0.995248762498,0.));
#742 = ADVANCED_FACE('',(#743),#768,.T.);
#743 = FACE_BOUND('',#744,.T.);
#744 = EDGE_LOOP('',(#745,#746,#754,#762));
#745 = ORIENTED_EDGE('',*,*,#724,.T.);
#746 = ORIENTED_EDGE('',*,*,#747,.T.);
#747 = EDGE_CURVE('',#717,#748,#750,.T.);
#748 = VERTEX_POINT('',#749);
#749 = CARTESIAN_POINT('',(-31.622333,34.664341,1.51));
#750 = LINE('',#751,#752);
#751 = CARTESIAN_POINT('',(-31.720434,35.263903,1.51));
#752 = VECTOR('',#753,1.);
#753 = DIRECTION('',(0.161473907277,-0.986876981831,0.));
#754 = ORIENTED_EDGE('',*,*,#755,.F.);
#755 = EDGE_CURVE('',#756,#748,#758,.T.);
#756 = VERTEX_POINT('',#757);
#757 = CARTESIAN_POINT('',(-31.622333,34.664341,0.));
#758 = LINE('',#759,#760);
#759 = CARTESIAN_POINT('',(-31.622333,34.664341,0.));
#760 = VECTOR('',#761,1.);
#761 = DIRECTION('',(0.,0.,1.));
#762 = ORIENTED_EDGE('',*,*,#763,.F.);
#763 = EDGE_CURVE('',#725,#756,#764,.T.);
#764 = LINE('',#765,#766);
#765 = CARTESIAN_POINT('',(-31.720434,35.263903,0.));
#766 = VECTOR('',#767,1.);
#767 = DIRECTION('',(0.161473907277,-0.986876981831,0.));
#768 = PLANE('',#769);
#769 = AXIS2_PLACEMENT_3D('',#770,#771,#772);
#770 = CARTESIAN_POINT('',(-31.720434,35.263903,0.));
#771 = DIRECTION('',(0.986876981831,0.161473907277,-0.));
#772 = DIRECTION('',(0.161473907277,-0.986876981831,0.));
#773 = ADVANCED_FACE('',(#774),#799,.T.);
#774 = FACE_BOUND('',#775,.T.);
#775 = EDGE_LOOP('',(#776,#777,#785,#793));
#776 = ORIENTED_EDGE('',*,*,#755,.T.);
#777 = ORIENTED_EDGE('',*,*,#778,.T.);
#778 = EDGE_CURVE('',#748,#779,#781,.T.);
#779 = VERTEX_POINT('',#780);
#780 = CARTESIAN_POINT('',(-31.484614,34.065745,1.51));
#781 = LINE('',#782,#783);
#782 = CARTESIAN_POINT('',(-31.622333,34.664341,1.51));
#783 = VECTOR('',#784,1.);
#784 = DIRECTION('',(0.224212511098,-0.974540276165,0.));
#785 = ORIENTED_EDGE('',*,*,#786,.F.);
#786 = EDGE_CURVE('',#787,#779,#789,.T.);
#787 = VERTEX_POINT('',#788);
#788 = CARTESIAN_POINT('',(-31.484614,34.065745,0.));
#789 = LINE('',#790,#791);
#790 = CARTESIAN_POINT('',(-31.484614,34.065745,0.));
#791 = VECTOR('',#792,1.);
#792 = DIRECTION('',(0.,0.,1.));
#793 = ORIENTED_EDGE('',*,*,#794,.F.);
#794 = EDGE_CURVE('',#756,#787,#795,.T.);
#795 = LINE('',#796,#797);
#796 = CARTESIAN_POINT('',(-31.622333,34.664341,0.));
#797 = VECTOR('',#798,1.);
#798 = DIRECTION('',(0.224212511098,-0.974540276165,0.));
#799 = PLANE('',#800);
#800 = AXIS2_PLACEMENT_3D('',#801,#802,#803);
#801 = CARTESIAN_POINT('',(-31.622333,34.664341,0.));
#802 = DIRECTION('',(0.974540276165,0.224212511098,-0.));
#803 = DIRECTION('',(0.224212511098,-0.974540276165,0.));
#804 = ADVANCED_FACE('',(#805),#830,.T.);
#805 = FACE_BOUND('',#806,.T.);
#806 = EDGE_LOOP('',(#807,#808,#816,#824));
#807 = ORIENTED_EDGE('',*,*,#786,.T.);
#808 = ORIENTED_EDGE('',*,*,#809,.T.);
#809 = EDGE_CURVE('',#779,#810,#812,.T.);
#810 = VERTEX_POINT('',#811);
#811 = CARTESIAN_POINT('',(-31.306683,33.467376,1.51));
#812 = LINE('',#813,#814);
#813 = CARTESIAN_POINT('',(-31.484614,34.065745,1.51));
#814 = VECTOR('',#815,1.);
#815 = DIRECTION('',(0.285025480056,-0.958519940178,0.));
#816 = ORIENTED_EDGE('',*,*,#817,.F.);
#817 = EDGE_CURVE('',#818,#810,#820,.T.);
#818 = VERTEX_POINT('',#819);
#819 = CARTESIAN_POINT('',(-31.306683,33.467376,0.));
#820 = LINE('',#821,#822);
#821 = CARTESIAN_POINT('',(-31.306683,33.467376,0.));
#822 = VECTOR('',#823,1.);
#823 = DIRECTION('',(0.,0.,1.));
#824 = ORIENTED_EDGE('',*,*,#825,.F.);
#825 = EDGE_CURVE('',#787,#818,#826,.T.);
#826 = LINE('',#827,#828);
#827 = CARTESIAN_POINT('',(-31.484614,34.065745,0.));
#828 = VECTOR('',#829,1.);
#829 = DIRECTION('',(0.285025480056,-0.958519940178,0.));
#830 = PLANE('',#831);
#831 = AXIS2_PLACEMENT_3D('',#832,#833,#834);
#832 = CARTESIAN_POINT('',(-31.484614,34.065745,0.));
#833 = DIRECTION('',(0.958519940178,0.285025480056,-0.));
#834 = DIRECTION('',(0.285025480056,-0.958519940178,0.));
#835 = ADVANCED_FACE('',(#836),#861,.T.);
#836 = FACE_BOUND('',#837,.T.);
#837 = EDGE_LOOP('',(#838,#839,#847,#855));
#838 = ORIENTED_EDGE('',*,*,#817,.T.);
#839 = ORIENTED_EDGE('',*,*,#840,.T.);
#840 = EDGE_CURVE('',#810,#841,#843,.T.);
#841 = VERTEX_POINT('',#842);
#842 = CARTESIAN_POINT('',(-31.087725,32.868616,1.51));
#843 = LINE('',#844,#845);
#844 = CARTESIAN_POINT('',(-31.306683,33.467376,1.51));
#845 = VECTOR('',#846,1.);
#846 = DIRECTION('',(0.343442448322,-0.939173724446,0.));
#847 = ORIENTED_EDGE('',*,*,#848,.F.);
#848 = EDGE_CURVE('',#849,#841,#851,.T.);
#849 = VERTEX_POINT('',#850);
#850 = CARTESIAN_POINT('',(-31.087725,32.868616,0.));
#851 = LINE('',#852,#853);
#852 = CARTESIAN_POINT('',(-31.087725,32.868616,0.));
#853 = VECTOR('',#854,1.);
#854 = DIRECTION('',(0.,0.,1.));
#855 = ORIENTED_EDGE('',*,*,#856,.F.);
#856 = EDGE_CURVE('',#818,#849,#857,.T.);
#857 = LINE('',#858,#859);
#858 = CARTESIAN_POINT('',(-31.306683,33.467376,0.));
#859 = VECTOR('',#860,1.);
#860 = DIRECTION('',(0.343442448322,-0.939173724446,0.));
#861 = PLANE('',#862);
#862 = AXIS2_PLACEMENT_3D('',#863,#864,#865);
#863 = CARTESIAN_POINT('',(-31.306683,33.467376,0.));
#864 = DIRECTION('',(0.939173724446,0.343442448322,-0.));
#865 = DIRECTION('',(0.343442448322,-0.939173724446,0.));
#866 = ADVANCED_FACE('',(#867),#892,.T.);
#867 = FACE_BOUND('',#868,.T.);
#868 = EDGE_LOOP('',(#869,#870,#878,#886));
#869 = ORIENTED_EDGE('',*,*,#848,.T.);
#870 = ORIENTED_EDGE('',*,*,#871,.T.);
#871 = EDGE_CURVE('',#841,#872,#874,.T.);
#872 = VERTEX_POINT('',#873);
#873 = CARTESIAN_POINT('',(-30.826737,32.268993,1.51));
#874 = LINE('',#875,#876);
#875 = CARTESIAN_POINT('',(-31.087725,32.868616,1.51));
#876 = VECTOR('',#877,1.);
#877 = DIRECTION('',(0.399089190738,-0.916912110203,0.));
#878 = ORIENTED_EDGE('',*,*,#879,.F.);
#879 = EDGE_CURVE('',#880,#872,#882,.T.);
#880 = VERTEX_POINT('',#881);
#881 = CARTESIAN_POINT('',(-30.826737,32.268993,0.));
#882 = LINE('',#883,#884);
#883 = CARTESIAN_POINT('',(-30.826737,32.268993,0.));
#884 = VECTOR('',#885,1.);
#885 = DIRECTION('',(0.,0.,1.));
#886 = ORIENTED_EDGE('',*,*,#887,.F.);
#887 = EDGE_CURVE('',#849,#880,#888,.T.);
#888 = LINE('',#889,#890);
#889 = CARTESIAN_POINT('',(-31.087725,32.868616,0.));
#890 = VECTOR('',#891,1.);
#891 = DIRECTION('',(0.399089190738,-0.916912110203,0.));
#892 = PLANE('',#893);
#893 = AXIS2_PLACEMENT_3D('',#894,#895,#896);
#894 = CARTESIAN_POINT('',(-31.087725,32.868616,0.));
#895 = DIRECTION('',(0.916912110203,0.399089190738,-0.));
#896 = DIRECTION('',(0.399089190738,-0.916912110203,0.));
#897 = ADVANCED_FACE('',(#898),#923,.T.);
#898 = FACE_BOUND('',#899,.T.);
#899 = EDGE_LOOP('',(#900,#901,#909,#917));
#900 = ORIENTED_EDGE('',*,*,#879,.T.);
#901 = ORIENTED_EDGE('',*,*,#902,.T.);
#902 = EDGE_CURVE('',#872,#903,#905,.T.);
#903 = VERTEX_POINT('',#904);
#904 = CARTESIAN_POINT('',(-30.522571,31.668213,1.51));
#905 = LINE('',#906,#907);
#906 = CARTESIAN_POINT('',(-30.826737,32.268993,1.51));
#907 = VECTOR('',#908,1.);
#908 = DIRECTION('',(0.451693932392,-0.892172960496,0.));
#909 = ORIENTED_EDGE('',*,*,#910,.F.);
#910 = EDGE_CURVE('',#911,#903,#913,.T.);
#911 = VERTEX_POINT('',#912);
#912 = CARTESIAN_POINT('',(-30.522571,31.668213,0.));
#913 = LINE('',#914,#915);
#914 = CARTESIAN_POINT('',(-30.522571,31.668213,0.));
#915 = VECTOR('',#916,1.);
#916 = DIRECTION('',(0.,0.,1.));
#917 = ORIENTED_EDGE('',*,*,#918,.F.);
#918 = EDGE_CURVE('',#880,#911,#919,.T.);
#919 = LINE('',#920,#921);
#920 = CARTESIAN_POINT('',(-30.826737,32.268993,0.));
#921 = VECTOR('',#922,1.);
#922 = DIRECTION('',(0.451693932392,-0.892172960496,0.));
#923 = PLANE('',#924);
#924 = AXIS2_PLACEMENT_3D('',#925,#926,#927);
#925 = CARTESIAN_POINT('',(-30.826737,32.268993,0.));
#926 = DIRECTION('',(0.892172960496,0.451693932392,-0.));
#927 = DIRECTION('',(0.451693932392,-0.892172960496,0.));
#928 = ADVANCED_FACE('',(#929),#954,.T.);
#929 = FACE_BOUND('',#930,.T.);
#930 = EDGE_LOOP('',(#931,#932,#940,#948));
#931 = ORIENTED_EDGE('',*,*,#910,.T.);
#932 = ORIENTED_EDGE('',*,*,#933,.T.);
#933 = EDGE_CURVE('',#903,#934,#936,.T.);
#934 = VERTEX_POINT('',#935);
#935 = CARTESIAN_POINT('',(-30.173995,31.06619,1.51));
#936 = LINE('',#937,#938);
#937 = CARTESIAN_POINT('',(-30.522571,31.668213,1.51));
#938 = VECTOR('',#939,1.);
#939 = DIRECTION('',(0.5010754253,-0.865403615754,0.));
#940 = ORIENTED_EDGE('',*,*,#941,.F.);
#941 = EDGE_CURVE('',#942,#934,#944,.T.);
#942 = VERTEX_POINT('',#943);
#943 = CARTESIAN_POINT('',(-30.173995,31.06619,0.));
#944 = LINE('',#945,#946);
#945 = CARTESIAN_POINT('',(-30.173995,31.06619,0.));
#946 = VECTOR('',#947,1.);
#947 = DIRECTION('',(0.,0.,1.));
#948 = ORIENTED_EDGE('',*,*,#949,.F.);
#949 = EDGE_CURVE('',#911,#942,#950,.T.);
#950 = LINE('',#951,#952);
#951 = CARTESIAN_POINT('',(-30.522571,31.668213,0.));
#952 = VECTOR('',#953,1.);
#953 = DIRECTION('',(0.5010754253,-0.865403615754,0.));
#954 = PLANE('',#955);
#955 = AXIS2_PLACEMENT_3D('',#956,#957,#958);
#956 = CARTESIAN_POINT('',(-30.522571,31.668213,0.));
#957 = DIRECTION('',(0.865403615754,0.5010754253,-0.));
#958 = DIRECTION('',(0.5010754253,-0.865403615754,0.));
#959 = ADVANCED_FACE('',(#960),#985,.T.);
#960 = FACE_BOUND('',#961,.T.);
#961 = EDGE_LOOP('',(#962,#963,#971,#979));
#962 = ORIENTED_EDGE('',*,*,#941,.T.);
#963 = ORIENTED_EDGE('',*,*,#964,.T.);
#964 = EDGE_CURVE('',#934,#965,#967,.T.);
#965 = VERTEX_POINT('',#966);
#966 = CARTESIAN_POINT('',(-29.779759,30.463083,1.51));
#967 = LINE('',#968,#969);
#968 = CARTESIAN_POINT('',(-30.173995,31.06619,1.51));
#969 = VECTOR('',#970,1.);
#970 = DIRECTION('',(0.547149032458,-0.837035206117,0.));
#971 = ORIENTED_EDGE('',*,*,#972,.F.);
#972 = EDGE_CURVE('',#973,#965,#975,.T.);
#973 = VERTEX_POINT('',#974);
#974 = CARTESIAN_POINT('',(-29.779759,30.463083,0.));
#975 = LINE('',#976,#977);
#976 = CARTESIAN_POINT('',(-29.779759,30.463083,0.));
#977 = VECTOR('',#978,1.);
#978 = DIRECTION('',(0.,0.,1.));
#979 = ORIENTED_EDGE('',*,*,#980,.F.);
#980 = EDGE_CURVE('',#942,#973,#981,.T.);
#981 = LINE('',#982,#983);
#982 = CARTESIAN_POINT('',(-30.173995,31.06619,0.));
#983 = VECTOR('',#984,1.);
#984 = DIRECTION('',(0.547149032458,-0.837035206117,0.));
#985 = PLANE('',#986);
#986 = AXIS2_PLACEMENT_3D('',#987,#988,#989);
#987 = CARTESIAN_POINT('',(-30.173995,31.06619,0.));
#988 = DIRECTION('',(0.837035206117,0.547149032458,-0.));
#989 = DIRECTION('',(0.547149032458,-0.837035206117,0.));
#990 = ADVANCED_FACE('',(#991),#1016,.T.);
#991 = FACE_BOUND('',#992,.T.);
#992 = EDGE_LOOP('',(#993,#994,#1002,#1010));
#993 = ORIENTED_EDGE('',*,*,#972,.T.);
#994 = ORIENTED_EDGE('',*,*,#995,.T.);
#995 = EDGE_CURVE('',#965,#996,#998,.T.);
#996 = VERTEX_POINT('',#997);
#997 = CARTESIAN_POINT('',(-29.33869,29.859355,1.51));
#998 = LINE('',#999,#1000);
#999 = CARTESIAN_POINT('',(-29.779759,30.463083,1.51));
#1000 = VECTOR('',#1001,1.);
#1001 = DIRECTION('',(0.589914710248,-0.807465562506,0.));
#1002 = ORIENTED_EDGE('',*,*,#1003,.F.);
#1003 = EDGE_CURVE('',#1004,#996,#1006,.T.);
#1004 = VERTEX_POINT('',#1005);
#1005 = CARTESIAN_POINT('',(-29.33869,29.859355,0.));
#1006 = LINE('',#1007,#1008);
#1007 = CARTESIAN_POINT('',(-29.33869,29.859355,0.));
#1008 = VECTOR('',#1009,1.);
#1009 = DIRECTION('',(0.,0.,1.));
#1010 = ORIENTED_EDGE('',*,*,#1011,.F.);
#1011 = EDGE_CURVE('',#973,#1004,#1012,.T.);
#1012 = LINE('',#1013,#1014);
#1013 = CARTESIAN_POINT('',(-29.779759,30.463083,0.));
#1014 = VECTOR('',#1015,1.);
#1015 = DIRECTION('',(0.589914710248,-0.807465562506,0.));
#1016 = PLANE('',#1017);
#1017 = AXIS2_PLACEMENT_3D('',#1018,#1019,#1020);
#1018 = CARTESIAN_POINT('',(-29.779759,30.463083,0.));
#1019 = DIRECTION('',(0.807465562506,0.589914710248,-0.));
#1020 = DIRECTION('',(0.589914710248,-0.807465562506,0.));
#1021 = ADVANCED_FACE('',(#1022),#1047,.T.);
#1022 = FACE_BOUND('',#1023,.T.);
#1023 = EDGE_LOOP('',(#1024,#1025,#1033,#1041));
#1024 = ORIENTED_EDGE('',*,*,#1003,.T.);
#1025 = ORIENTED_EDGE('',*,*,#1026,.T.);
#1026 = EDGE_CURVE('',#996,#1027,#1029,.T.);
#1027 = VERTEX_POINT('',#1028);
#1028 = CARTESIAN_POINT('',(-28.84982,29.25583,1.51));
#1029 = LINE('',#1030,#1031);
#1030 = CARTESIAN_POINT('',(-29.33869,29.859355,1.51));
#1031 = VECTOR('',#1032,1.);
#1032 = DIRECTION('',(0.629433208816,-0.777054589871,0.));
#1033 = ORIENTED_EDGE('',*,*,#1034,.F.);
#1034 = EDGE_CURVE('',#1035,#1027,#1037,.T.);
#1035 = VERTEX_POINT('',#1036);
#1036 = CARTESIAN_POINT('',(-28.84982,29.25583,0.));
#1037 = LINE('',#1038,#1039);
#1038 = CARTESIAN_POINT('',(-28.84982,29.25583,0.));
#1039 = VECTOR('',#1040,1.);
#1040 = DIRECTION('',(0.,0.,1.));
#1041 = ORIENTED_EDGE('',*,*,#1042,.F.);
#1042 = EDGE_CURVE('',#1004,#1035,#1043,.T.);
#1043 = LINE('',#1044,#1045);
#1044 = CARTESIAN_POINT('',(-29.33869,29.859355,0.));
#1045 = VECTOR('',#1046,1.);
#1046 = DIRECTION('',(0.629433208816,-0.777054589871,0.));
#1047 = PLANE('',#1048);
#1048 = AXIS2_PLACEMENT_3D('',#1049,#1050,#1051);
#1049 = CARTESIAN_POINT('',(-29.33869,29.859355,0.));
#1050 = DIRECTION('',(0.777054589871,0.629433208816,-0.));
#1051 = DIRECTION('',(0.629433208816,-0.777054589871,0.));
#1052 = ADVANCED_FACE('',(#1053),#1078,.T.);
#1053 = FACE_BOUND('',#1054,.T.);
#1054 = EDGE_LOOP('',(#1055,#1056,#1064,#1072));
#1055 = ORIENTED_EDGE('',*,*,#1034,.T.);
#1056 = ORIENTED_EDGE('',*,*,#1057,.T.);
#1057 = EDGE_CURVE('',#1027,#1058,#1060,.T.);
#1058 = VERTEX_POINT('',#1059);
#1059 = CARTESIAN_POINT('',(-28.312563,28.653788,1.51));
#1060 = LINE('',#1061,#1062);
#1061 = CARTESIAN_POINT('',(-28.84982,29.25583,1.51));
#1062 = VECTOR('',#1063,1.);
#1063 = DIRECTION('',(0.665822321206,-0.746110338076,0.));
#1064 = ORIENTED_EDGE('',*,*,#1065,.F.);
#1065 = EDGE_CURVE('',#1066,#1058,#1068,.T.);
#1066 = VERTEX_POINT('',#1067);
#1067 = CARTESIAN_POINT('',(-28.312563,28.653788,0.));
#1068 = LINE('',#1069,#1070);
#1069 = CARTESIAN_POINT('',(-28.312563,28.653788,0.));
#1070 = VECTOR('',#1071,1.);
#1071 = DIRECTION('',(0.,0.,1.));
#1072 = ORIENTED_EDGE('',*,*,#1073,.F.);
#1073 = EDGE_CURVE('',#1035,#1066,#1074,.T.);
#1074 = LINE('',#1075,#1076);
#1075 = CARTESIAN_POINT('',(-28.84982,29.25583,0.));
#1076 = VECTOR('',#1077,1.);
#1077 = DIRECTION('',(0.665822321206,-0.746110338076,0.));
#1078 = PLANE('',#1079);
#1079 = AXIS2_PLACEMENT_3D('',#1080,#1081,#1082);
#1080 = CARTESIAN_POINT('',(-28.84982,29.25583,0.));
#1081 = DIRECTION('',(0.746110338076,0.665822321206,-0.));
#1082 = DIRECTION('',(0.665822321206,-0.746110338076,0.));
#1083 = ADVANCED_FACE('',(#1084),#1109,.T.);
#1084 = FACE_BOUND('',#1085,.T.);
#1085 = EDGE_LOOP('',(#1086,#1087,#1095,#1103));
#1086 = ORIENTED_EDGE('',*,*,#1065,.T.);
#1087 = ORIENTED_EDGE('',*,*,#1088,.T.);
#1088 = EDGE_CURVE('',#1058,#1089,#1091,.T.);
#1089 = VERTEX_POINT('',#1090);
#1090 = CARTESIAN_POINT('',(-27.726966,28.055102,1.51));
#1091 = LINE('',#1092,#1093);
#1092 = CARTESIAN_POINT('',(-28.312563,28.653788,1.51));
#1093 = VECTOR('',#1094,1.);
#1094 = DIRECTION('',(0.699248949202,-0.714878246305,0.));
#1095 = ORIENTED_EDGE('',*,*,#1096,.F.);
#1096 = EDGE_CURVE('',#1097,#1089,#1099,.T.);
#1097 = VERTEX_POINT('',#1098);
#1098 = CARTESIAN_POINT('',(-27.726966,28.055102,0.));
#1099 = LINE('',#1100,#1101);
#1100 = CARTESIAN_POINT('',(-27.726966,28.055102,0.));
#1101 = VECTOR('',#1102,1.);
#1102 = DIRECTION('',(0.,0.,1.));
#1103 = ORIENTED_EDGE('',*,*,#1104,.F.);
#1104 = EDGE_CURVE('',#1066,#1097,#1105,.T.);
#1105 = LINE('',#1106,#1107);
#1106 = CARTESIAN_POINT('',(-28.312563,28.653788,0.));
#1107 = VECTOR('',#1108,1.);
#1108 = DIRECTION('',(0.699248949202,-0.714878246305,0.));
#1109 = PLANE('',#1110);
#1110 = AXIS2_PLACEMENT_3D('',#1111,#1112,#1113);
#1111 = CARTESIAN_POINT('',(-28.312563,28.653788,0.));
#1112 = DIRECTION('',(0.714878246305,0.699248949202,-0.));
#1113 = DIRECTION('',(0.699248949202,-0.714878246305,0.));
#1114 = ADVANCED_FACE('',(#1115),#1140,.T.);
#1115 = FACE_BOUND('',#1116,.T.);
#1116 = EDGE_LOOP('',(#1117,#1118,#1126,#1134));
#1117 = ORIENTED_EDGE('',*,*,#1096,.T.);
#1118 = ORIENTED_EDGE('',*,*,#1119,.T.);
#1119 = EDGE_CURVE('',#1089,#1120,#1122,.T.);
#1120 = VERTEX_POINT('',#1121);
#1121 = CARTESIAN_POINT('',(-27.094111,27.462429,1.51));
#1122 = LINE('',#1123,#1124);
#1123 = CARTESIAN_POINT('',(-27.726966,28.055102,1.51));
#1124 = VECTOR('',#1125,1.);
#1125 = DIRECTION('',(0.729898822575,-0.683555198066,0.));
#1126 = ORIENTED_EDGE('',*,*,#1127,.F.);
#1127 = EDGE_CURVE('',#1128,#1120,#1130,.T.);
#1128 = VERTEX_POINT('',#1129);
#1129 = CARTESIAN_POINT('',(-27.094111,27.462429,0.));
#1130 = LINE('',#1131,#1132);
#1131 = CARTESIAN_POINT('',(-27.094111,27.462429,0.));
#1132 = VECTOR('',#1133,1.);
#1133 = DIRECTION('',(0.,0.,1.));
#1134 = ORIENTED_EDGE('',*,*,#1135,.F.);
#1135 = EDGE_CURVE('',#1097,#1128,#1136,.T.);
#1136 = LINE('',#1137,#1138);
#1137 = CARTESIAN_POINT('',(-27.726966,28.055102,0.));
#1138 = VECTOR('',#1139,1.);
#1139 = DIRECTION('',(0.729898822575,-0.683555198066,0.));
#1140 = PLANE('',#1141);
#1141 = AXIS2_PLACEMENT_3D('',#1142,#1143,#1144);
#1142 = CARTESIAN_POINT('',(-27.726966,28.055102,0.));
#1143 = DIRECTION('',(0.683555198066,0.729898822575,-0.));
#1144 = DIRECTION('',(0.729898822575,-0.683555198066,0.));
#1145 = ADVANCED_FACE('',(#1146),#1171,.T.);
#1146 = FACE_BOUND('',#1147,.T.);
#1147 = EDGE_LOOP('',(#1148,#1149,#1157,#1165));
#1148 = ORIENTED_EDGE('',*,*,#1127,.T.);
#1149 = ORIENTED_EDGE('',*,*,#1150,.T.);
#1150 = EDGE_CURVE('',#1120,#1151,#1153,.T.);
#1151 = VERTEX_POINT('',#1152);
#1152 = CARTESIAN_POINT('',(-26.416732,26.879542,1.51));
#1153 = LINE('',#1154,#1155);
#1154 = CARTESIAN_POINT('',(-27.094111,27.462429,1.51));
#1155 = VECTOR('',#1156,1.);
#1156 = DIRECTION('',(0.757996489159,-0.652258631543,0.));
#1157 = ORIENTED_EDGE('',*,*,#1158,.F.);
#1158 = EDGE_CURVE('',#1159,#1151,#1161,.T.);
#1159 = VERTEX_POINT('',#1160);
#1160 = CARTESIAN_POINT('',(-26.416732,26.879542,0.));
#1161 = LINE('',#1162,#1163);
#1162 = CARTESIAN_POINT('',(-26.416732,26.879542,0.));
#1163 = VECTOR('',#1164,1.);
#1164 = DIRECTION('',(0.,0.,1.));
#1165 = ORIENTED_EDGE('',*,*,#1166,.F.);
#1166 = EDGE_CURVE('',#1128,#1159,#1167,.T.);
#1167 = LINE('',#1168,#1169);
#1168 = CARTESIAN_POINT('',(-27.094111,27.462429,0.));
#1169 = VECTOR('',#1170,1.);
#1170 = DIRECTION('',(0.757996489159,-0.652258631543,0.));
#1171 = PLANE('',#1172);
#1172 = AXIS2_PLACEMENT_3D('',#1173,#1174,#1175);
#1173 = CARTESIAN_POINT('',(-27.094111,27.462429,0.));
#1174 = DIRECTION('',(0.652258631543,0.757996489159,-0.));
#1175 = DIRECTION('',(0.757996489159,-0.652258631543,0.));
#1176 = ADVANCED_FACE('',(#1177),#1202,.T.);
#1177 = FACE_BOUND('',#1178,.T.);
#1178 = EDGE_LOOP('',(#1179,#1180,#1188,#1196));
#1179 = ORIENTED_EDGE('',*,*,#1158,.T.);
#1180 = ORIENTED_EDGE('',*,*,#1181,.T.);
#1181 = EDGE_CURVE('',#1151,#1182,#1184,.T.);
#1182 = VERTEX_POINT('',#1183);
#1183 = CARTESIAN_POINT('',(-25.700305,26.311861,1.51));
#1184 = LINE('',#1185,#1186);
#1185 = CARTESIAN_POINT('',(-26.416732,26.879542,1.51));
#1186 = VECTOR('',#1187,1.);
#1187 = DIRECTION('',(0.783774421238,-0.621045615566,0.));
#1188 = ORIENTED_EDGE('',*,*,#1189,.F.);
#1189 = EDGE_CURVE('',#1190,#1182,#1192,.T.);
#1190 = VERTEX_POINT('',#1191);
#1191 = CARTESIAN_POINT('',(-25.700305,26.311861,0.));
#1192 = LINE('',#1193,#1194);
#1193 = CARTESIAN_POINT('',(-25.700305,26.311861,0.));
#1194 = VECTOR('',#1195,1.);
#1195 = DIRECTION('',(0.,0.,1.));
#1196 = ORIENTED_EDGE('',*,*,#1197,.F.);
#1197 = EDGE_CURVE('',#1159,#1190,#1198,.T.);
#1198 = LINE('',#1199,#1200);
#1199 = CARTESIAN_POINT('',(-26.416732,26.879542,0.));
#1200 = VECTOR('',#1201,1.);
#1201 = DIRECTION('',(0.783774421238,-0.621045615566,0.));
#1202 = PLANE('',#1203);
#1203 = AXIS2_PLACEMENT_3D('',#1204,#1205,#1206);
#1204 = CARTESIAN_POINT('',(-26.416732,26.879542,0.));
#1205 = DIRECTION('',(0.621045615566,0.783774421238,-0.));
#1206 = DIRECTION('',(0.783774421238,-0.621045615566,0.));
#1207 = ADVANCED_FACE('',(#1208),#1233,.T.);
#1208 = FACE_BOUND('',#1209,.T.);
#1209 = EDGE_LOOP('',(#1210,#1211,#1219,#1227));
#1210 = ORIENTED_EDGE('',*,*,#1189,.T.);
#1211 = ORIENTED_EDGE('',*,*,#1212,.T.);
#1212 = EDGE_CURVE('',#1182,#1213,#1215,.T.);
#1213 = VERTEX_POINT('',#1214);
#1214 = CARTESIAN_POINT('',(-24.955073,25.767468,1.51));
#1215 = LINE('',#1216,#1217);
#1216 = CARTESIAN_POINT('',(-25.700305,26.311861,1.51));
#1217 = VECTOR('',#1218,1.);
#1218 = DIRECTION('',(0.807494146207,-0.589875583357,0.));
#1219 = ORIENTED_EDGE('',*,*,#1220,.F.);
#1220 = EDGE_CURVE('',#1221,#1213,#1223,.T.);
#1221 = VERTEX_POINT('',#1222);
#1222 = CARTESIAN_POINT('',(-24.955073,25.767468,0.));
#1223 = LINE('',#1224,#1225);
#1224 = CARTESIAN_POINT('',(-24.955073,25.767468,0.));
#1225 = VECTOR('',#1226,1.);
#1226 = DIRECTION('',(0.,0.,1.));
#1227 = ORIENTED_EDGE('',*,*,#1228,.F.);
#1228 = EDGE_CURVE('',#1190,#1221,#1229,.T.);
#1229 = LINE('',#1230,#1231);
#1230 = CARTESIAN_POINT('',(-25.700305,26.311861,0.));
#1231 = VECTOR('',#1232,1.);
#1232 = DIRECTION('',(0.807494146207,-0.589875583357,0.));
#1233 = PLANE('',#1234);
#1234 = AXIS2_PLACEMENT_3D('',#1235,#1236,#1237);
#1235 = CARTESIAN_POINT('',(-25.700305,26.311861,0.));
#1236 = DIRECTION('',(0.589875583357,0.807494146207,-0.));
#1237 = DIRECTION('',(0.807494146207,-0.589875583357,0.));
#1238 = ADVANCED_FACE('',(#1239),#1264,.T.);
#1239 = FACE_BOUND('',#1240,.T.);
#1240 = EDGE_LOOP('',(#1241,#1242,#1250,#1258));
#1241 = ORIENTED_EDGE('',*,*,#1220,.T.);
#1242 = ORIENTED_EDGE('',*,*,#1243,.T.);
#1243 = EDGE_CURVE('',#1213,#1244,#1246,.T.);
#1244 = VERTEX_POINT('',#1245);
#1245 = CARTESIAN_POINT('',(-24.200328,25.259184,1.51));
#1246 = LINE('',#1247,#1248);
#1247 = CARTESIAN_POINT('',(-24.955073,25.767468,1.51));
#1248 = VECTOR('',#1249,1.);
#1249 = DIRECTION('',(0.829443878907,-0.558590056968,0.));
#1250 = ORIENTED_EDGE('',*,*,#1251,.F.);
#1251 = EDGE_CURVE('',#1252,#1244,#1254,.T.);
#1252 = VERTEX_POINT('',#1253);
#1253 = CARTESIAN_POINT('',(-24.200328,25.259184,0.));
#1254 = LINE('',#1255,#1256);
#1255 = CARTESIAN_POINT('',(-24.200328,25.259184,0.));
#1256 = VECTOR('',#1257,1.);
#1257 = DIRECTION('',(0.,0.,1.));
#1258 = ORIENTED_EDGE('',*,*,#1259,.F.);
#1259 = EDGE_CURVE('',#1221,#1252,#1260,.T.);
#1260 = LINE('',#1261,#1262);
#1261 = CARTESIAN_POINT('',(-24.955073,25.767468,0.));
#1262 = VECTOR('',#1263,1.);
#1263 = DIRECTION('',(0.829443878907,-0.558590056968,0.));
#1264 = PLANE('',#1265);
#1265 = AXIS2_PLACEMENT_3D('',#1266,#1267,#1268);
#1266 = CARTESIAN_POINT('',(-24.955073,25.767468,0.));
#1267 = DIRECTION('',(0.558590056968,0.829443878907,-0.));
#1268 = DIRECTION('',(0.829443878907,-0.558590056968,0.));
#1269 = ADVANCED_FACE('',(#1270),#1295,.T.);
#1270 = FACE_BOUND('',#1271,.T.);
#1271 = EDGE_LOOP('',(#1272,#1273,#1281,#1289));
#1272 = ORIENTED_EDGE('',*,*,#1251,.T.);
#1273 = ORIENTED_EDGE('',*,*,#1274,.T.);
#1274 = EDGE_CURVE('',#1244,#1275,#1277,.T.);
#1275 = VERTEX_POINT('',#1276);
#1276 = CARTESIAN_POINT('',(-23.475254,24.809757,1.51));
#1277 = LINE('',#1278,#1279);
#1278 = CARTESIAN_POINT('',(-24.200328,25.259184,1.51));
#1279 = VECTOR('',#1280,1.);
#1280 = DIRECTION('',(0.84996509625,-0.526839003071,0.));
#1281 = ORIENTED_EDGE('',*,*,#1282,.F.);
#1282 = EDGE_CURVE('',#1283,#1275,#1285,.T.);
#1283 = VERTEX_POINT('',#1284);
#1284 = CARTESIAN_POINT('',(-23.475254,24.809757,0.));
#1285 = LINE('',#1286,#1287);
#1286 = CARTESIAN_POINT('',(-23.475254,24.809757,0.));
#1287 = VECTOR('',#1288,1.);
#1288 = DIRECTION('',(0.,0.,1.));
#1289 = ORIENTED_EDGE('',*,*,#1290,.F.);
#1290 = EDGE_CURVE('',#1252,#1283,#1291,.T.);
#1291 = LINE('',#1292,#1293);
#1292 = CARTESIAN_POINT('',(-24.200328,25.259184,0.));
#1293 = VECTOR('',#1294,1.);
#1294 = DIRECTION('',(0.84996509625,-0.526839003071,0.));
#1295 = PLANE('',#1296);
#1296 = AXIS2_PLACEMENT_3D('',#1297,#1298,#1299);
#1297 = CARTESIAN_POINT('',(-24.200328,25.259184,0.));
#1298 = DIRECTION('',(0.526839003071,0.84996509625,-0.));
#1299 = DIRECTION('',(0.84996509625,-0.526839003071,0.));
#1300 = ADVANCED_FACE('',(#1301),#1326,.T.);
#1301 = FACE_BOUND('',#1302,.T.);
#1302 = EDGE_LOOP('',(#1303,#1304,#1312,#1320));
#1303 = ORIENTED_EDGE('',*,*,#1282,.T.);
#1304 = ORIENTED_EDGE('',*,*,#1305,.T.);
#1305 = EDGE_CURVE('',#1275,#1306,#1308,.T.);
#1306 = VERTEX_POINT('',#1307);
#1307 = CARTESIAN_POINT('',(-22.876384,24.469422,1.51));
#1308 = LINE('',#1309,#1310);
#1309 = CARTESIAN_POINT('',(-23.475254,24.809757,1.51));
#1310 = VECTOR('',#1311,1.);
#1311 = DIRECTION('',(0.869414180554,-0.4940839834,0.));
#1312 = ORIENTED_EDGE('',*,*,#1313,.F.);
#1313 = EDGE_CURVE('',#1314,#1306,#1316,.T.);
#1314 = VERTEX_POINT('',#1315);
#1315 = CARTESIAN_POINT('',(-22.876384,24.469422,0.));
#1316 = LINE('',#1317,#1318);
#1317 = CARTESIAN_POINT('',(-22.876384,24.469422,0.));
#1318 = VECTOR('',#1319,1.);
#1319 = DIRECTION('',(0.,0.,1.));
#1320 = ORIENTED_EDGE('',*,*,#1321,.F.);
#1321 = EDGE_CURVE('',#1283,#1314,#1322,.T.);
#1322 = LINE('',#1323,#1324);
#1323 = CARTESIAN_POINT('',(-23.475254,24.809757,0.));
#1324 = VECTOR('',#1325,1.);
#1325 = DIRECTION('',(0.869414180554,-0.4940839834,0.));
#1326 = PLANE('',#1327);
#1327 = AXIS2_PLACEMENT_3D('',#1328,#1329,#1330);
#1328 = CARTESIAN_POINT('',(-23.475254,24.809757,0.));
#1329 = DIRECTION('',(0.4940839834,0.869414180554,-0.));
#1330 = DIRECTION('',(0.869414180554,-0.4940839834,0.));
#1331 = ADVANCED_FACE('',(#1332),#1357,.T.);
#1332 = FACE_BOUND('',#1333,.T.);
#1333 = EDGE_LOOP('',(#1334,#1335,#1343,#1351));
#1334 = ORIENTED_EDGE('',*,*,#1313,.T.);
#1335 = ORIENTED_EDGE('',*,*,#1336,.T.);
#1336 = EDGE_CURVE('',#1306,#1337,#1339,.T.);
#1337 = VERTEX_POINT('',#1338);
#1338 = CARTESIAN_POINT('',(-22.701336,24.377215,1.51));
#1339 = LINE('',#1340,#1341);
#1340 = CARTESIAN_POINT('',(-22.876384,24.469422,1.51));
#1341 = VECTOR('',#1342,1.);
#1342 = DIRECTION('',(0.884758864497,-0.466049087214,0.));
#1343 = ORIENTED_EDGE('',*,*,#1344,.F.);
#1344 = EDGE_CURVE('',#1345,#1337,#1347,.T.);
#1345 = VERTEX_POINT('',#1346);
#1346 = CARTESIAN_POINT('',(-22.701336,24.377215,0.));
#1347 = LINE('',#1348,#1349);
#1348 = CARTESIAN_POINT('',(-22.701336,24.377215,0.));
#1349 = VECTOR('',#1350,1.);
#1350 = DIRECTION('',(0.,0.,1.));
#1351 = ORIENTED_EDGE('',*,*,#1352,.F.);
#1352 = EDGE_CURVE('',#1314,#1345,#1353,.T.);
#1353 = LINE('',#1354,#1355);
#1354 = CARTESIAN_POINT('',(-22.876384,24.469422,0.));
#1355 = VECTOR('',#1356,1.);
#1356 = DIRECTION('',(0.884758864497,-0.466049087214,0.));
#1357 = PLANE('',#1358);
#1358 = AXIS2_PLACEMENT_3D('',#1359,#1360,#1361);
#1359 = CARTESIAN_POINT('',(-22.876384,24.469422,0.));
#1360 = DIRECTION('',(0.466049087214,0.884758864497,-0.));
#1361 = DIRECTION('',(0.884758864497,-0.466049087214,0.));
#1362 = ADVANCED_FACE('',(#1363),#1388,.T.);
#1363 = FACE_BOUND('',#1364,.T.);
#1364 = EDGE_LOOP('',(#1365,#1366,#1374,#1382));
#1365 = ORIENTED_EDGE('',*,*,#1344,.T.);
#1366 = ORIENTED_EDGE('',*,*,#1367,.T.);
#1367 = EDGE_CURVE('',#1337,#1368,#1370,.T.);
#1368 = VERTEX_POINT('',#1369);
#1369 = CARTESIAN_POINT('',(31.185071,0.14951,1.51));
#1370 = LINE('',#1371,#1372);
#1371 = CARTESIAN_POINT('',(-22.701336,24.377215,1.51));
#1372 = VECTOR('',#1373,1.);
#1373 = DIRECTION('',(0.912055596218,-0.410066567043,0.));
#1374 = ORIENTED_EDGE('',*,*,#1375,.F.);
#1375 = EDGE_CURVE('',#1376,#1368,#1378,.T.);
#1376 = VERTEX_POINT('',#1377);
#1377 = CARTESIAN_POINT('',(31.185071,0.14951,0.));
#1378 = LINE('',#1379,#1380);
#1379 = CARTESIAN_POINT('',(31.185071,0.14951,0.));
#1380 = VECTOR('',#1381,1.);
#1381 = DIRECTION('',(0.,0.,1.));
#1382 = ORIENTED_EDGE('',*,*,#1383,.F.);
#1383 = EDGE_CURVE('',#1345,#1376,#1384,.T.);
#1384 = LINE('',#1385,#1386);
#1385 = CARTESIAN_POINT('',(-22.701336,24.377215,0.));
#1386 = VECTOR('',#1387,1.);
#1387 = DIRECTION('',(0.912055596218,-0.410066567043,0.));
#1388 = PLANE('',#1389);
#1389 = AXIS2_PLACEMENT_3D('',#1390,#1391,#1392);
#1390 = CARTESIAN_POINT('',(-22.701336,24.377215,0.));
#1391 = DIRECTION('',(0.410066567043,0.912055596218,-0.));
#1392 = DIRECTION('',(0.912055596218,-0.410066567043,0.));
#1393 = ADVANCED_FACE('',(#1394),#1421,.F.);
#1394 = FACE_BOUND('',#1395,.T.);
#1395 = EDGE_LOOP('',(#1396,#1397,#1406,#1414));
#1396 = ORIENTED_EDGE('',*,*,#1375,.T.);
#1397 = ORIENTED_EDGE('',*,*,#1398,.T.);
#1398 = EDGE_CURVE('',#1368,#1399,#1401,.T.);
#1399 = VERTEX_POINT('',#1400);
#1400 = CARTESIAN_POINT('',(34.933053,1.336583,1.51));
#1401 = CIRCLE('',#1402,2.96122440082);
#1402 = AXIS2_PLACEMENT_3D('',#1403,#1404,#1405);
#1403 = CARTESIAN_POINT('',(32.390365744783,2.854341700904,1.51));
#1404 = DIRECTION('',(0.,0.,1.));
#1405 = DIRECTION('',(-0.407025804748,-0.913416659728,0.));
#1406 = ORIENTED_EDGE('',*,*,#1407,.F.);
#1407 = EDGE_CURVE('',#1408,#1399,#1410,.T.);
#1408 = VERTEX_POINT('',#1409);
#1409 = CARTESIAN_POINT('',(34.933053,1.336583,0.));
#1410 = LINE('',#1411,#1412);
#1411 = CARTESIAN_POINT('',(34.933053,1.336583,0.));
#1412 = VECTOR('',#1413,1.);
#1413 = DIRECTION('',(0.,0.,1.));
#1414 = ORIENTED_EDGE('',*,*,#1415,.F.);
#1415 = EDGE_CURVE('',#1376,#1408,#1416,.T.);
#1416 = CIRCLE('',#1417,2.96122440082);
#1417 = AXIS2_PLACEMENT_3D('',#1418,#1419,#1420);
#1418 = CARTESIAN_POINT('',(32.390365744783,2.854341700904,0.));
#1419 = DIRECTION('',(0.,0.,1.));
#1420 = DIRECTION('',(-0.407025804748,-0.913416659728,0.));
#1421 = CYLINDRICAL_SURFACE('',#1422,2.96122440082);
#1422 = AXIS2_PLACEMENT_3D('',#1423,#1424,#1425);
#1423 = CARTESIAN_POINT('',(32.390365744783,2.854341700904,0.));
#1424 = DIRECTION('',(-0.,-0.,-1.));
#1425 = DIRECTION('',(-0.407025804748,-0.913416659728,0.));
#1426 = ADVANCED_FACE('',(#1427),#1454,.T.);
#1427 = FACE_BOUND('',#1428,.T.);
#1428 = EDGE_LOOP('',(#1429,#1430,#1439,#1447));
#1429 = ORIENTED_EDGE('',*,*,#1407,.T.);
#1430 = ORIENTED_EDGE('',*,*,#1431,.T.);
#1431 = EDGE_CURVE('',#1399,#1432,#1434,.T.);
#1432 = VERTEX_POINT('',#1433);
#1433 = CARTESIAN_POINT('',(41.122584,-5.8928,1.51));
#1434 = CIRCLE('',#1435,5.006183516323);
#1435 = AXIS2_PLACEMENT_3D('',#1436,#1437,#1438);
#1436 = CARTESIAN_POINT('',(39.209102621425,-1.266736618144,1.51));
#1437 = DIRECTION('',(0.,0.,-1.));
#1438 = DIRECTION('',(-0.854153589752,0.520020812193,-0.));
#1439 = ORIENTED_EDGE('',*,*,#1440,.F.);
#1440 = EDGE_CURVE('',#1441,#1432,#1443,.T.);
#1441 = VERTEX_POINT('',#1442);
#1442 = CARTESIAN_POINT('',(41.122584,-5.8928,0.));
#1443 = LINE('',#1444,#1445);
#1444 = CARTESIAN_POINT('',(41.122584,-5.8928,0.));
#1445 = VECTOR('',#1446,1.);
#1446 = DIRECTION('',(0.,0.,1.));
#1447 = ORIENTED_EDGE('',*,*,#1448,.F.);
#1448 = EDGE_CURVE('',#1408,#1441,#1449,.T.);
#1449 = CIRCLE('',#1450,5.006183516323);
#1450 = AXIS2_PLACEMENT_3D('',#1451,#1452,#1453);
#1451 = CARTESIAN_POINT('',(39.209102621425,-1.266736618144,0.));
#1452 = DIRECTION('',(0.,0.,-1.));
#1453 = DIRECTION('',(-0.854153589752,0.520020812193,-0.));
#1454 = CYLINDRICAL_SURFACE('',#1455,5.006183516323);
#1455 = AXIS2_PLACEMENT_3D('',#1456,#1457,#1458);
#1456 = CARTESIAN_POINT('',(39.209102621425,-1.266736618144,0.));
#1457 = DIRECTION('',(0.,0.,-1.));
#1458 = DIRECTION('',(-0.854153589752,0.520020812193,-0.));
#1459 = ADVANCED_FACE('',(#1460),#1485,.T.);
#1460 = FACE_BOUND('',#1461,.T.);
#1461 = EDGE_LOOP('',(#1462,#1463,#1471,#1479));
#1462 = ORIENTED_EDGE('',*,*,#1440,.T.);
#1463 = ORIENTED_EDGE('',*,*,#1464,.T.);
#1464 = EDGE_CURVE('',#1432,#1465,#1467,.T.);
#1465 = VERTEX_POINT('',#1466);
#1466 = CARTESIAN_POINT('',(41.059299,-5.941874,1.51));
#1467 = LINE('',#1468,#1469);
#1468 = CARTESIAN_POINT('',(41.122584,-5.8928,1.51));
#1469 = VECTOR('',#1470,1.);
#1470 = DIRECTION('',(-0.790244976044,-0.612791055612,0.));
#1471 = ORIENTED_EDGE('',*,*,#1472,.F.);
#1472 = EDGE_CURVE('',#1473,#1465,#1475,.T.);
#1473 = VERTEX_POINT('',#1474);
#1474 = CARTESIAN_POINT('',(41.059299,-5.941874,0.));
#1475 = LINE('',#1476,#1477);
#1476 = CARTESIAN_POINT('',(41.059299,-5.941874,0.));
#1477 = VECTOR('',#1478,1.);
#1478 = DIRECTION('',(0.,0.,1.));
#1479 = ORIENTED_EDGE('',*,*,#1480,.F.);
#1480 = EDGE_CURVE('',#1441,#1473,#1481,.T.);
#1481 = LINE('',#1482,#1483);
#1482 = CARTESIAN_POINT('',(41.122584,-5.8928,0.));
#1483 = VECTOR('',#1484,1.);
#1484 = DIRECTION('',(-0.790244976044,-0.612791055612,0.));
#1485 = PLANE('',#1486);
#1486 = AXIS2_PLACEMENT_3D('',#1487,#1488,#1489);
#1487 = CARTESIAN_POINT('',(41.122584,-5.8928,0.));
#1488 = DIRECTION('',(0.612791055612,-0.790244976044,0.));
#1489 = DIRECTION('',(-0.790244976044,-0.612791055612,0.));
#1490 = ADVANCED_FACE('',(#1491),#1516,.T.);
#1491 = FACE_BOUND('',#1492,.T.);
#1492 = EDGE_LOOP('',(#1493,#1494,#1502,#1510));
#1493 = ORIENTED_EDGE('',*,*,#1472,.T.);
#1494 = ORIENTED_EDGE('',*,*,#1495,.T.);
#1495 = EDGE_CURVE('',#1465,#1496,#1498,.T.);
#1496 = VERTEX_POINT('',#1497);
#1497 = CARTESIAN_POINT('',(40.724829,-6.174824,1.51));
#1498 = LINE('',#1499,#1500);
#1499 = CARTESIAN_POINT('',(41.059299,-5.941874,1.51));
#1500 = VECTOR('',#1501,1.);
#1501 = DIRECTION('',(-0.82058854026,-0.571519420138,0.));
#1502 = ORIENTED_EDGE('',*,*,#1503,.F.);
#1503 = EDGE_CURVE('',#1504,#1496,#1506,.T.);
#1504 = VERTEX_POINT('',#1505);
#1505 = CARTESIAN_POINT('',(40.724829,-6.174824,0.));
#1506 = LINE('',#1507,#1508);
#1507 = CARTESIAN_POINT('',(40.724829,-6.174824,0.));
#1508 = VECTOR('',#1509,1.);
#1509 = DIRECTION('',(0.,0.,1.));
#1510 = ORIENTED_EDGE('',*,*,#1511,.F.);
#1511 = EDGE_CURVE('',#1473,#1504,#1512,.T.);
#1512 = LINE('',#1513,#1514);
#1513 = CARTESIAN_POINT('',(41.059299,-5.941874,0.));
#1514 = VECTOR('',#1515,1.);
#1515 = DIRECTION('',(-0.82058854026,-0.571519420138,0.));
#1516 = PLANE('',#1517);
#1517 = AXIS2_PLACEMENT_3D('',#1518,#1519,#1520);
#1518 = CARTESIAN_POINT('',(41.059299,-5.941874,0.));
#1519 = DIRECTION('',(0.571519420138,-0.82058854026,0.));
#1520 = DIRECTION('',(-0.82058854026,-0.571519420138,0.));
#1521 = ADVANCED_FACE('',(#1522),#1547,.T.);
#1522 = FACE_BOUND('',#1523,.T.);
#1523 = EDGE_LOOP('',(#1524,#1525,#1533,#1541));
#1524 = ORIENTED_EDGE('',*,*,#1503,.T.);
#1525 = ORIENTED_EDGE('',*,*,#1526,.T.);
#1526 = EDGE_CURVE('',#1496,#1527,#1529,.T.);
#1527 = VERTEX_POINT('',#1528);
#1528 = CARTESIAN_POINT('',(40.247223,-6.466521,1.51));
#1529 = LINE('',#1530,#1531);
#1530 = CARTESIAN_POINT('',(40.724829,-6.174824,1.51));
#1531 = VECTOR('',#1532,1.);
#1532 = DIRECTION('',(-0.853419613657,-0.521224484292,0.));
#1533 = ORIENTED_EDGE('',*,*,#1534,.F.);
#1534 = EDGE_CURVE('',#1535,#1527,#1537,.T.);
#1535 = VERTEX_POINT('',#1536);
#1536 = CARTESIAN_POINT('',(40.247223,-6.466521,0.));
#1537 = LINE('',#1538,#1539);
#1538 = CARTESIAN_POINT('',(40.247223,-6.466521,0.));
#1539 = VECTOR('',#1540,1.);
#1540 = DIRECTION('',(0.,0.,1.));
#1541 = ORIENTED_EDGE('',*,*,#1542,.F.);
#1542 = EDGE_CURVE('',#1504,#1535,#1543,.T.);
#1543 = LINE('',#1544,#1545);
#1544 = CARTESIAN_POINT('',(40.724829,-6.174824,0.));
#1545 = VECTOR('',#1546,1.);
#1546 = DIRECTION('',(-0.853419613657,-0.521224484292,0.));
#1547 = PLANE('',#1548);
#1548 = AXIS2_PLACEMENT_3D('',#1549,#1550,#1551);
#1549 = CARTESIAN_POINT('',(40.724829,-6.174824,0.));
#1550 = DIRECTION('',(0.521224484292,-0.853419613657,0.));
#1551 = DIRECTION('',(-0.853419613657,-0.521224484292,0.));
#1552 = ADVANCED_FACE('',(#1553),#1578,.T.);
#1553 = FACE_BOUND('',#1554,.T.);
#1554 = EDGE_LOOP('',(#1555,#1556,#1564,#1572));
#1555 = ORIENTED_EDGE('',*,*,#1534,.T.);
#1556 = ORIENTED_EDGE('',*,*,#1557,.T.);
#1557 = EDGE_CURVE('',#1527,#1558,#1560,.T.);
#1558 = VERTEX_POINT('',#1559);
#1559 = CARTESIAN_POINT('',(39.681822,-6.769784,1.51));
#1560 = LINE('',#1561,#1562);
#1561 = CARTESIAN_POINT('',(40.247223,-6.466521,1.51));
#1562 = VECTOR('',#1563,1.);
#1563 = DIRECTION('',(-0.881240063579,-0.472668964861,0.));
#1564 = ORIENTED_EDGE('',*,*,#1565,.F.);
#1565 = EDGE_CURVE('',#1566,#1558,#1568,.T.);
#1566 = VERTEX_POINT('',#1567);
#1567 = CARTESIAN_POINT('',(39.681822,-6.769784,0.));
#1568 = LINE('',#1569,#1570);
#1569 = CARTESIAN_POINT('',(39.681822,-6.769784,0.));
#1570 = VECTOR('',#1571,1.);
#1571 = DIRECTION('',(0.,0.,1.));
#1572 = ORIENTED_EDGE('',*,*,#1573,.F.);
#1573 = EDGE_CURVE('',#1535,#1566,#1574,.T.);
#1574 = LINE('',#1575,#1576);
#1575 = CARTESIAN_POINT('',(40.247223,-6.466521,0.));
#1576 = VECTOR('',#1577,1.);
#1577 = DIRECTION('',(-0.881240063579,-0.472668964861,0.));
#1578 = PLANE('',#1579);
#1579 = AXIS2_PLACEMENT_3D('',#1580,#1581,#1582);
#1580 = CARTESIAN_POINT('',(40.247223,-6.466521,0.));
#1581 = DIRECTION('',(0.472668964861,-0.881240063579,0.));
#1582 = DIRECTION('',(-0.881240063579,-0.472668964861,0.));
#1583 = ADVANCED_FACE('',(#1584),#1609,.T.);
#1584 = FACE_BOUND('',#1585,.T.);
#1585 = EDGE_LOOP('',(#1586,#1587,#1595,#1603));
#1586 = ORIENTED_EDGE('',*,*,#1565,.T.);
#1587 = ORIENTED_EDGE('',*,*,#1588,.T.);
#1588 = EDGE_CURVE('',#1558,#1589,#1591,.T.);
#1589 = VERTEX_POINT('',#1590);
#1590 = CARTESIAN_POINT('',(39.05275,-7.065358,1.51));
#1591 = LINE('',#1592,#1593);
#1592 = CARTESIAN_POINT('',(39.681822,-6.769784,1.51));
#1593 = VECTOR('',#1594,1.);
#1594 = DIRECTION('',(-0.905073454481,-0.425255266861,0.));
#1595 = ORIENTED_EDGE('',*,*,#1596,.F.);
#1596 = EDGE_CURVE('',#1597,#1589,#1599,.T.);
#1597 = VERTEX_POINT('',#1598);
#1598 = CARTESIAN_POINT('',(39.05275,-7.065358,0.));
#1599 = LINE('',#1600,#1601);
#1600 = CARTESIAN_POINT('',(39.05275,-7.065358,0.));
#1601 = VECTOR('',#1602,1.);
#1602 = DIRECTION('',(0.,0.,1.));
#1603 = ORIENTED_EDGE('',*,*,#1604,.F.);
#1604 = EDGE_CURVE('',#1566,#1597,#1605,.T.);
#1605 = LINE('',#1606,#1607);
#1606 = CARTESIAN_POINT('',(39.681822,-6.769784,0.));
#1607 = VECTOR('',#1608,1.);
#1608 = DIRECTION('',(-0.905073454481,-0.425255266861,0.));
#1609 = PLANE('',#1610);
#1610 = AXIS2_PLACEMENT_3D('',#1611,#1612,#1613);
#1611 = CARTESIAN_POINT('',(39.681822,-6.769784,0.));
#1612 = DIRECTION('',(0.425255266861,-0.905073454481,0.));
#1613 = DIRECTION('',(-0.905073454481,-0.425255266861,0.));
#1614 = ADVANCED_FACE('',(#1615),#1640,.T.);
#1615 = FACE_BOUND('',#1616,.T.);
#1616 = EDGE_LOOP('',(#1617,#1618,#1626,#1634));
#1617 = ORIENTED_EDGE('',*,*,#1596,.T.);
#1618 = ORIENTED_EDGE('',*,*,#1619,.T.);
#1619 = EDGE_CURVE('',#1589,#1620,#1622,.T.);
#1620 = VERTEX_POINT('',#1621);
#1621 = CARTESIAN_POINT('',(38.373404,-7.343155,1.51));
#1622 = LINE('',#1623,#1624);
#1623 = CARTESIAN_POINT('',(39.05275,-7.065358,1.51));
#1624 = VECTOR('',#1625,1.);
#1625 = DIRECTION('',(-0.925602940855,-0.378495965474,0.));
#1626 = ORIENTED_EDGE('',*,*,#1627,.F.);
#1627 = EDGE_CURVE('',#1628,#1620,#1630,.T.);
#1628 = VERTEX_POINT('',#1629);
#1629 = CARTESIAN_POINT('',(38.373404,-7.343155,0.));
#1630 = LINE('',#1631,#1632);
#1631 = CARTESIAN_POINT('',(38.373404,-7.343155,0.));
#1632 = VECTOR('',#1633,1.);
#1633 = DIRECTION('',(0.,0.,1.));
#1634 = ORIENTED_EDGE('',*,*,#1635,.F.);
#1635 = EDGE_CURVE('',#1597,#1628,#1636,.T.);
#1636 = LINE('',#1637,#1638);
#1637 = CARTESIAN_POINT('',(39.05275,-7.065358,0.));
#1638 = VECTOR('',#1639,1.);
#1639 = DIRECTION('',(-0.925602940855,-0.378495965474,0.));
#1640 = PLANE('',#1641);
#1641 = AXIS2_PLACEMENT_3D('',#1642,#1643,#1644);
#1642 = CARTESIAN_POINT('',(39.05275,-7.065358,0.));
#1643 = DIRECTION('',(0.378495965474,-0.925602940855,0.));
#1644 = DIRECTION('',(-0.925602940855,-0.378495965474,0.));
#1645 = ADVANCED_FACE('',(#1646),#1671,.T.);
#1646 = FACE_BOUND('',#1647,.T.);
#1647 = EDGE_LOOP('',(#1648,#1649,#1657,#1665));
#1648 = ORIENTED_EDGE('',*,*,#1627,.T.);
#1649 = ORIENTED_EDGE('',*,*,#1650,.T.);
#1650 = EDGE_CURVE('',#1620,#1651,#1653,.T.);
#1651 = VERTEX_POINT('',#1652);
#1652 = CARTESIAN_POINT('',(37.652176,-7.597139,1.51));
#1653 = LINE('',#1654,#1655);
#1654 = CARTESIAN_POINT('',(38.373404,-7.343155,1.51));
#1655 = VECTOR('',#1656,1.);
#1656 = DIRECTION('',(-0.943222851373,-0.332160582622,0.));
#1657 = ORIENTED_EDGE('',*,*,#1658,.F.);
#1658 = EDGE_CURVE('',#1659,#1651,#1661,.T.);
#1659 = VERTEX_POINT('',#1660);
#1660 = CARTESIAN_POINT('',(37.652176,-7.597139,0.));
#1661 = LINE('',#1662,#1663);
#1662 = CARTESIAN_POINT('',(37.652176,-7.597139,0.));
#1663 = VECTOR('',#1664,1.);
#1664 = DIRECTION('',(0.,0.,1.));
#1665 = ORIENTED_EDGE('',*,*,#1666,.F.);
#1666 = EDGE_CURVE('',#1628,#1659,#1667,.T.);
#1667 = LINE('',#1668,#1669);
#1668 = CARTESIAN_POINT('',(38.373404,-7.343155,0.));
#1669 = VECTOR('',#1670,1.);
#1670 = DIRECTION('',(-0.943222851373,-0.332160582622,0.));
#1671 = PLANE('',#1672);
#1672 = AXIS2_PLACEMENT_3D('',#1673,#1674,#1675);
#1673 = CARTESIAN_POINT('',(38.373404,-7.343155,0.));
#1674 = DIRECTION('',(0.332160582622,-0.943222851373,0.));
#1675 = DIRECTION('',(-0.943222851373,-0.332160582622,0.));
#1676 = ADVANCED_FACE('',(#1677),#1702,.T.);
#1677 = FACE_BOUND('',#1678,.T.);
#1678 = EDGE_LOOP('',(#1679,#1680,#1688,#1696));
#1679 = ORIENTED_EDGE('',*,*,#1658,.T.);
#1680 = ORIENTED_EDGE('',*,*,#1681,.T.);
#1681 = EDGE_CURVE('',#1651,#1682,#1684,.T.);
#1682 = VERTEX_POINT('',#1683);
#1683 = CARTESIAN_POINT('',(36.894708,-7.823367,1.51));
#1684 = LINE('',#1685,#1686);
#1685 = CARTESIAN_POINT('',(37.652176,-7.597139,1.51));
#1686 = VECTOR('',#1687,1.);
#1687 = DIRECTION('',(-0.958178040017,-0.286172751373,0.));
#1688 = ORIENTED_EDGE('',*,*,#1689,.F.);
#1689 = EDGE_CURVE('',#1690,#1682,#1692,.T.);
#1690 = VERTEX_POINT('',#1691);
#1691 = CARTESIAN_POINT('',(36.894708,-7.823367,0.));
#1692 = LINE('',#1693,#1694);
#1693 = CARTESIAN_POINT('',(36.894708,-7.823367,0.));
#1694 = VECTOR('',#1695,1.);
#1695 = DIRECTION('',(0.,0.,1.));
#1696 = ORIENTED_EDGE('',*,*,#1697,.F.);
#1697 = EDGE_CURVE('',#1659,#1690,#1698,.T.);
#1698 = LINE('',#1699,#1700);
#1699 = CARTESIAN_POINT('',(37.652176,-7.597139,0.));
#1700 = VECTOR('',#1701,1.);
#1701 = DIRECTION('',(-0.958178040017,-0.286172751373,0.));
#1702 = PLANE('',#1703);
#1703 = AXIS2_PLACEMENT_3D('',#1704,#1705,#1706);
#1704 = CARTESIAN_POINT('',(37.652176,-7.597139,0.));
#1705 = DIRECTION('',(0.286172751373,-0.958178040017,0.));
#1706 = DIRECTION('',(-0.958178040017,-0.286172751373,0.));
#1707 = ADVANCED_FACE('',(#1708),#1733,.T.);
#1708 = FACE_BOUND('',#1709,.T.);
#1709 = EDGE_LOOP('',(#1710,#1711,#1719,#1727));
#1710 = ORIENTED_EDGE('',*,*,#1689,.T.);
#1711 = ORIENTED_EDGE('',*,*,#1712,.T.);
#1712 = EDGE_CURVE('',#1682,#1713,#1715,.T.);
#1713 = VERTEX_POINT('',#1714);
#1714 = CARTESIAN_POINT('',(36.104956,-8.019073,1.51));
#1715 = LINE('',#1716,#1717);
#1716 = CARTESIAN_POINT('',(36.894708,-7.823367,1.51));
#1717 = VECTOR('',#1718,1.);
#1718 = DIRECTION('',(-0.970641303664,-0.240531618755,0.));
#1719 = ORIENTED_EDGE('',*,*,#1720,.F.);
#1720 = EDGE_CURVE('',#1721,#1713,#1723,.T.);
#1721 = VERTEX_POINT('',#1722);
#1722 = CARTESIAN_POINT('',(36.104956,-8.019073,0.));
#1723 = LINE('',#1724,#1725);
#1724 = CARTESIAN_POINT('',(36.104956,-8.019073,0.));
#1725 = VECTOR('',#1726,1.);
#1726 = DIRECTION('',(0.,0.,1.));
#1727 = ORIENTED_EDGE('',*,*,#1728,.F.);
#1728 = EDGE_CURVE('',#1690,#1721,#1729,.T.);
#1729 = LINE('',#1730,#1731);
#1730 = CARTESIAN_POINT('',(36.894708,-7.823367,0.));
#1731 = VECTOR('',#1732,1.);
#1732 = DIRECTION('',(-0.970641303664,-0.240531618755,0.));
#1733 = PLANE('',#1734);
#1734 = AXIS2_PLACEMENT_3D('',#1735,#1736,#1737);
#1735 = CARTESIAN_POINT('',(36.894708,-7.823367,0.));
#1736 = DIRECTION('',(0.240531618755,-0.970641303664,0.));
#1737 = DIRECTION('',(-0.970641303664,-0.240531618755,0.));
#1738 = ADVANCED_FACE('',(#1739),#1764,.T.);
#1739 = FACE_BOUND('',#1740,.T.);
#1740 = EDGE_LOOP('',(#1741,#1742,#1750,#1758));
#1741 = ORIENTED_EDGE('',*,*,#1720,.T.);
#1742 = ORIENTED_EDGE('',*,*,#1743,.T.);
#1743 = EDGE_CURVE('',#1713,#1744,#1746,.T.);
#1744 = VERTEX_POINT('',#1745);
#1745 = CARTESIAN_POINT('',(35.28577,-8.182195,1.51));
#1746 = LINE('',#1747,#1748);
#1747 = CARTESIAN_POINT('',(36.104956,-8.019073,1.51));
#1748 = VECTOR('',#1749,1.);
#1749 = DIRECTION('',(-0.980744993703,-0.195292747756,0.));
#1750 = ORIENTED_EDGE('',*,*,#1751,.F.);
#1751 = EDGE_CURVE('',#1752,#1744,#1754,.T.);
#1752 = VERTEX_POINT('',#1753);
#1753 = CARTESIAN_POINT('',(35.28577,-8.182195,0.));
#1754 = LINE('',#1755,#1756);
#1755 = CARTESIAN_POINT('',(35.28577,-8.182195,0.));
#1756 = VECTOR('',#1757,1.);
#1757 = DIRECTION('',(0.,0.,1.));
#1758 = ORIENTED_EDGE('',*,*,#1759,.F.);
#1759 = EDGE_CURVE('',#1721,#1752,#1760,.T.);
#1760 = LINE('',#1761,#1762);
#1761 = CARTESIAN_POINT('',(36.104956,-8.019073,0.));
#1762 = VECTOR('',#1763,1.);
#1763 = DIRECTION('',(-0.980744993703,-0.195292747756,0.));
#1764 = PLANE('',#1765);
#1765 = AXIS2_PLACEMENT_3D('',#1766,#1767,#1768);
#1766 = CARTESIAN_POINT('',(36.104956,-8.019073,0.));
#1767 = DIRECTION('',(0.195292747756,-0.980744993703,0.));
#1768 = DIRECTION('',(-0.980744993703,-0.195292747756,0.));
#1769 = ADVANCED_FACE('',(#1770),#1795,.T.);
#1770 = FACE_BOUND('',#1771,.T.);
#1771 = EDGE_LOOP('',(#1772,#1773,#1781,#1789));
#1772 = ORIENTED_EDGE('',*,*,#1751,.T.);
#1773 = ORIENTED_EDGE('',*,*,#1774,.T.);
#1774 = EDGE_CURVE('',#1744,#1775,#1777,.T.);
#1775 = VERTEX_POINT('',#1776);
#1776 = CARTESIAN_POINT('',(34.439232,-8.311099,1.51));
#1777 = LINE('',#1778,#1779);
#1778 = CARTESIAN_POINT('',(35.28577,-8.182195,1.51));
#1779 = VECTOR('',#1780,1.);
#1780 = DIRECTION('',(-0.988604416556,-0.150536731619,0.));
#1781 = ORIENTED_EDGE('',*,*,#1782,.F.);
#1782 = EDGE_CURVE('',#1783,#1775,#1785,.T.);
#1783 = VERTEX_POINT('',#1784);
#1784 = CARTESIAN_POINT('',(34.439232,-8.311099,0.));
#1785 = LINE('',#1786,#1787);
#1786 = CARTESIAN_POINT('',(34.439232,-8.311099,0.));
#1787 = VECTOR('',#1788,1.);
#1788 = DIRECTION('',(0.,0.,1.));
#1789 = ORIENTED_EDGE('',*,*,#1790,.F.);
#1790 = EDGE_CURVE('',#1752,#1783,#1791,.T.);
#1791 = LINE('',#1792,#1793);
#1792 = CARTESIAN_POINT('',(35.28577,-8.182195,0.));
#1793 = VECTOR('',#1794,1.);
#1794 = DIRECTION('',(-0.988604416556,-0.150536731619,0.));
#1795 = PLANE('',#1796);
#1796 = AXIS2_PLACEMENT_3D('',#1797,#1798,#1799);
#1797 = CARTESIAN_POINT('',(35.28577,-8.182195,0.));
#1798 = DIRECTION('',(0.150536731619,-0.988604416556,0.));
#1799 = DIRECTION('',(-0.988604416556,-0.150536731619,0.));
#1800 = ADVANCED_FACE('',(#1801),#1826,.T.);
#1801 = FACE_BOUND('',#1802,.T.);
#1802 = EDGE_LOOP('',(#1803,#1804,#1812,#1820));
#1803 = ORIENTED_EDGE('',*,*,#1782,.T.);
#1804 = ORIENTED_EDGE('',*,*,#1805,.T.);
#1805 = EDGE_CURVE('',#1775,#1806,#1808,.T.);
#1806 = VERTEX_POINT('',#1807);
#1807 = CARTESIAN_POINT('',(33.566871,-8.404412,1.51));
#1808 = LINE('',#1809,#1810);
#1809 = CARTESIAN_POINT('',(34.439232,-8.311099,1.51));
#1810 = VECTOR('',#1811,1.);
#1811 = DIRECTION('',(-0.994327762368,-0.106359301356,0.));
#1812 = ORIENTED_EDGE('',*,*,#1813,.F.);
#1813 = EDGE_CURVE('',#1814,#1806,#1816,.T.);
#1814 = VERTEX_POINT('',#1815);
#1815 = CARTESIAN_POINT('',(33.566871,-8.404412,0.));
#1816 = LINE('',#1817,#1818);
#1817 = CARTESIAN_POINT('',(33.566871,-8.404412,0.));
#1818 = VECTOR('',#1819,1.);
#1819 = DIRECTION('',(0.,0.,1.));
#1820 = ORIENTED_EDGE('',*,*,#1821,.F.);
#1821 = EDGE_CURVE('',#1783,#1814,#1822,.T.);
#1822 = LINE('',#1823,#1824);
#1823 = CARTESIAN_POINT('',(34.439232,-8.311099,0.));
#1824 = VECTOR('',#1825,1.);
#1825 = DIRECTION('',(-0.994327762368,-0.106359301356,0.));
#1826 = PLANE('',#1827);
#1827 = AXIS2_PLACEMENT_3D('',#1828,#1829,#1830);
#1828 = CARTESIAN_POINT('',(34.439232,-8.311099,0.));
#1829 = DIRECTION('',(0.106359301356,-0.994327762368,0.));
#1830 = DIRECTION('',(-0.994327762368,-0.106359301356,0.));
#1831 = ADVANCED_FACE('',(#1832),#1857,.T.);
#1832 = FACE_BOUND('',#1833,.T.);
#1833 = EDGE_LOOP('',(#1834,#1835,#1843,#1851));
#1834 = ORIENTED_EDGE('',*,*,#1813,.T.);
#1835 = ORIENTED_EDGE('',*,*,#1836,.T.);
#1836 = EDGE_CURVE('',#1806,#1837,#1839,.T.);
#1837 = VERTEX_POINT('',#1838);
#1838 = CARTESIAN_POINT('',(32.669806,-8.460918,1.51));
#1839 = LINE('',#1840,#1841);
#1840 = CARTESIAN_POINT('',(33.566871,-8.404412,1.51));
#1841 = VECTOR('',#1842,1.);
#1842 = DIRECTION('',(-0.998022022788,-6.286526887088E-02,0.));
#1843 = ORIENTED_EDGE('',*,*,#1844,.F.);
#1844 = EDGE_CURVE('',#1845,#1837,#1847,.T.);
#1845 = VERTEX_POINT('',#1846);
#1846 = CARTESIAN_POINT('',(32.669806,-8.460918,0.));
#1847 = LINE('',#1848,#1849);
#1848 = CARTESIAN_POINT('',(32.669806,-8.460918,0.));
#1849 = VECTOR('',#1850,1.);
#1850 = DIRECTION('',(0.,0.,1.));
#1851 = ORIENTED_EDGE('',*,*,#1852,.F.);
#1852 = EDGE_CURVE('',#1814,#1845,#1853,.T.);
#1853 = LINE('',#1854,#1855);
#1854 = CARTESIAN_POINT('',(33.566871,-8.404412,0.));
#1855 = VECTOR('',#1856,1.);
#1856 = DIRECTION('',(-0.998022022788,-6.286526887088E-02,0.));
#1857 = PLANE('',#1858);
#1858 = AXIS2_PLACEMENT_3D('',#1859,#1860,#1861);
#1859 = CARTESIAN_POINT('',(33.566871,-8.404412,0.));
#1860 = DIRECTION('',(6.286526887088E-02,-0.998022022788,0.));
#1861 = DIRECTION('',(-0.998022022788,-6.286526887088E-02,0.));
#1862 = ADVANCED_FACE('',(#1863),#1888,.T.);
#1863 = FACE_BOUND('',#1864,.T.);
#1864 = EDGE_LOOP('',(#1865,#1866,#1874,#1882));
#1865 = ORIENTED_EDGE('',*,*,#1844,.T.);
#1866 = ORIENTED_EDGE('',*,*,#1867,.T.);
#1867 = EDGE_CURVE('',#1837,#1868,#1870,.T.);
#1868 = VERTEX_POINT('',#1869);
#1869 = CARTESIAN_POINT('',(31.748846,-8.479487,1.51));
#1870 = LINE('',#1871,#1872);
#1871 = CARTESIAN_POINT('',(32.669806,-8.460918,1.51));
#1872 = VECTOR('',#1873,1.);
#1873 = DIRECTION('',(-0.999796795599,-2.015855921808E-02,0.));
#1874 = ORIENTED_EDGE('',*,*,#1875,.F.);
#1875 = EDGE_CURVE('',#1876,#1868,#1878,.T.);
#1876 = VERTEX_POINT('',#1877);
#1877 = CARTESIAN_POINT('',(31.748846,-8.479487,0.));
#1878 = LINE('',#1879,#1880);
#1879 = CARTESIAN_POINT('',(31.748846,-8.479487,0.));
#1880 = VECTOR('',#1881,1.);
#1881 = DIRECTION('',(0.,0.,1.));
#1882 = ORIENTED_EDGE('',*,*,#1883,.F.);
#1883 = EDGE_CURVE('',#1845,#1876,#1884,.T.);
#1884 = LINE('',#1885,#1886);
#1885 = CARTESIAN_POINT('',(32.669806,-8.460918,0.));
#1886 = VECTOR('',#1887,1.);
#1887 = DIRECTION('',(-0.999796795599,-2.015855921808E-02,0.));
#1888 = PLANE('',#1889);
#1889 = AXIS2_PLACEMENT_3D('',#1890,#1891,#1892);
#1890 = CARTESIAN_POINT('',(32.669806,-8.460918,0.));
#1891 = DIRECTION('',(2.015855921808E-02,-0.999796795599,0.));
#1892 = DIRECTION('',(-0.999796795599,-2.015855921808E-02,0.));
#1893 = ADVANCED_FACE('',(#1894),#1919,.T.);
#1894 = FACE_BOUND('',#1895,.T.);
#1895 = EDGE_LOOP('',(#1896,#1897,#1905,#1913));
#1896 = ORIENTED_EDGE('',*,*,#1875,.T.);
#1897 = ORIENTED_EDGE('',*,*,#1898,.T.);
#1898 = EDGE_CURVE('',#1868,#1899,#1901,.T.);
#1899 = VERTEX_POINT('',#1900);
#1900 = CARTESIAN_POINT('',(30.804561,-8.459028,1.51));
#1901 = LINE('',#1902,#1903);
#1902 = CARTESIAN_POINT('',(31.748846,-8.479487,1.51));
#1903 = VECTOR('',#1904,1.);
#1904 = DIRECTION('',(-0.999765372043,2.166104486105E-02,0.));
#1905 = ORIENTED_EDGE('',*,*,#1906,.F.);
#1906 = EDGE_CURVE('',#1907,#1899,#1909,.T.);
#1907 = VERTEX_POINT('',#1908);
#1908 = CARTESIAN_POINT('',(30.804561,-8.459028,0.));
#1909 = LINE('',#1910,#1911);
#1910 = CARTESIAN_POINT('',(30.804561,-8.459028,0.));
#1911 = VECTOR('',#1912,1.);
#1912 = DIRECTION('',(0.,0.,1.));
#1913 = ORIENTED_EDGE('',*,*,#1914,.F.);
#1914 = EDGE_CURVE('',#1876,#1907,#1915,.T.);
#1915 = LINE('',#1916,#1917);
#1916 = CARTESIAN_POINT('',(31.748846,-8.479487,0.));
#1917 = VECTOR('',#1918,1.);
#1918 = DIRECTION('',(-0.999765372043,2.166104486105E-02,0.));
#1919 = PLANE('',#1920);
#1920 = AXIS2_PLACEMENT_3D('',#1921,#1922,#1923);
#1921 = CARTESIAN_POINT('',(31.748846,-8.479487,0.));
#1922 = DIRECTION('',(-2.166104486105E-02,-0.999765372043,0.));
#1923 = DIRECTION('',(-0.999765372043,2.166104486105E-02,0.));
#1924 = ADVANCED_FACE('',(#1925),#1950,.T.);
#1925 = FACE_BOUND('',#1926,.T.);
#1926 = EDGE_LOOP('',(#1927,#1928,#1936,#1944));
#1927 = ORIENTED_EDGE('',*,*,#1906,.T.);
#1928 = ORIENTED_EDGE('',*,*,#1929,.T.);
#1929 = EDGE_CURVE('',#1899,#1930,#1932,.T.);
#1930 = VERTEX_POINT('',#1931);
#1931 = CARTESIAN_POINT('',(29.837334,-8.398457,1.51));
#1932 = LINE('',#1933,#1934);
#1933 = CARTESIAN_POINT('',(30.804561,-8.459028,1.51));
#1934 = VECTOR('',#1935,1.);
#1935 = DIRECTION('',(-0.998044906261,6.250092069092E-02,0.));
#1936 = ORIENTED_EDGE('',*,*,#1937,.F.);
#1937 = EDGE_CURVE('',#1938,#1930,#1940,.T.);
#1938 = VERTEX_POINT('',#1939);
#1939 = CARTESIAN_POINT('',(29.837334,-8.398457,0.));
#1940 = LINE('',#1941,#1942);
#1941 = CARTESIAN_POINT('',(29.837334,-8.398457,0.));
#1942 = VECTOR('',#1943,1.);
#1943 = DIRECTION('',(0.,0.,1.));
#1944 = ORIENTED_EDGE('',*,*,#1945,.F.);
#1945 = EDGE_CURVE('',#1907,#1938,#1946,.T.);
#1946 = LINE('',#1947,#1948);
#1947 = CARTESIAN_POINT('',(30.804561,-8.459028,0.));
#1948 = VECTOR('',#1949,1.);
#1949 = DIRECTION('',(-0.998044906261,6.250092069092E-02,0.));
#1950 = PLANE('',#1951);
#1951 = AXIS2_PLACEMENT_3D('',#1952,#1953,#1954);
#1952 = CARTESIAN_POINT('',(30.804561,-8.459028,0.));
#1953 = DIRECTION('',(-6.250092069092E-02,-0.998044906261,0.));
#1954 = DIRECTION('',(-0.998044906261,6.250092069092E-02,0.));
#1955 = ADVANCED_FACE('',(#1956),#1981,.T.);
#1956 = FACE_BOUND('',#1957,.T.);
#1957 = EDGE_LOOP('',(#1958,#1959,#1967,#1975));
#1958 = ORIENTED_EDGE('',*,*,#1937,.T.);
#1959 = ORIENTED_EDGE('',*,*,#1960,.T.);
#1960 = EDGE_CURVE('',#1930,#1961,#1963,.T.);
#1961 = VERTEX_POINT('',#1962);
#1962 = CARTESIAN_POINT('',(28.847401,-8.296674,1.51));
#1963 = LINE('',#1964,#1965);
#1964 = CARTESIAN_POINT('',(29.837334,-8.398457,1.51));
#1965 = VECTOR('',#1966,1.);
#1966 = DIRECTION('',(-0.994755765639,0.102278867453,0.));
#1967 = ORIENTED_EDGE('',*,*,#1968,.F.);
#1968 = EDGE_CURVE('',#1969,#1961,#1971,.T.);
#1969 = VERTEX_POINT('',#1970);
#1970 = CARTESIAN_POINT('',(28.847401,-8.296674,0.));
#1971 = LINE('',#1972,#1973);
#1972 = CARTESIAN_POINT('',(28.847401,-8.296674,0.));
#1973 = VECTOR('',#1974,1.);
#1974 = DIRECTION('',(0.,0.,1.));
#1975 = ORIENTED_EDGE('',*,*,#1976,.F.);
#1976 = EDGE_CURVE('',#1938,#1969,#1977,.T.);
#1977 = LINE('',#1978,#1979);
#1978 = CARTESIAN_POINT('',(29.837334,-8.398457,0.));
#1979 = VECTOR('',#1980,1.);
#1980 = DIRECTION('',(-0.994755765639,0.102278867453,0.));
#1981 = PLANE('',#1982);
#1982 = AXIS2_PLACEMENT_3D('',#1983,#1984,#1985);
#1983 = CARTESIAN_POINT('',(29.837334,-8.398457,0.));
#1984 = DIRECTION('',(-0.102278867453,-0.994755765639,0.));
#1985 = DIRECTION('',(-0.994755765639,0.102278867453,0.));
#1986 = ADVANCED_FACE('',(#1987),#2012,.T.);
#1987 = FACE_BOUND('',#1988,.T.);
#1988 = EDGE_LOOP('',(#1989,#1990,#1998,#2006));
#1989 = ORIENTED_EDGE('',*,*,#1968,.T.);
#1990 = ORIENTED_EDGE('',*,*,#1991,.T.);
#1991 = EDGE_CURVE('',#1961,#1992,#1994,.T.);
#1992 = VERTEX_POINT('',#1993);
#1993 = CARTESIAN_POINT('',(27.834884,-8.152551,1.51));
#1994 = LINE('',#1995,#1996);
#1995 = CARTESIAN_POINT('',(28.847401,-8.296674,1.51));
#1996 = VECTOR('',#1997,1.);
#1997 = DIRECTION('',(-0.990020862573,0.140920870244,0.));
#1998 = ORIENTED_EDGE('',*,*,#1999,.F.);
#1999 = EDGE_CURVE('',#2000,#1992,#2002,.T.);
#2000 = VERTEX_POINT('',#2001);
#2001 = CARTESIAN_POINT('',(27.834884,-8.152551,0.));
#2002 = LINE('',#2003,#2004);
#2003 = CARTESIAN_POINT('',(27.834884,-8.152551,0.));
#2004 = VECTOR('',#2005,1.);
#2005 = DIRECTION('',(0.,0.,1.));
#2006 = ORIENTED_EDGE('',*,*,#2007,.F.);
#2007 = EDGE_CURVE('',#1969,#2000,#2008,.T.);
#2008 = LINE('',#2009,#2010);
#2009 = CARTESIAN_POINT('',(28.847401,-8.296674,0.));
#2010 = VECTOR('',#2011,1.);
#2011 = DIRECTION('',(-0.990020862573,0.140920870244,0.));
#2012 = PLANE('',#2013);
#2013 = AXIS2_PLACEMENT_3D('',#2014,#2015,#2016);
#2014 = CARTESIAN_POINT('',(28.847401,-8.296674,0.));
#2015 = DIRECTION('',(-0.140920870244,-0.990020862573,0.));
#2016 = DIRECTION('',(-0.990020862573,0.140920870244,0.));
#2017 = ADVANCED_FACE('',(#2018),#2043,.T.);
#2018 = FACE_BOUND('',#2019,.T.);
#2019 = EDGE_LOOP('',(#2020,#2021,#2029,#2037));
#2020 = ORIENTED_EDGE('',*,*,#1999,.T.);
#2021 = ORIENTED_EDGE('',*,*,#2022,.T.);
#2022 = EDGE_CURVE('',#1992,#2023,#2025,.T.);
#2023 = VERTEX_POINT('',#2024);
#2024 = CARTESIAN_POINT('',(26.799812,-7.964918,1.51));
#2025 = LINE('',#2026,#2027);
#2026 = CARTESIAN_POINT('',(27.834884,-8.152551,1.51));
#2027 = VECTOR('',#2028,1.);
#2028 = DIRECTION('',(-0.983963787091,0.178368342746,0.));
#2029 = ORIENTED_EDGE('',*,*,#2030,.F.);
#2030 = EDGE_CURVE('',#2031,#2023,#2033,.T.);
#2031 = VERTEX_POINT('',#2032);
#2032 = CARTESIAN_POINT('',(26.799812,-7.964918,0.));
#2033 = LINE('',#2034,#2035);
#2034 = CARTESIAN_POINT('',(26.799812,-7.964918,0.));
#2035 = VECTOR('',#2036,1.);
#2036 = DIRECTION('',(0.,0.,1.));
#2037 = ORIENTED_EDGE('',*,*,#2038,.F.);
#2038 = EDGE_CURVE('',#2000,#2031,#2039,.T.);
#2039 = LINE('',#2040,#2041);
#2040 = CARTESIAN_POINT('',(27.834884,-8.152551,0.));
#2041 = VECTOR('',#2042,1.);
#2042 = DIRECTION('',(-0.983963787091,0.178368342746,0.));
#2043 = PLANE('',#2044);
#2044 = AXIS2_PLACEMENT_3D('',#2045,#2046,#2047);
#2045 = CARTESIAN_POINT('',(27.834884,-8.152551,0.));
#2046 = DIRECTION('',(-0.178368342746,-0.983963787091,0.));
#2047 = DIRECTION('',(-0.983963787091,0.178368342746,0.));
#2048 = ADVANCED_FACE('',(#2049),#2074,.T.);
#2049 = FACE_BOUND('',#2050,.T.);
#2050 = EDGE_LOOP('',(#2051,#2052,#2060,#2068));
#2051 = ORIENTED_EDGE('',*,*,#2030,.T.);
#2052 = ORIENTED_EDGE('',*,*,#2053,.T.);
#2053 = EDGE_CURVE('',#2023,#2054,#2056,.T.);
#2054 = VERTEX_POINT('',#2055);
#2055 = CARTESIAN_POINT('',(25.742144,-7.732557,1.51));
#2056 = LINE('',#2057,#2058);
#2057 = CARTESIAN_POINT('',(26.799812,-7.964918,1.51));
#2058 = VECTOR('',#2059,1.);
#2059 = DIRECTION('',(-0.97670758931,0.21457466063,0.));
#2060 = ORIENTED_EDGE('',*,*,#2061,.F.);
#2061 = EDGE_CURVE('',#2062,#2054,#2064,.T.);
#2062 = VERTEX_POINT('',#2063);
#2063 = CARTESIAN_POINT('',(25.742144,-7.732557,0.));
#2064 = LINE('',#2065,#2066);
#2065 = CARTESIAN_POINT('',(25.742144,-7.732557,0.));
#2066 = VECTOR('',#2067,1.);
#2067 = DIRECTION('',(0.,0.,1.));
#2068 = ORIENTED_EDGE('',*,*,#2069,.F.);
#2069 = EDGE_CURVE('',#2031,#2062,#2070,.T.);
#2070 = LINE('',#2071,#2072);
#2071 = CARTESIAN_POINT('',(26.799812,-7.964918,0.));
#2072 = VECTOR('',#2073,1.);
#2073 = DIRECTION('',(-0.97670758931,0.21457466063,0.));
#2074 = PLANE('',#2075);
#2075 = AXIS2_PLACEMENT_3D('',#2076,#2077,#2078);
#2076 = CARTESIAN_POINT('',(26.799812,-7.964918,0.));
#2077 = DIRECTION('',(-0.21457466063,-0.97670758931,0.));
#2078 = DIRECTION('',(-0.97670758931,0.21457466063,0.));
#2079 = ADVANCED_FACE('',(#2080),#2105,.T.);
#2080 = FACE_BOUND('',#2081,.T.);
#2081 = EDGE_LOOP('',(#2082,#2083,#2091,#2099));
#2082 = ORIENTED_EDGE('',*,*,#2061,.T.);
#2083 = ORIENTED_EDGE('',*,*,#2084,.T.);
#2084 = EDGE_CURVE('',#2054,#2085,#2087,.T.);
#2085 = VERTEX_POINT('',#2086);
#2086 = CARTESIAN_POINT('',(24.661779,-7.454202,1.51));
#2087 = LINE('',#2088,#2089);
#2088 = CARTESIAN_POINT('',(25.742144,-7.732557,1.51));
#2089 = VECTOR('',#2090,1.);
#2090 = DIRECTION('',(-0.968374597151,0.249500780745,0.));
#2091 = ORIENTED_EDGE('',*,*,#2092,.F.);
#2092 = EDGE_CURVE('',#2093,#2085,#2095,.T.);
#2093 = VERTEX_POINT('',#2094);
#2094 = CARTESIAN_POINT('',(24.661779,-7.454202,0.));
#2095 = LINE('',#2096,#2097);
#2096 = CARTESIAN_POINT('',(24.661779,-7.454202,0.));
#2097 = VECTOR('',#2098,1.);
#2098 = DIRECTION('',(0.,0.,1.));
#2099 = ORIENTED_EDGE('',*,*,#2100,.F.);
#2100 = EDGE_CURVE('',#2062,#2093,#2101,.T.);
#2101 = LINE('',#2102,#2103);
#2102 = CARTESIAN_POINT('',(25.742144,-7.732557,0.));
#2103 = VECTOR('',#2104,1.);
#2104 = DIRECTION('',(-0.968374597151,0.249500780745,0.));
#2105 = PLANE('',#2106);
#2106 = AXIS2_PLACEMENT_3D('',#2107,#2108,#2109);
#2107 = CARTESIAN_POINT('',(25.742144,-7.732557,0.));
#2108 = DIRECTION('',(-0.249500780745,-0.968374597151,0.));
#2109 = DIRECTION('',(-0.968374597151,0.249500780745,0.));
#2110 = ADVANCED_FACE('',(#2111),#2136,.T.);
#2111 = FACE_BOUND('',#2112,.T.);
#2112 = EDGE_LOOP('',(#2113,#2114,#2122,#2130));
#2113 = ORIENTED_EDGE('',*,*,#2092,.T.);
#2114 = ORIENTED_EDGE('',*,*,#2115,.T.);
#2115 = EDGE_CURVE('',#2085,#2116,#2118,.T.);
#2116 = VERTEX_POINT('',#2117);
#2117 = CARTESIAN_POINT('',(23.558576,-7.128528,1.51));
#2118 = LINE('',#2119,#2120);
#2119 = CARTESIAN_POINT('',(24.661779,-7.454202,1.51));
#2120 = VECTOR('',#2121,1.);
#2121 = DIRECTION('',(-0.959082019792,0.283128379558,0.));
#2122 = ORIENTED_EDGE('',*,*,#2123,.F.);
#2123 = EDGE_CURVE('',#2124,#2116,#2126,.T.);
#2124 = VERTEX_POINT('',#2125);
#2125 = CARTESIAN_POINT('',(23.558576,-7.128528,0.));
#2126 = LINE('',#2127,#2128);
#2127 = CARTESIAN_POINT('',(23.558576,-7.128528,0.));
#2128 = VECTOR('',#2129,1.);
#2129 = DIRECTION('',(0.,0.,1.));
#2130 = ORIENTED_EDGE('',*,*,#2131,.F.);
#2131 = EDGE_CURVE('',#2093,#2124,#2132,.T.);
#2132 = LINE('',#2133,#2134);
#2133 = CARTESIAN_POINT('',(24.661779,-7.454202,0.));
#2134 = VECTOR('',#2135,1.);
#2135 = DIRECTION('',(-0.959082019792,0.283128379558,0.));
#2136 = PLANE('',#2137);
#2137 = AXIS2_PLACEMENT_3D('',#2138,#2139,#2140);
#2138 = CARTESIAN_POINT('',(24.661779,-7.454202,0.));
#2139 = DIRECTION('',(-0.283128379558,-0.959082019792,0.));
#2140 = DIRECTION('',(-0.959082019792,0.283128379558,0.));
#2141 = ADVANCED_FACE('',(#2142),#2167,.T.);
#2142 = FACE_BOUND('',#2143,.T.);
#2143 = EDGE_LOOP('',(#2144,#2145,#2153,#2161));
#2144 = ORIENTED_EDGE('',*,*,#2123,.T.);
#2145 = ORIENTED_EDGE('',*,*,#2146,.T.);
#2146 = EDGE_CURVE('',#2116,#2147,#2149,.T.);
#2147 = VERTEX_POINT('',#2148);
#2148 = CARTESIAN_POINT('',(22.432356,-6.754161,1.51));
#2149 = LINE('',#2150,#2151);
#2150 = CARTESIAN_POINT('',(23.558576,-7.128528,1.51));
#2151 = VECTOR('',#2152,1.);
#2152 = DIRECTION('',(-0.948945775387,0.315439241972,0.));
#2153 = ORIENTED_EDGE('',*,*,#2154,.F.);
#2154 = EDGE_CURVE('',#2155,#2147,#2157,.T.);
#2155 = VERTEX_POINT('',#2156);
#2156 = CARTESIAN_POINT('',(22.432356,-6.754161,0.));
#2157 = LINE('',#2158,#2159);
#2158 = CARTESIAN_POINT('',(22.432356,-6.754161,0.));
#2159 = VECTOR('',#2160,1.);
#2160 = DIRECTION('',(0.,0.,1.));
#2161 = ORIENTED_EDGE('',*,*,#2162,.F.);
#2162 = EDGE_CURVE('',#2124,#2155,#2163,.T.);
#2163 = LINE('',#2164,#2165);
#2164 = CARTESIAN_POINT('',(23.558576,-7.128528,0.));
#2165 = VECTOR('',#2166,1.);
#2166 = DIRECTION('',(-0.948945775387,0.315439241972,0.));
#2167 = PLANE('',#2168);
#2168 = AXIS2_PLACEMENT_3D('',#2169,#2170,#2171);
#2169 = CARTESIAN_POINT('',(23.558576,-7.128528,0.));
#2170 = DIRECTION('',(-0.315439241972,-0.948945775387,0.));
#2171 = DIRECTION('',(-0.948945775387,0.315439241972,0.));
#2172 = ADVANCED_FACE('',(#2173),#2198,.T.);
#2173 = FACE_BOUND('',#2174,.T.);
#2174 = EDGE_LOOP('',(#2175,#2176,#2184,#2192));
#2175 = ORIENTED_EDGE('',*,*,#2154,.T.);
#2176 = ORIENTED_EDGE('',*,*,#2177,.T.);
#2177 = EDGE_CURVE('',#2147,#2178,#2180,.T.);
#2178 = VERTEX_POINT('',#2179);
#2179 = CARTESIAN_POINT('',(21.861845,-6.548749,1.51));
#2180 = LINE('',#2181,#2182);
#2181 = CARTESIAN_POINT('',(22.432356,-6.754161,1.51));
#2182 = VECTOR('',#2183,1.);
#2183 = DIRECTION('',(-0.940872673517,0.338760405343,0.));
#2184 = ORIENTED_EDGE('',*,*,#2185,.F.);
#2185 = EDGE_CURVE('',#2186,#2178,#2188,.T.);
#2186 = VERTEX_POINT('',#2187);
#2187 = CARTESIAN_POINT('',(21.861845,-6.548749,0.));
#2188 = LINE('',#2189,#2190);
#2189 = CARTESIAN_POINT('',(21.861845,-6.548749,0.));
#2190 = VECTOR('',#2191,1.);
#2191 = DIRECTION('',(0.,0.,1.));
#2192 = ORIENTED_EDGE('',*,*,#2193,.F.);
#2193 = EDGE_CURVE('',#2155,#2186,#2194,.T.);
#2194 = LINE('',#2195,#2196);
#2195 = CARTESIAN_POINT('',(22.432356,-6.754161,0.));
#2196 = VECTOR('',#2197,1.);
#2197 = DIRECTION('',(-0.940872673517,0.338760405343,0.));
#2198 = PLANE('',#2199);
#2199 = AXIS2_PLACEMENT_3D('',#2200,#2201,#2202);
#2200 = CARTESIAN_POINT('',(22.432356,-6.754161,0.));
#2201 = DIRECTION('',(-0.338760405343,-0.940872673517,0.));
#2202 = DIRECTION('',(-0.940872673517,0.338760405343,0.));
#2203 = ADVANCED_FACE('',(#2204),#2229,.T.);
#2204 = FACE_BOUND('',#2205,.T.);
#2205 = EDGE_LOOP('',(#2206,#2207,#2215,#2223));
#2206 = ORIENTED_EDGE('',*,*,#2185,.T.);
#2207 = ORIENTED_EDGE('',*,*,#2208,.T.);
#2208 = EDGE_CURVE('',#2178,#2209,#2211,.T.);
#2209 = VERTEX_POINT('',#2210);
#2210 = CARTESIAN_POINT('',(21.282916,-6.329667,1.51));
#2211 = LINE('',#2212,#2213);
#2212 = CARTESIAN_POINT('',(21.861845,-6.548749,1.51));
#2213 = VECTOR('',#2214,1.);
#2214 = DIRECTION('',(-0.935271400041,0.353931360951,0.));
#2215 = ORIENTED_EDGE('',*,*,#2216,.F.);
#2216 = EDGE_CURVE('',#2217,#2209,#2219,.T.);
#2217 = VERTEX_POINT('',#2218);
#2218 = CARTESIAN_POINT('',(21.282916,-6.329667,0.));
#2219 = LINE('',#2220,#2221);
#2220 = CARTESIAN_POINT('',(21.282916,-6.329667,0.));
#2221 = VECTOR('',#2222,1.);
#2222 = DIRECTION('',(0.,0.,1.));
#2223 = ORIENTED_EDGE('',*,*,#2224,.F.);
#2224 = EDGE_CURVE('',#2186,#2217,#2225,.T.);
#2225 = LINE('',#2226,#2227);
#2226 = CARTESIAN_POINT('',(21.861845,-6.548749,0.));
#2227 = VECTOR('',#2228,1.);
#2228 = DIRECTION('',(-0.935271400041,0.353931360951,0.));
#2229 = PLANE('',#2230);
#2230 = AXIS2_PLACEMENT_3D('',#2231,#2232,#2233);
#2231 = CARTESIAN_POINT('',(21.861845,-6.548749,0.));
#2232 = DIRECTION('',(-0.353931360951,-0.935271400041,0.));
#2233 = DIRECTION('',(-0.935271400041,0.353931360951,0.));
#2234 = ADVANCED_FACE('',(#2235),#2260,.T.);
#2235 = FACE_BOUND('',#2236,.T.);
#2236 = EDGE_LOOP('',(#2237,#2238,#2246,#2254));
#2237 = ORIENTED_EDGE('',*,*,#2216,.T.);
#2238 = ORIENTED_EDGE('',*,*,#2239,.T.);
#2239 = EDGE_CURVE('',#2209,#2240,#2242,.T.);
#2240 = VERTEX_POINT('',#2241);
#2241 = CARTESIAN_POINT('',(-38.407084,20.416533,1.51));
#2242 = LINE('',#2243,#2244);
#2243 = CARTESIAN_POINT('',(21.282916,-6.329667,1.51));
#2244 = VECTOR('',#2245,1.);
#2245 = DIRECTION('',(-0.912574290906,0.408910948223,0.));
#2246 = ORIENTED_EDGE('',*,*,#2247,.F.);
#2247 = EDGE_CURVE('',#2248,#2240,#2250,.T.);
#2248 = VERTEX_POINT('',#2249);
#2249 = CARTESIAN_POINT('',(-38.407084,20.416533,0.));
#2250 = LINE('',#2251,#2252);
#2251 = CARTESIAN_POINT('',(-38.407084,20.416533,0.));
#2252 = VECTOR('',#2253,1.);
#2253 = DIRECTION('',(0.,0.,1.));
#2254 = ORIENTED_EDGE('',*,*,#2255,.F.);
#2255 = EDGE_CURVE('',#2217,#2248,#2256,.T.);
#2256 = LINE('',#2257,#2258);
#2257 = CARTESIAN_POINT('',(21.282916,-6.329667,0.));
#2258 = VECTOR('',#2259,1.);
#2259 = DIRECTION('',(-0.912574290906,0.408910948223,0.));
#2260 = PLANE('',#2261);
#2261 = AXIS2_PLACEMENT_3D('',#2262,#2263,#2264);
#2262 = CARTESIAN_POINT('',(21.282916,-6.329667,0.));
#2263 = DIRECTION('',(-0.408910948223,-0.912574290906,0.));
#2264 = DIRECTION('',(-0.912574290906,0.408910948223,0.));
#2265 = ADVANCED_FACE('',(#2266),#2291,.T.);
#2266 = FACE_BOUND('',#2267,.T.);
#2267 = EDGE_LOOP('',(#2268,#2269,#2277,#2285));
#2268 = ORIENTED_EDGE('',*,*,#2247,.T.);
#2269 = ORIENTED_EDGE('',*,*,#2270,.T.);
#2270 = EDGE_CURVE('',#2240,#2271,#2273,.T.);
#2271 = VERTEX_POINT('',#2272);
#2272 = CARTESIAN_POINT('',(-38.884394,20.537039,1.51));
#2273 = LINE('',#2274,#2275);
#2274 = CARTESIAN_POINT('',(-38.407084,20.416533,1.51));
#2275 = VECTOR('',#2276,1.);
#2276 = DIRECTION('',(-0.96957660647,0.244788080156,0.));
#2277 = ORIENTED_EDGE('',*,*,#2278,.F.);
#2278 = EDGE_CURVE('',#2279,#2271,#2281,.T.);
#2279 = VERTEX_POINT('',#2280);
#2280 = CARTESIAN_POINT('',(-38.884394,20.537039,0.));
#2281 = LINE('',#2282,#2283);
#2282 = CARTESIAN_POINT('',(-38.884394,20.537039,0.));
#2283 = VECTOR('',#2284,1.);
#2284 = DIRECTION('',(0.,0.,1.));
#2285 = ORIENTED_EDGE('',*,*,#2286,.F.);
#2286 = EDGE_CURVE('',#2248,#2279,#2287,.T.);
#2287 = LINE('',#2288,#2289);
#2288 = CARTESIAN_POINT('',(-38.407084,20.416533,0.));
#2289 = VECTOR('',#2290,1.);
#2290 = DIRECTION('',(-0.96957660647,0.244788080156,0.));
#2291 = PLANE('',#2292);
#2292 = AXIS2_PLACEMENT_3D('',#2293,#2294,#2295);
#2293 = CARTESIAN_POINT('',(-38.407084,20.416533,0.));
#2294 = DIRECTION('',(-0.244788080156,-0.96957660647,0.));
#2295 = DIRECTION('',(-0.96957660647,0.244788080156,0.));
#2296 = ADVANCED_FACE('',(#2297),#2322,.T.);
#2297 = FACE_BOUND('',#2298,.T.);
#2298 = EDGE_LOOP('',(#2299,#2300,#2308,#2316));
#2299 = ORIENTED_EDGE('',*,*,#2278,.T.);
#2300 = ORIENTED_EDGE('',*,*,#2301,.T.);
#2301 = EDGE_CURVE('',#2271,#2302,#2304,.T.);
#2302 = VERTEX_POINT('',#2303);
#2303 = CARTESIAN_POINT('',(-39.418306,20.708959,1.51));
#2304 = LINE('',#2305,#2306);
#2305 = CARTESIAN_POINT('',(-38.884394,20.537039,1.51));
#2306 = VECTOR('',#2307,1.);
#2307 = DIRECTION('',(-0.951869797284,0.306502673754,0.));
#2308 = ORIENTED_EDGE('',*,*,#2309,.F.);
#2309 = EDGE_CURVE('',#2310,#2302,#2312,.T.);
#2310 = VERTEX_POINT('',#2311);
#2311 = CARTESIAN_POINT('',(-39.418306,20.708959,0.));
#2312 = LINE('',#2313,#2314);
#2313 = CARTESIAN_POINT('',(-39.418306,20.708959,0.));
#2314 = VECTOR('',#2315,1.);
#2315 = DIRECTION('',(0.,0.,1.));
#2316 = ORIENTED_EDGE('',*,*,#2317,.F.);
#2317 = EDGE_CURVE('',#2279,#2310,#2318,.T.);
#2318 = LINE('',#2319,#2320);
#2319 = CARTESIAN_POINT('',(-38.884394,20.537039,0.));
#2320 = VECTOR('',#2321,1.);
#2321 = DIRECTION('',(-0.951869797284,0.306502673754,0.));
#2322 = PLANE('',#2323);
#2323 = AXIS2_PLACEMENT_3D('',#2324,#2325,#2326);
#2324 = CARTESIAN_POINT('',(-38.884394,20.537039,0.));
#2325 = DIRECTION('',(-0.306502673754,-0.951869797284,0.));
#2326 = DIRECTION('',(-0.951869797284,0.306502673754,0.));
#2327 = ADVANCED_FACE('',(#2328),#2353,.T.);
#2328 = FACE_BOUND('',#2329,.T.);
#2329 = EDGE_LOOP('',(#2330,#2331,#2339,#2347));
#2330 = ORIENTED_EDGE('',*,*,#2309,.T.);
#2331 = ORIENTED_EDGE('',*,*,#2332,.T.);
#2332 = EDGE_CURVE('',#2302,#2333,#2335,.T.);
#2333 = VERTEX_POINT('',#2334);
#2334 = CARTESIAN_POINT('',(-39.995194,20.931103,1.51));
#2335 = LINE('',#2336,#2337);
#2336 = CARTESIAN_POINT('',(-39.418306,20.708959,1.51));
#2337 = VECTOR('',#2338,1.);
#2338 = DIRECTION('',(-0.933202445146,0.359351076768,0.));
#2339 = ORIENTED_EDGE('',*,*,#2340,.F.);
#2340 = EDGE_CURVE('',#2341,#2333,#2343,.T.);
#2341 = VERTEX_POINT('',#2342);
#2342 = CARTESIAN_POINT('',(-39.995194,20.931103,0.));
#2343 = LINE('',#2344,#2345);
#2344 = CARTESIAN_POINT('',(-39.995194,20.931103,0.));
#2345 = VECTOR('',#2346,1.);
#2346 = DIRECTION('',(0.,0.,1.));
#2347 = ORIENTED_EDGE('',*,*,#2348,.F.);
#2348 = EDGE_CURVE('',#2310,#2341,#2349,.T.);
#2349 = LINE('',#2350,#2351);
#2350 = CARTESIAN_POINT('',(-39.418306,20.708959,0.));
#2351 = VECTOR('',#2352,1.);
#2352 = DIRECTION('',(-0.933202445146,0.359351076768,0.));
#2353 = PLANE('',#2354);
#2354 = AXIS2_PLACEMENT_3D('',#2355,#2356,#2357);
#2355 = CARTESIAN_POINT('',(-39.418306,20.708959,0.));
#2356 = DIRECTION('',(-0.359351076768,-0.933202445146,0.));
#2357 = DIRECTION('',(-0.933202445146,0.359351076768,0.));
#2358 = ADVANCED_FACE('',(#2359),#2384,.T.);
#2359 = FACE_BOUND('',#2360,.T.);
#2360 = EDGE_LOOP('',(#2361,#2362,#2370,#2378));
#2361 = ORIENTED_EDGE('',*,*,#2340,.T.);
#2362 = ORIENTED_EDGE('',*,*,#2363,.T.);
#2363 = EDGE_CURVE('',#2333,#2364,#2366,.T.);
#2364 = VERTEX_POINT('',#2365);
#2365 = CARTESIAN_POINT('',(-40.581881,21.195251,1.51));
#2366 = LINE('',#2367,#2368);
#2367 = CARTESIAN_POINT('',(-39.995194,20.931103,1.51));
#2368 = VECTOR('',#2369,1.);
#2369 = DIRECTION('',(-0.911840729464,0.41054413172,0.));
#2370 = ORIENTED_EDGE('',*,*,#2371,.F.);
#2371 = EDGE_CURVE('',#2372,#2364,#2374,.T.);
#2372 = VERTEX_POINT('',#2373);
#2373 = CARTESIAN_POINT('',(-40.581881,21.195251,0.));
#2374 = LINE('',#2375,#2376);
#2375 = CARTESIAN_POINT('',(-40.581881,21.195251,0.));
#2376 = VECTOR('',#2377,1.);
#2377 = DIRECTION('',(0.,0.,1.));
#2378 = ORIENTED_EDGE('',*,*,#2379,.F.);
#2379 = EDGE_CURVE('',#2341,#2372,#2380,.T.);
#2380 = LINE('',#2381,#2382);
#2381 = CARTESIAN_POINT('',(-39.995194,20.931103,0.));
#2382 = VECTOR('',#2383,1.);
#2383 = DIRECTION('',(-0.911840729464,0.41054413172,0.));
#2384 = PLANE('',#2385);
#2385 = AXIS2_PLACEMENT_3D('',#2386,#2387,#2388);
#2386 = CARTESIAN_POINT('',(-39.995194,20.931103,0.));
#2387 = DIRECTION('',(-0.41054413172,-0.911840729464,0.));
#2388 = DIRECTION('',(-0.911840729464,0.41054413172,0.));
#2389 = ADVANCED_FACE('',(#2390),#2415,.T.);
#2390 = FACE_BOUND('',#2391,.T.);
#2391 = EDGE_LOOP('',(#2392,#2393,#2401,#2409));
#2392 = ORIENTED_EDGE('',*,*,#2371,.T.);
#2393 = ORIENTED_EDGE('',*,*,#2394,.T.);
#2394 = EDGE_CURVE('',#2364,#2395,#2397,.T.);
#2395 = VERTEX_POINT('',#2396);
#2396 = CARTESIAN_POINT('',(-41.161847,21.496209,1.51));
#2397 = LINE('',#2398,#2399);
#2398 = CARTESIAN_POINT('',(-40.581881,21.195251,1.51));
#2399 = VECTOR('',#2400,1.);
#2400 = DIRECTION('',(-0.887607583125,0.460600454168,0.));
#2401 = ORIENTED_EDGE('',*,*,#2402,.F.);
#2402 = EDGE_CURVE('',#2403,#2395,#2405,.T.);
#2403 = VERTEX_POINT('',#2404);
#2404 = CARTESIAN_POINT('',(-41.161847,21.496209,0.));
#2405 = LINE('',#2406,#2407);
#2406 = CARTESIAN_POINT('',(-41.161847,21.496209,0.));
#2407 = VECTOR('',#2408,1.);
#2408 = DIRECTION('',(0.,0.,1.));
#2409 = ORIENTED_EDGE('',*,*,#2410,.F.);
#2410 = EDGE_CURVE('',#2372,#2403,#2411,.T.);
#2411 = LINE('',#2412,#2413);
#2412 = CARTESIAN_POINT('',(-40.581881,21.195251,0.));
#2413 = VECTOR('',#2414,1.);
#2414 = DIRECTION('',(-0.887607583125,0.460600454168,0.));
#2415 = PLANE('',#2416);
#2416 = AXIS2_PLACEMENT_3D('',#2417,#2418,#2419);
#2417 = CARTESIAN_POINT('',(-40.581881,21.195251,0.));
#2418 = DIRECTION('',(-0.460600454168,-0.887607583125,0.));
#2419 = DIRECTION('',(-0.887607583125,0.460600454168,0.));
#2420 = ADVANCED_FACE('',(#2421),#2446,.T.);
#2421 = FACE_BOUND('',#2422,.T.);
#2422 = EDGE_LOOP('',(#2423,#2424,#2432,#2440));
#2423 = ORIENTED_EDGE('',*,*,#2402,.T.);
#2424 = ORIENTED_EDGE('',*,*,#2425,.T.);
#2425 = EDGE_CURVE('',#2395,#2426,#2428,.T.);
#2426 = VERTEX_POINT('',#2427);
#2427 = CARTESIAN_POINT('',(-41.7259,21.830364,1.51));
#2428 = LINE('',#2429,#2430);
#2429 = CARTESIAN_POINT('',(-41.161847,21.496209,1.51));
#2430 = VECTOR('',#2431,1.);
#2431 = DIRECTION('',(-0.860357506679,0.50969104436,0.));
#2432 = ORIENTED_EDGE('',*,*,#2433,.F.);
#2433 = EDGE_CURVE('',#2434,#2426,#2436,.T.);
#2434 = VERTEX_POINT('',#2435);
#2435 = CARTESIAN_POINT('',(-41.7259,21.830364,0.));
#2436 = LINE('',#2437,#2438);
#2437 = CARTESIAN_POINT('',(-41.7259,21.830364,0.));
#2438 = VECTOR('',#2439,1.);
#2439 = DIRECTION('',(0.,0.,1.));
#2440 = ORIENTED_EDGE('',*,*,#2441,.F.);
#2441 = EDGE_CURVE('',#2403,#2434,#2442,.T.);
#2442 = LINE('',#2443,#2444);
#2443 = CARTESIAN_POINT('',(-41.161847,21.496209,0.));
#2444 = VECTOR('',#2445,1.);
#2445 = DIRECTION('',(-0.860357506679,0.50969104436,0.));
#2446 = PLANE('',#2447);
#2447 = AXIS2_PLACEMENT_3D('',#2448,#2449,#2450);
#2448 = CARTESIAN_POINT('',(-41.161847,21.496209,0.));
#2449 = DIRECTION('',(-0.50969104436,-0.860357506679,0.));
#2450 = DIRECTION('',(-0.860357506679,0.50969104436,0.));
#2451 = ADVANCED_FACE('',(#2452),#2477,.T.);
#2452 = FACE_BOUND('',#2453,.T.);
#2453 = EDGE_LOOP('',(#2454,#2455,#2463,#2471));
#2454 = ORIENTED_EDGE('',*,*,#2433,.T.);
#2455 = ORIENTED_EDGE('',*,*,#2456,.T.);
#2456 = EDGE_CURVE('',#2426,#2457,#2459,.T.);
#2457 = VERTEX_POINT('',#2458);
#2458 = CARTESIAN_POINT('',(-42.268632,22.195091,1.51));
#2459 = LINE('',#2460,#2461);
#2460 = CARTESIAN_POINT('',(-41.7259,21.830364,1.51));
#2461 = VECTOR('',#2462,1.);
#2462 = DIRECTION('',(-0.829993713954,0.55777274476,0.));
#2463 = ORIENTED_EDGE('',*,*,#2464,.F.);
#2464 = EDGE_CURVE('',#2465,#2457,#2467,.T.);
#2465 = VERTEX_POINT('',#2466);
#2466 = CARTESIAN_POINT('',(-42.268632,22.195091,0.));
#2467 = LINE('',#2468,#2469);
#2468 = CARTESIAN_POINT('',(-42.268632,22.195091,0.));
#2469 = VECTOR('',#2470,1.);
#2470 = DIRECTION('',(0.,0.,1.));
#2471 = ORIENTED_EDGE('',*,*,#2472,.F.);
#2472 = EDGE_CURVE('',#2434,#2465,#2473,.T.);
#2473 = LINE('',#2474,#2475);
#2474 = CARTESIAN_POINT('',(-41.7259,21.830364,0.));
#2475 = VECTOR('',#2476,1.);
#2476 = DIRECTION('',(-0.829993713954,0.55777274476,0.));
#2477 = PLANE('',#2478);
#2478 = AXIS2_PLACEMENT_3D('',#2479,#2480,#2481);
#2479 = CARTESIAN_POINT('',(-41.7259,21.830364,0.));
#2480 = DIRECTION('',(-0.55777274476,-0.829993713954,0.));
#2481 = DIRECTION('',(-0.829993713954,0.55777274476,0.));
#2482 = ADVANCED_FACE('',(#2483),#2508,.T.);
#2483 = FACE_BOUND('',#2484,.T.);
#2484 = EDGE_LOOP('',(#2485,#2486,#2494,#2502));
#2485 = ORIENTED_EDGE('',*,*,#2464,.T.);
#2486 = ORIENTED_EDGE('',*,*,#2487,.T.);
#2487 = EDGE_CURVE('',#2457,#2488,#2490,.T.);
#2488 = VERTEX_POINT('',#2489);
#2489 = CARTESIAN_POINT('',(-42.786776,22.588468,1.51));
#2490 = LINE('',#2491,#2492);
#2491 = CARTESIAN_POINT('',(-42.268632,22.195091,1.51));
#2492 = VECTOR('',#2493,1.);
#2493 = DIRECTION('',(-0.796467511008,0.60468132426,0.));
#2494 = ORIENTED_EDGE('',*,*,#2495,.F.);
#2495 = EDGE_CURVE('',#2496,#2488,#2498,.T.);
#2496 = VERTEX_POINT('',#2497);
#2497 = CARTESIAN_POINT('',(-42.786776,22.588468,0.));
#2498 = LINE('',#2499,#2500);
#2499 = CARTESIAN_POINT('',(-42.786776,22.588468,0.));
#2500 = VECTOR('',#2501,1.);
#2501 = DIRECTION('',(0.,0.,1.));
#2502 = ORIENTED_EDGE('',*,*,#2503,.F.);
#2503 = EDGE_CURVE('',#2465,#2496,#2504,.T.);
#2504 = LINE('',#2505,#2506);
#2505 = CARTESIAN_POINT('',(-42.268632,22.195091,0.));
#2506 = VECTOR('',#2507,1.);
#2507 = DIRECTION('',(-0.796467511008,0.60468132426,0.));
#2508 = PLANE('',#2509);
#2509 = AXIS2_PLACEMENT_3D('',#2510,#2511,#2512);
#2510 = CARTESIAN_POINT('',(-42.268632,22.195091,0.));
#2511 = DIRECTION('',(-0.60468132426,-0.796467511008,0.));
#2512 = DIRECTION('',(-0.796467511008,0.60468132426,0.));
#2513 = ADVANCED_FACE('',(#2514),#2539,.T.);
#2514 = FACE_BOUND('',#2515,.T.);
#2515 = EDGE_LOOP('',(#2516,#2517,#2525,#2533));
#2516 = ORIENTED_EDGE('',*,*,#2495,.T.);
#2517 = ORIENTED_EDGE('',*,*,#2518,.T.);
#2518 = EDGE_CURVE('',#2488,#2519,#2521,.T.);
#2519 = VERTEX_POINT('',#2520);
#2520 = CARTESIAN_POINT('',(-43.278345,23.009104,1.51));
#2521 = LINE('',#2522,#2523);
#2522 = CARTESIAN_POINT('',(-42.786776,22.588468,1.51));
#2523 = VECTOR('',#2524,1.);
#2524 = DIRECTION('',(-0.759797720122,0.650159537727,0.));
#2525 = ORIENTED_EDGE('',*,*,#2526,.F.);
#2526 = EDGE_CURVE('',#2527,#2519,#2529,.T.);
#2527 = VERTEX_POINT('',#2528);
#2528 = CARTESIAN_POINT('',(-43.278345,23.009104,0.));
#2529 = LINE('',#2530,#2531);
#2530 = CARTESIAN_POINT('',(-43.278345,23.009104,0.));
#2531 = VECTOR('',#2532,1.);
#2532 = DIRECTION('',(0.,0.,1.));
#2533 = ORIENTED_EDGE('',*,*,#2534,.F.);
#2534 = EDGE_CURVE('',#2496,#2527,#2535,.T.);
#2535 = LINE('',#2536,#2537);
#2536 = CARTESIAN_POINT('',(-42.786776,22.588468,0.));
#2537 = VECTOR('',#2538,1.);
#2538 = DIRECTION('',(-0.759797720122,0.650159537727,0.));
#2539 = PLANE('',#2540);
#2540 = AXIS2_PLACEMENT_3D('',#2541,#2542,#2543);
#2541 = CARTESIAN_POINT('',(-42.786776,22.588468,0.));
#2542 = DIRECTION('',(-0.650159537727,-0.759797720122,0.));
#2543 = DIRECTION('',(-0.759797720122,0.650159537727,0.));
#2544 = ADVANCED_FACE('',(#2545),#2570,.T.);
#2545 = FACE_BOUND('',#2546,.T.);
#2546 = EDGE_LOOP('',(#2547,#2548,#2556,#2564));
#2547 = ORIENTED_EDGE('',*,*,#2526,.T.);
#2548 = ORIENTED_EDGE('',*,*,#2549,.T.);
#2549 = EDGE_CURVE('',#2519,#2550,#2552,.T.);
#2550 = VERTEX_POINT('',#2551);
#2551 = CARTESIAN_POINT('',(-43.742134,23.456042,1.51));
#2552 = LINE('',#2553,#2554);
#2553 = CARTESIAN_POINT('',(-43.278345,23.009104,1.51));
#2554 = VECTOR('',#2555,1.);
#2555 = DIRECTION('',(-0.720066988673,0.693904555269,0.));
#2556 = ORIENTED_EDGE('',*,*,#2557,.F.);
#2557 = EDGE_CURVE('',#2558,#2550,#2560,.T.);
#2558 = VERTEX_POINT('',#2559);
#2559 = CARTESIAN_POINT('',(-43.742134,23.456042,0.));
#2560 = LINE('',#2561,#2562);
#2561 = CARTESIAN_POINT('',(-43.742134,23.456042,0.));
#2562 = VECTOR('',#2563,1.);
#2563 = DIRECTION('',(0.,0.,1.));
#2564 = ORIENTED_EDGE('',*,*,#2565,.F.);
#2565 = EDGE_CURVE('',#2527,#2558,#2566,.T.);
#2566 = LINE('',#2567,#2568);
#2567 = CARTESIAN_POINT('',(-43.278345,23.009104,0.));
#2568 = VECTOR('',#2569,1.);
#2569 = DIRECTION('',(-0.720066988673,0.693904555269,0.));
#2570 = PLANE('',#2571);
#2571 = AXIS2_PLACEMENT_3D('',#2572,#2573,#2574);
#2572 = CARTESIAN_POINT('',(-43.278345,23.009104,0.));
#2573 = DIRECTION('',(-0.693904555269,-0.720066988673,0.));
#2574 = DIRECTION('',(-0.720066988673,0.693904555269,0.));
#2575 = ADVANCED_FACE('',(#2576),#2601,.T.);
#2576 = FACE_BOUND('',#2577,.T.);
#2577 = EDGE_LOOP('',(#2578,#2579,#2587,#2595));
#2578 = ORIENTED_EDGE('',*,*,#2557,.T.);
#2579 = ORIENTED_EDGE('',*,*,#2580,.T.);
#2580 = EDGE_CURVE('',#2550,#2581,#2583,.T.);
#2581 = VERTEX_POINT('',#2582);
#2582 = CARTESIAN_POINT('',(-44.177408,23.928686,1.51));
#2583 = LINE('',#2584,#2585);
#2584 = CARTESIAN_POINT('',(-43.742134,23.456042,1.51));
#2585 = VECTOR('',#2586,1.);
#2586 = DIRECTION('',(-0.677428600564,0.735588533854,0.));
#2587 = ORIENTED_EDGE('',*,*,#2588,.F.);
#2588 = EDGE_CURVE('',#2589,#2581,#2591,.T.);
#2589 = VERTEX_POINT('',#2590);
#2590 = CARTESIAN_POINT('',(-44.177408,23.928686,0.));
#2591 = LINE('',#2592,#2593);
#2592 = CARTESIAN_POINT('',(-44.177408,23.928686,0.));
#2593 = VECTOR('',#2594,1.);
#2594 = DIRECTION('',(0.,0.,1.));
#2595 = ORIENTED_EDGE('',*,*,#2596,.F.);
#2596 = EDGE_CURVE('',#2558,#2589,#2597,.T.);
#2597 = LINE('',#2598,#2599);
#2598 = CARTESIAN_POINT('',(-43.742134,23.456042,0.));
#2599 = VECTOR('',#2600,1.);
#2600 = DIRECTION('',(-0.677428600564,0.735588533854,0.));
#2601 = PLANE('',#2602);
#2602 = AXIS2_PLACEMENT_3D('',#2603,#2604,#2605);
#2603 = CARTESIAN_POINT('',(-43.742134,23.456042,0.));
#2604 = DIRECTION('',(-0.735588533854,-0.677428600564,0.));
#2605 = DIRECTION('',(-0.677428600564,0.735588533854,0.));
#2606 = ADVANCED_FACE('',(#2607),#2632,.T.);
#2607 = FACE_BOUND('',#2608,.T.);
#2608 = EDGE_LOOP('',(#2609,#2610,#2618,#2626));
#2609 = ORIENTED_EDGE('',*,*,#2588,.T.);
#2610 = ORIENTED_EDGE('',*,*,#2611,.T.);
#2611 = EDGE_CURVE('',#2581,#2612,#2614,.T.);
#2612 = VERTEX_POINT('',#2613);
#2613 = CARTESIAN_POINT('',(-44.583708,24.42675,1.51));
#2614 = LINE('',#2615,#2616);
#2615 = CARTESIAN_POINT('',(-44.177408,23.928686,1.51));
#2616 = VECTOR('',#2617,1.);
#2617 = DIRECTION('',(-0.632112371516,0.774876731988,0.));
#2618 = ORIENTED_EDGE('',*,*,#2619,.F.);
#2619 = EDGE_CURVE('',#2620,#2612,#2622,.T.);
#2620 = VERTEX_POINT('',#2621);
#2621 = CARTESIAN_POINT('',(-44.583708,24.42675,0.));
#2622 = LINE('',#2623,#2624);
#2623 = CARTESIAN_POINT('',(-44.583708,24.42675,0.));
#2624 = VECTOR('',#2625,1.);
#2625 = DIRECTION('',(0.,0.,1.));
#2626 = ORIENTED_EDGE('',*,*,#2627,.F.);
#2627 = EDGE_CURVE('',#2589,#2620,#2628,.T.);
#2628 = LINE('',#2629,#2630);
#2629 = CARTESIAN_POINT('',(-44.177408,23.928686,0.));
#2630 = VECTOR('',#2631,1.);
#2631 = DIRECTION('',(-0.632112371516,0.774876731988,0.));
#2632 = PLANE('',#2633);
#2633 = AXIS2_PLACEMENT_3D('',#2634,#2635,#2636);
#2634 = CARTESIAN_POINT('',(-44.177408,23.928686,0.));
#2635 = DIRECTION('',(-0.774876731988,-0.632112371516,0.));
#2636 = DIRECTION('',(-0.632112371516,0.774876731988,0.));
#2637 = ADVANCED_FACE('',(#2638),#2663,.T.);
#2638 = FACE_BOUND('',#2639,.T.);
#2639 = EDGE_LOOP('',(#2640,#2641,#2649,#2657));
#2640 = ORIENTED_EDGE('',*,*,#2619,.T.);
#2641 = ORIENTED_EDGE('',*,*,#2642,.T.);
#2642 = EDGE_CURVE('',#2612,#2643,#2645,.T.);
#2643 = VERTEX_POINT('',#2644);
#2644 = CARTESIAN_POINT('',(-44.960709,24.950222,1.51));
#2645 = LINE('',#2646,#2647);
#2646 = CARTESIAN_POINT('',(-44.583708,24.42675,1.51));
#2647 = VECTOR('',#2648,1.);
#2648 = DIRECTION('',(-0.584407996368,0.811459976697,0.));
#2649 = ORIENTED_EDGE('',*,*,#2650,.F.);
#2650 = EDGE_CURVE('',#2651,#2643,#2653,.T.);
#2651 = VERTEX_POINT('',#2652);
#2652 = CARTESIAN_POINT('',(-44.960709,24.950222,0.));
#2653 = LINE('',#2654,#2655);
#2654 = CARTESIAN_POINT('',(-44.960709,24.950222,0.));
#2655 = VECTOR('',#2656,1.);
#2656 = DIRECTION('',(0.,0.,1.));
#2657 = ORIENTED_EDGE('',*,*,#2658,.F.);
#2658 = EDGE_CURVE('',#2620,#2651,#2659,.T.);
#2659 = LINE('',#2660,#2661);
#2660 = CARTESIAN_POINT('',(-44.583708,24.42675,0.));
#2661 = VECTOR('',#2662,1.);
#2662 = DIRECTION('',(-0.584407996368,0.811459976697,0.));
#2663 = PLANE('',#2664);
#2664 = AXIS2_PLACEMENT_3D('',#2665,#2666,#2667);
#2665 = CARTESIAN_POINT('',(-44.583708,24.42675,0.));
#2666 = DIRECTION('',(-0.811459976697,-0.584407996368,0.));
#2667 = DIRECTION('',(-0.584407996368,0.811459976697,0.));
#2668 = ADVANCED_FACE('',(#2669),#2694,.T.);
#2669 = FACE_BOUND('',#2670,.T.);
#2670 = EDGE_LOOP('',(#2671,#2672,#2680,#2688));
#2671 = ORIENTED_EDGE('',*,*,#2650,.T.);
#2672 = ORIENTED_EDGE('',*,*,#2673,.T.);
#2673 = EDGE_CURVE('',#2643,#2674,#2676,.T.);
#2674 = VERTEX_POINT('',#2675);
#2675 = CARTESIAN_POINT('',(-45.308132,25.499331,1.51));
#2676 = LINE('',#2677,#2678);
#2677 = CARTESIAN_POINT('',(-44.960709,24.950222,1.51));
#2678 = VECTOR('',#2679,1.);
#2679 = DIRECTION('',(-0.534671947758,0.845059706932,0.));
#2680 = ORIENTED_EDGE('',*,*,#2681,.F.);
#2681 = EDGE_CURVE('',#2682,#2674,#2684,.T.);
#2682 = VERTEX_POINT('',#2683);
#2683 = CARTESIAN_POINT('',(-45.308132,25.499331,0.));
#2684 = LINE('',#2685,#2686);
#2685 = CARTESIAN_POINT('',(-45.308132,25.499331,0.));
#2686 = VECTOR('',#2687,1.);
#2687 = DIRECTION('',(0.,0.,1.));
#2688 = ORIENTED_EDGE('',*,*,#2689,.F.);
#2689 = EDGE_CURVE('',#2651,#2682,#2690,.T.);
#2690 = LINE('',#2691,#2692);
#2691 = CARTESIAN_POINT('',(-44.960709,24.950222,0.));
#2692 = VECTOR('',#2693,1.);
#2693 = DIRECTION('',(-0.534671947758,0.845059706932,0.));
#2694 = PLANE('',#2695);
#2695 = AXIS2_PLACEMENT_3D('',#2696,#2697,#2698);
#2696 = CARTESIAN_POINT('',(-44.960709,24.950222,0.));
#2697 = DIRECTION('',(-0.845059706932,-0.534671947758,0.));
#2698 = DIRECTION('',(-0.534671947758,0.845059706932,0.));
#2699 = ADVANCED_FACE('',(#2700),#2725,.T.);
#2700 = FACE_BOUND('',#2701,.T.);
#2701 = EDGE_LOOP('',(#2702,#2703,#2711,#2719));
#2702 = ORIENTED_EDGE('',*,*,#2681,.T.);
#2703 = ORIENTED_EDGE('',*,*,#2704,.T.);
#2704 = EDGE_CURVE('',#2674,#2705,#2707,.T.);
#2705 = VERTEX_POINT('',#2706);
#2706 = CARTESIAN_POINT('',(-45.62567,26.074514,1.51));
#2707 = LINE('',#2708,#2709);
#2708 = CARTESIAN_POINT('',(-45.308132,25.499331,1.51));
#2709 = VECTOR('',#2710,1.);
#2710 = DIRECTION('',(-0.483305626982,0.875451695371,0.));
#2711 = ORIENTED_EDGE('',*,*,#2712,.F.);
#2712 = EDGE_CURVE('',#2713,#2705,#2715,.T.);
#2713 = VERTEX_POINT('',#2714);
#2714 = CARTESIAN_POINT('',(-45.62567,26.074514,0.));
#2715 = LINE('',#2716,#2717);
#2716 = CARTESIAN_POINT('',(-45.62567,26.074514,0.));
#2717 = VECTOR('',#2718,1.);
#2718 = DIRECTION('',(0.,0.,1.));
#2719 = ORIENTED_EDGE('',*,*,#2720,.F.);
#2720 = EDGE_CURVE('',#2682,#2713,#2721,.T.);
#2721 = LINE('',#2722,#2723);
#2722 = CARTESIAN_POINT('',(-45.308132,25.499331,0.));
#2723 = VECTOR('',#2724,1.);
#2724 = DIRECTION('',(-0.483305626982,0.875451695371,0.));
#2725 = PLANE('',#2726);
#2726 = AXIS2_PLACEMENT_3D('',#2727,#2728,#2729);
#2727 = CARTESIAN_POINT('',(-45.308132,25.499331,0.));
#2728 = DIRECTION('',(-0.875451695371,-0.483305626982,0.));
#2729 = DIRECTION('',(-0.483305626982,0.875451695371,0.));
#2730 = ADVANCED_FACE('',(#2731),#2756,.T.);
#2731 = FACE_BOUND('',#2732,.T.);
#2732 = EDGE_LOOP('',(#2733,#2734,#2742,#2750));
#2733 = ORIENTED_EDGE('',*,*,#2712,.T.);
#2734 = ORIENTED_EDGE('',*,*,#2735,.T.);
#2735 = EDGE_CURVE('',#2705,#2736,#2738,.T.);
#2736 = VERTEX_POINT('',#2737);
#2737 = CARTESIAN_POINT('',(-45.912944,26.676399,1.51));
#2738 = LINE('',#2739,#2740);
#2739 = CARTESIAN_POINT('',(-45.62567,26.074514,1.51));
#2740 = VECTOR('',#2741,1.);
#2741 = DIRECTION('',(-0.43074265889,0.902474798436,0.));
#2742 = ORIENTED_EDGE('',*,*,#2743,.F.);
#2743 = EDGE_CURVE('',#2744,#2736,#2746,.T.);
#2744 = VERTEX_POINT('',#2745);
#2745 = CARTESIAN_POINT('',(-45.912944,26.676399,0.));
#2746 = LINE('',#2747,#2748);
#2747 = CARTESIAN_POINT('',(-45.912944,26.676399,0.));
#2748 = VECTOR('',#2749,1.);
#2749 = DIRECTION('',(0.,0.,1.));
#2750 = ORIENTED_EDGE('',*,*,#2751,.F.);
#2751 = EDGE_CURVE('',#2713,#2744,#2752,.T.);
#2752 = LINE('',#2753,#2754);
#2753 = CARTESIAN_POINT('',(-45.62567,26.074514,0.));
#2754 = VECTOR('',#2755,1.);
#2755 = DIRECTION('',(-0.43074265889,0.902474798436,0.));
#2756 = PLANE('',#2757);
#2757 = AXIS2_PLACEMENT_3D('',#2758,#2759,#2760);
#2758 = CARTESIAN_POINT('',(-45.62567,26.074514,0.));
#2759 = DIRECTION('',(-0.902474798436,-0.43074265889,0.));
#2760 = DIRECTION('',(-0.43074265889,0.902474798436,0.));
#2761 = ADVANCED_FACE('',(#2762),#2787,.T.);
#2762 = FACE_BOUND('',#2763,.T.);
#2763 = EDGE_LOOP('',(#2764,#2765,#2773,#2781));
#2764 = ORIENTED_EDGE('',*,*,#2743,.T.);
#2765 = ORIENTED_EDGE('',*,*,#2766,.T.);
#2766 = EDGE_CURVE('',#2736,#2767,#2769,.T.);
#2767 = VERTEX_POINT('',#2768);
#2768 = CARTESIAN_POINT('',(-46.169469,27.305777,1.51));
#2769 = LINE('',#2770,#2771);
#2770 = CARTESIAN_POINT('',(-45.912944,26.676399,1.51));
#2771 = VECTOR('',#2772,1.);
#2772 = DIRECTION('',(-0.377437888406,0.926034902364,0.));
#2773 = ORIENTED_EDGE('',*,*,#2774,.F.);
#2774 = EDGE_CURVE('',#2775,#2767,#2777,.T.);
#2775 = VERTEX_POINT('',#2776);
#2776 = CARTESIAN_POINT('',(-46.169469,27.305777,0.));
#2777 = LINE('',#2778,#2779);
#2778 = CARTESIAN_POINT('',(-46.169469,27.305777,0.));
#2779 = VECTOR('',#2780,1.);
#2780 = DIRECTION('',(0.,0.,1.));
#2781 = ORIENTED_EDGE('',*,*,#2782,.F.);
#2782 = EDGE_CURVE('',#2744,#2775,#2783,.T.);
#2783 = LINE('',#2784,#2785);
#2784 = CARTESIAN_POINT('',(-45.912944,26.676399,0.));
#2785 = VECTOR('',#2786,1.);
#2786 = DIRECTION('',(-0.377437888406,0.926034902364,0.));
#2787 = PLANE('',#2788);
#2788 = AXIS2_PLACEMENT_3D('',#2789,#2790,#2791);
#2789 = CARTESIAN_POINT('',(-45.912944,26.676399,0.));
#2790 = DIRECTION('',(-0.926034902364,-0.377437888406,0.));
#2791 = DIRECTION('',(-0.377437888406,0.926034902364,0.));
#2792 = ADVANCED_FACE('',(#2793),#2818,.T.);
#2793 = FACE_BOUND('',#2794,.T.);
#2794 = EDGE_LOOP('',(#2795,#2796,#2804,#2812));
#2795 = ORIENTED_EDGE('',*,*,#2774,.T.);
#2796 = ORIENTED_EDGE('',*,*,#2797,.T.);
#2797 = EDGE_CURVE('',#2767,#2798,#2800,.T.);
#2798 = VERTEX_POINT('',#2799);
#2799 = CARTESIAN_POINT('',(-46.394629,27.963582,1.51));
#2800 = LINE('',#2801,#2802);
#2801 = CARTESIAN_POINT('',(-46.169469,27.305777,1.51));
#2802 = VECTOR('',#2803,1.);
#2803 = DIRECTION('',(-0.323844049028,0.946110475531,0.));
#2804 = ORIENTED_EDGE('',*,*,#2805,.F.);
#2805 = EDGE_CURVE('',#2806,#2798,#2808,.T.);
#2806 = VERTEX_POINT('',#2807);
#2807 = CARTESIAN_POINT('',(-46.394629,27.963582,0.));
#2808 = LINE('',#2809,#2810);
#2809 = CARTESIAN_POINT('',(-46.394629,27.963582,0.));
#2810 = VECTOR('',#2811,1.);
#2811 = DIRECTION('',(0.,0.,1.));
#2812 = ORIENTED_EDGE('',*,*,#2813,.F.);
#2813 = EDGE_CURVE('',#2775,#2806,#2814,.T.);
#2814 = LINE('',#2815,#2816);
#2815 = CARTESIAN_POINT('',(-46.169469,27.305777,0.));
#2816 = VECTOR('',#2817,1.);
#2817 = DIRECTION('',(-0.323844049028,0.946110475531,0.));
#2818 = PLANE('',#2819);
#2819 = AXIS2_PLACEMENT_3D('',#2820,#2821,#2822);
#2820 = CARTESIAN_POINT('',(-46.169469,27.305777,0.));
#2821 = DIRECTION('',(-0.946110475531,-0.323844049028,0.));
#2822 = DIRECTION('',(-0.323844049028,0.946110475531,0.));
#2823 = ADVANCED_FACE('',(#2824),#2849,.T.);
#2824 = FACE_BOUND('',#2825,.T.);
#2825 = EDGE_LOOP('',(#2826,#2827,#2835,#2843));
#2826 = ORIENTED_EDGE('',*,*,#2805,.T.);
#2827 = ORIENTED_EDGE('',*,*,#2828,.T.);
#2828 = EDGE_CURVE('',#2798,#2829,#2831,.T.);
#2829 = VERTEX_POINT('',#2830);
#2830 = CARTESIAN_POINT('',(-46.587659,28.650874,1.51));
#2831 = LINE('',#2832,#2833);
#2832 = CARTESIAN_POINT('',(-46.394629,27.963582,1.51));
#2833 = VECTOR('',#2834,1.);
#2834 = DIRECTION('',(-0.270393934673,0.962749770237,0.));
#2835 = ORIENTED_EDGE('',*,*,#2836,.F.);
#2836 = EDGE_CURVE('',#2837,#2829,#2839,.T.);
#2837 = VERTEX_POINT('',#2838);
#2838 = CARTESIAN_POINT('',(-46.587659,28.650874,0.));
#2839 = LINE('',#2840,#2841);
#2840 = CARTESIAN_POINT('',(-46.587659,28.650874,0.));
#2841 = VECTOR('',#2842,1.);
#2842 = DIRECTION('',(0.,0.,1.));
#2843 = ORIENTED_EDGE('',*,*,#2844,.F.);
#2844 = EDGE_CURVE('',#2806,#2837,#2845,.T.);
#2845 = LINE('',#2846,#2847);
#2846 = CARTESIAN_POINT('',(-46.394629,27.963582,0.));
#2847 = VECTOR('',#2848,1.);
#2848 = DIRECTION('',(-0.270393934673,0.962749770237,0.));
#2849 = PLANE('',#2850);
#2850 = AXIS2_PLACEMENT_3D('',#2851,#2852,#2853);
#2851 = CARTESIAN_POINT('',(-46.394629,27.963582,0.));
#2852 = DIRECTION('',(-0.962749770237,-0.270393934673,0.));
#2853 = DIRECTION('',(-0.270393934673,0.962749770237,0.));
#2854 = ADVANCED_FACE('',(#2855),#2880,.T.);
#2855 = FACE_BOUND('',#2856,.T.);
#2856 = EDGE_LOOP('',(#2857,#2858,#2866,#2874));
#2857 = ORIENTED_EDGE('',*,*,#2836,.T.);
#2858 = ORIENTED_EDGE('',*,*,#2859,.T.);
#2859 = EDGE_CURVE('',#2829,#2860,#2862,.T.);
#2860 = VERTEX_POINT('',#2861);
#2861 = CARTESIAN_POINT('',(-46.74764,29.368819,1.51));
#2862 = LINE('',#2863,#2864);
#2863 = CARTESIAN_POINT('',(-46.587659,28.650874,1.51));
#2864 = VECTOR('',#2865,1.);
#2865 = DIRECTION('',(-0.217497437208,0.976060891957,0.));
#2866 = ORIENTED_EDGE('',*,*,#2867,.F.);
#2867 = EDGE_CURVE('',#2868,#2860,#2870,.T.);
#2868 = VERTEX_POINT('',#2869);
#2869 = CARTESIAN_POINT('',(-46.74764,29.368819,0.));
#2870 = LINE('',#2871,#2872);
#2871 = CARTESIAN_POINT('',(-46.74764,29.368819,0.));
#2872 = VECTOR('',#2873,1.);
#2873 = DIRECTION('',(0.,0.,1.));
#2874 = ORIENTED_EDGE('',*,*,#2875,.F.);
#2875 = EDGE_CURVE('',#2837,#2868,#2876,.T.);
#2876 = LINE('',#2877,#2878);
#2877 = CARTESIAN_POINT('',(-46.587659,28.650874,0.));
#2878 = VECTOR('',#2879,1.);
#2879 = DIRECTION('',(-0.217497437208,0.976060891957,0.));
#2880 = PLANE('',#2881);
#2881 = AXIS2_PLACEMENT_3D('',#2882,#2883,#2884);
#2882 = CARTESIAN_POINT('',(-46.587659,28.650874,0.));
#2883 = DIRECTION('',(-0.976060891957,-0.217497437208,0.));
#2884 = DIRECTION('',(-0.217497437208,0.976060891957,0.));
#2885 = ADVANCED_FACE('',(#2886),#2911,.T.);
#2886 = FACE_BOUND('',#2887,.T.);
#2887 = EDGE_LOOP('',(#2888,#2889,#2897,#2905));
#2888 = ORIENTED_EDGE('',*,*,#2867,.T.);
#2889 = ORIENTED_EDGE('',*,*,#2890,.T.);
#2890 = EDGE_CURVE('',#2860,#2891,#2893,.T.);
#2891 = VERTEX_POINT('',#2892);
#2892 = CARTESIAN_POINT('',(-46.81477,29.738862,1.51));
#2893 = LINE('',#2894,#2895);
#2894 = CARTESIAN_POINT('',(-46.74764,29.368819,1.51));
#2895 = VECTOR('',#2896,1.);
#2896 = DIRECTION('',(-0.17849793517,0.983940286369,0.));
#2897 = ORIENTED_EDGE('',*,*,#2898,.F.);
#2898 = EDGE_CURVE('',#2899,#2891,#2901,.T.);
#2899 = VERTEX_POINT('',#2900);
#2900 = CARTESIAN_POINT('',(-46.81477,29.738862,0.));
#2901 = LINE('',#2902,#2903);
#2902 = CARTESIAN_POINT('',(-46.81477,29.738862,0.));
#2903 = VECTOR('',#2904,1.);
#2904 = DIRECTION('',(0.,0.,1.));
#2905 = ORIENTED_EDGE('',*,*,#2906,.F.);
#2906 = EDGE_CURVE('',#2868,#2899,#2907,.T.);
#2907 = LINE('',#2908,#2909);
#2908 = CARTESIAN_POINT('',(-46.74764,29.368819,0.));
#2909 = VECTOR('',#2910,1.);
#2910 = DIRECTION('',(-0.17849793517,0.983940286369,0.));
#2911 = PLANE('',#2912);
#2912 = AXIS2_PLACEMENT_3D('',#2913,#2914,#2915);
#2913 = CARTESIAN_POINT('',(-46.74764,29.368819,0.));
#2914 = DIRECTION('',(-0.983940286369,-0.17849793517,0.));
#2915 = DIRECTION('',(-0.17849793517,0.983940286369,0.));
#2916 = ADVANCED_FACE('',(#2917),#2942,.T.);
#2917 = FACE_BOUND('',#2918,.T.);
#2918 = EDGE_LOOP('',(#2919,#2920,#2928,#2936));
#2919 = ORIENTED_EDGE('',*,*,#2898,.T.);
#2920 = ORIENTED_EDGE('',*,*,#2921,.T.);
#2921 = EDGE_CURVE('',#2891,#2922,#2924,.T.);
#2922 = VERTEX_POINT('',#2923);
#2923 = CARTESIAN_POINT('',(-46.873493,30.118676,1.51));
#2924 = LINE('',#2925,#2926);
#2925 = CARTESIAN_POINT('',(-46.81477,29.738862,1.51));
#2926 = VECTOR('',#2927,1.);
#2927 = DIRECTION('',(-0.152794457076,0.988257989539,0.));
#2928 = ORIENTED_EDGE('',*,*,#2929,.F.);
#2929 = EDGE_CURVE('',#2930,#2922,#2932,.T.);
#2930 = VERTEX_POINT('',#2931);
#2931 = CARTESIAN_POINT('',(-46.873493,30.118676,0.));
#2932 = LINE('',#2933,#2934);
#2933 = CARTESIAN_POINT('',(-46.873493,30.118676,0.));
#2934 = VECTOR('',#2935,1.);
#2935 = DIRECTION('',(0.,0.,1.));
#2936 = ORIENTED_EDGE('',*,*,#2937,.F.);
#2937 = EDGE_CURVE('',#2899,#2930,#2938,.T.);
#2938 = LINE('',#2939,#2940);
#2939 = CARTESIAN_POINT('',(-46.81477,29.738862,0.));
#2940 = VECTOR('',#2941,1.);
#2941 = DIRECTION('',(-0.152794457076,0.988257989539,0.));
#2942 = PLANE('',#2943);
#2943 = AXIS2_PLACEMENT_3D('',#2944,#2945,#2946);
#2944 = CARTESIAN_POINT('',(-46.81477,29.738862,0.));
#2945 = DIRECTION('',(-0.988257989539,-0.152794457076,0.));
#2946 = DIRECTION('',(-0.152794457076,0.988257989539,0.));
#2947 = ADVANCED_FACE('',(#2948),#2973,.T.);
#2948 = FACE_BOUND('',#2949,.T.);
#2949 = EDGE_LOOP('',(#2950,#2951,#2959,#2967));
#2950 = ORIENTED_EDGE('',*,*,#2929,.T.);
#2951 = ORIENTED_EDGE('',*,*,#2952,.T.);
#2952 = EDGE_CURVE('',#2922,#2953,#2955,.T.);
#2953 = VERTEX_POINT('',#2954);
#2954 = CARTESIAN_POINT('',(-46.92316,30.505299,1.51));
#2955 = LINE('',#2956,#2957);
#2956 = CARTESIAN_POINT('',(-46.873493,30.118676,1.51));
#2957 = VECTOR('',#2958,1.);
#2958 = DIRECTION('',(-0.127416575684,0.991849291093,0.));
#2959 = ORIENTED_EDGE('',*,*,#2960,.F.);
#2960 = EDGE_CURVE('',#2961,#2953,#2963,.T.);
#2961 = VERTEX_POINT('',#2962);
#2962 = CARTESIAN_POINT('',(-46.92316,30.505299,0.));
#2963 = LINE('',#2964,#2965);
#2964 = CARTESIAN_POINT('',(-46.92316,30.505299,0.));
#2965 = VECTOR('',#2966,1.);
#2966 = DIRECTION('',(0.,0.,1.));
#2967 = ORIENTED_EDGE('',*,*,#2968,.F.);
#2968 = EDGE_CURVE('',#2930,#2961,#2969,.T.);
#2969 = LINE('',#2970,#2971);
#2970 = CARTESIAN_POINT('',(-46.873493,30.118676,0.));
#2971 = VECTOR('',#2972,1.);
#2972 = DIRECTION('',(-0.127416575684,0.991849291093,0.));
#2973 = PLANE('',#2974);
#2974 = AXIS2_PLACEMENT_3D('',#2975,#2976,#2977);
#2975 = CARTESIAN_POINT('',(-46.873493,30.118676,0.));
#2976 = DIRECTION('',(-0.991849291093,-0.127416575684,0.));
#2977 = DIRECTION('',(-0.127416575684,0.991849291093,0.));
#2978 = ADVANCED_FACE('',(#2979),#3004,.T.);
#2979 = FACE_BOUND('',#2980,.T.);
#2980 = EDGE_LOOP('',(#2981,#2982,#2990,#2998));
#2981 = ORIENTED_EDGE('',*,*,#2960,.T.);
#2982 = ORIENTED_EDGE('',*,*,#2983,.T.);
#2983 = EDGE_CURVE('',#2953,#2984,#2986,.T.);
#2984 = VERTEX_POINT('',#2985);
#2985 = CARTESIAN_POINT('',(-46.963975,30.90178,1.51));
#2986 = LINE('',#2987,#2988);
#2987 = CARTESIAN_POINT('',(-46.92316,30.505299,1.51));
#2988 = VECTOR('',#2989,1.);
#2989 = DIRECTION('',(-0.102401980459,0.994743099699,0.));
#2990 = ORIENTED_EDGE('',*,*,#2991,.F.);
#2991 = EDGE_CURVE('',#2992,#2984,#2994,.T.);
#2992 = VERTEX_POINT('',#2993);
#2993 = CARTESIAN_POINT('',(-46.963975,30.90178,0.));
#2994 = LINE('',#2995,#2996);
#2995 = CARTESIAN_POINT('',(-46.963975,30.90178,0.));
#2996 = VECTOR('',#2997,1.);
#2997 = DIRECTION('',(0.,0.,1.));
#2998 = ORIENTED_EDGE('',*,*,#2999,.F.);
#2999 = EDGE_CURVE('',#2961,#2992,#3000,.T.);
#3000 = LINE('',#3001,#3002);
#3001 = CARTESIAN_POINT('',(-46.92316,30.505299,0.));
#3002 = VECTOR('',#3003,1.);
#3003 = DIRECTION('',(-0.102401980459,0.994743099699,0.));
#3004 = PLANE('',#3005);
#3005 = AXIS2_PLACEMENT_3D('',#3006,#3007,#3008);
#3006 = CARTESIAN_POINT('',(-46.92316,30.505299,0.));
#3007 = DIRECTION('',(-0.994743099699,-0.102401980459,0.));
#3008 = DIRECTION('',(-0.102401980459,0.994743099699,0.));
#3009 = ADVANCED_FACE('',(#3010),#3035,.T.);
#3010 = FACE_BOUND('',#3011,.T.);
#3011 = EDGE_LOOP('',(#3012,#3013,#3021,#3029));
#3012 = ORIENTED_EDGE('',*,*,#2991,.T.);
#3013 = ORIENTED_EDGE('',*,*,#3014,.T.);
#3014 = EDGE_CURVE('',#2984,#3015,#3017,.T.);
#3015 = VERTEX_POINT('',#3016);
#3016 = CARTESIAN_POINT('',(-46.995482,31.305671,1.51));
#3017 = LINE('',#3018,#3019);
#3018 = CARTESIAN_POINT('',(-46.963975,30.90178,1.51));
#3019 = VECTOR('',#3020,1.);
#3020 = DIRECTION('',(-7.777239334687E-02,0.996971140421,0.));
#3021 = ORIENTED_EDGE('',*,*,#3022,.F.);
#3022 = EDGE_CURVE('',#3023,#3015,#3025,.T.);
#3023 = VERTEX_POINT('',#3024);
#3024 = CARTESIAN_POINT('',(-46.995482,31.305671,0.));
#3025 = LINE('',#3026,#3027);
#3026 = CARTESIAN_POINT('',(-46.995482,31.305671,0.));
#3027 = VECTOR('',#3028,1.);
#3028 = DIRECTION('',(0.,0.,1.));
#3029 = ORIENTED_EDGE('',*,*,#3030,.F.);
#3030 = EDGE_CURVE('',#2992,#3023,#3031,.T.);
#3031 = LINE('',#3032,#3033);
#3032 = CARTESIAN_POINT('',(-46.963975,30.90178,0.));
#3033 = VECTOR('',#3034,1.);
#3034 = DIRECTION('',(-7.777239334687E-02,0.996971140421,0.));
#3035 = PLANE('',#3036);
#3036 = AXIS2_PLACEMENT_3D('',#3037,#3038,#3039);
#3037 = CARTESIAN_POINT('',(-46.963975,30.90178,0.));
#3038 = DIRECTION('',(-0.996971140421,-7.777239334687E-02,0.));
#3039 = DIRECTION('',(-7.777239334687E-02,0.996971140421,0.));
#3040 = ADVANCED_FACE('',(#3041),#3066,.T.);
#3041 = FACE_BOUND('',#3042,.T.);
#3042 = EDGE_LOOP('',(#3043,#3044,#3052,#3060));
#3043 = ORIENTED_EDGE('',*,*,#3022,.T.);
#3044 = ORIENTED_EDGE('',*,*,#3045,.T.);
#3045 = EDGE_CURVE('',#3015,#3046,#3048,.T.);
#3046 = VERTEX_POINT('',#3047);
#3047 = CARTESIAN_POINT('',(-47.017683,31.719533,1.51));
#3048 = LINE('',#3049,#3050);
#3049 = CARTESIAN_POINT('',(-46.995482,31.305671,1.51));
#3050 = VECTOR('',#3051,1.);
#3051 = DIRECTION('',(-5.35664683292E-02,0.998564286098,0.));
#3052 = ORIENTED_EDGE('',*,*,#3053,.F.);
#3053 = EDGE_CURVE('',#3054,#3046,#3056,.T.);
#3054 = VERTEX_POINT('',#3055);
#3055 = CARTESIAN_POINT('',(-47.017683,31.719533,0.));
#3056 = LINE('',#3057,#3058);
#3057 = CARTESIAN_POINT('',(-47.017683,31.719533,0.));
#3058 = VECTOR('',#3059,1.);
#3059 = DIRECTION('',(0.,0.,1.));
#3060 = ORIENTED_EDGE('',*,*,#3061,.F.);
#3061 = EDGE_CURVE('',#3023,#3054,#3062,.T.);
#3062 = LINE('',#3063,#3064);
#3063 = CARTESIAN_POINT('',(-46.995482,31.305671,0.));
#3064 = VECTOR('',#3065,1.);
#3065 = DIRECTION('',(-5.35664683292E-02,0.998564286098,0.));
#3066 = PLANE('',#3067);
#3067 = AXIS2_PLACEMENT_3D('',#3068,#3069,#3070);
#3068 = CARTESIAN_POINT('',(-46.995482,31.305671,0.));
#3069 = DIRECTION('',(-0.998564286098,-5.35664683292E-02,0.));
#3070 = DIRECTION('',(-5.35664683292E-02,0.998564286098,0.));
#3071 = ADVANCED_FACE('',(#3072),#3088,.T.);
#3072 = FACE_BOUND('',#3073,.T.);
#3073 = EDGE_LOOP('',(#3074,#3075,#3081,#3082));
#3074 = ORIENTED_EDGE('',*,*,#3053,.T.);
#3075 = ORIENTED_EDGE('',*,*,#3076,.T.);
#3076 = EDGE_CURVE('',#3046,#614,#3077,.T.);
#3077 = LINE('',#3078,#3079);
#3078 = CARTESIAN_POINT('',(-47.017683,31.719533,1.51));
#3079 = VECTOR('',#3080,1.);
#3080 = DIRECTION('',(6.828691387553E-05,0.999999997668,0.));
#3081 = ORIENTED_EDGE('',*,*,#611,.F.);
#3082 = ORIENTED_EDGE('',*,*,#3083,.F.);
#3083 = EDGE_CURVE('',#3054,#612,#3084,.T.);
#3084 = LINE('',#3085,#3086);
#3085 = CARTESIAN_POINT('',(-47.017683,31.719533,0.));
#3086 = VECTOR('',#3087,1.);
#3087 = DIRECTION('',(6.828691387553E-05,0.999999997668,0.));
#3088 = PLANE('',#3089);
#3089 = AXIS2_PLACEMENT_3D('',#3090,#3091,#3092);
#3090 = CARTESIAN_POINT('',(-47.017683,31.719533,0.));
#3091 = DIRECTION('',(-0.999999997668,6.828691387553E-05,0.));
#3092 = DIRECTION('',(6.828691387553E-05,0.999999997668,0.));
#3093 = ADVANCED_FACE('',(#3094),#3121,.F.);
#3094 = FACE_BOUND('',#3095,.T.);
#3095 = EDGE_LOOP('',(#3096,#3106,#3113,#3114));
#3096 = ORIENTED_EDGE('',*,*,#3097,.T.);
#3097 = EDGE_CURVE('',#3098,#3100,#3102,.T.);
#3098 = VERTEX_POINT('',#3099);
#3099 = CARTESIAN_POINT('',(40.242028,-1.266732,0.));
#3100 = VERTEX_POINT('',#3101);
#3101 = CARTESIAN_POINT('',(40.242028,-1.266732,1.51));
#3102 = LINE('',#3103,#3104);
#3103 = CARTESIAN_POINT('',(40.242028,-1.266732,0.));
#3104 = VECTOR('',#3105,1.);
#3105 = DIRECTION('',(0.,0.,1.));
#3106 = ORIENTED_EDGE('',*,*,#3107,.T.);
#3107 = EDGE_CURVE('',#3100,#3100,#3108,.T.);
#3108 = CIRCLE('',#3109,1.032914);
#3109 = AXIS2_PLACEMENT_3D('',#3110,#3111,#3112);
#3110 = CARTESIAN_POINT('',(39.209114,-1.266732,1.51));
#3111 = DIRECTION('',(0.,0.,1.));
#3112 = DIRECTION('',(1.,0.,-0.));
#3113 = ORIENTED_EDGE('',*,*,#3097,.F.);
#3114 = ORIENTED_EDGE('',*,*,#3115,.F.);
#3115 = EDGE_CURVE('',#3098,#3098,#3116,.T.);
#3116 = CIRCLE('',#3117,1.032914);
#3117 = AXIS2_PLACEMENT_3D('',#3118,#3119,#3120);
#3118 = CARTESIAN_POINT('',(39.209114,-1.266732,0.));
#3119 = DIRECTION('',(0.,0.,1.));
#3120 = DIRECTION('',(1.,0.,-0.));
#3121 = CYLINDRICAL_SURFACE('',#3122,1.032914);
#3122 = AXIS2_PLACEMENT_3D('',#3123,#3124,#3125);
#3123 = CARTESIAN_POINT('',(39.209114,-1.266732,0.));
#3124 = DIRECTION('',(-0.,-0.,-1.));
#3125 = DIRECTION('',(1.,0.,-0.));
#3126 = ADVANCED_FACE('',(#3127),#3154,.F.);
#3127 = FACE_BOUND('',#3128,.T.);
#3128 = EDGE_LOOP('',(#3129,#3139,#3146,#3147));
#3129 = ORIENTED_EDGE('',*,*,#3130,.T.);
#3130 = EDGE_CURVE('',#3131,#3133,#3135,.T.);
#3131 = VERTEX_POINT('',#3132);
#3132 = CARTESIAN_POINT('',(-38.3708,58.0485,0.));
#3133 = VERTEX_POINT('',#3134);
#3134 = CARTESIAN_POINT('',(-38.3708,58.0485,1.51));
#3135 = LINE('',#3136,#3137);
#3136 = CARTESIAN_POINT('',(-38.3708,58.0485,0.));
#3137 = VECTOR('',#3138,1.);
#3138 = DIRECTION('',(0.,0.,1.));
#3139 = ORIENTED_EDGE('',*,*,#3140,.T.);
#3140 = EDGE_CURVE('',#3133,#3133,#3141,.T.);
#3141 = CIRCLE('',#3142,1.05);
#3142 = AXIS2_PLACEMENT_3D('',#3143,#3144,#3145);
#3143 = CARTESIAN_POINT('',(-39.4208,58.0485,1.51));
#3144 = DIRECTION('',(0.,0.,1.));
#3145 = DIRECTION('',(1.,0.,-0.));
#3146 = ORIENTED_EDGE('',*,*,#3130,.F.);
#3147 = ORIENTED_EDGE('',*,*,#3148,.F.);
#3148 = EDGE_CURVE('',#3131,#3131,#3149,.T.);
#3149 = CIRCLE('',#3150,1.05);
#3150 = AXIS2_PLACEMENT_3D('',#3151,#3152,#3153);
#3151 = CARTESIAN_POINT('',(-39.4208,58.0485,0.));
#3152 = DIRECTION('',(0.,0.,1.));
#3153 = DIRECTION('',(1.,0.,-0.));
#3154 = CYLINDRICAL_SURFACE('',#3155,1.05);
#3155 = AXIS2_PLACEMENT_3D('',#3156,#3157,#3158);
#3156 = CARTESIAN_POINT('',(-39.4208,58.0485,0.));
#3157 = DIRECTION('',(-0.,-0.,-1.));
#3158 = DIRECTION('',(1.,0.,-0.));
#3159 = ADVANCED_FACE('',(#3160),#3187,.F.);
#3160 = FACE_BOUND('',#3161,.T.);
#3161 = EDGE_LOOP('',(#3162,#3172,#3179,#3180));
#3162 = ORIENTED_EDGE('',*,*,#3163,.T.);
#3163 = EDGE_CURVE('',#3164,#3166,#3168,.T.);
#3164 = VERTEX_POINT('',#3165);
#3165 = CARTESIAN_POINT('',(-37.896588,65.532,0.));
#3166 = VERTEX_POINT('',#3167);
#3167 = CARTESIAN_POINT('',(-37.896588,65.532,1.51));
#3168 = LINE('',#3169,#3170);
#3169 = CARTESIAN_POINT('',(-37.896588,65.532,0.));
#3170 = VECTOR('',#3171,1.);
#3171 = DIRECTION('',(0.,0.,1.));
#3172 = ORIENTED_EDGE('',*,*,#3173,.T.);
#3173 = EDGE_CURVE('',#3166,#3166,#3174,.T.);
#3174 = CIRCLE('',#3175,1.524212);
#3175 = AXIS2_PLACEMENT_3D('',#3176,#3177,#3178);
#3176 = CARTESIAN_POINT('',(-39.4208,65.532,1.51));
#3177 = DIRECTION('',(0.,0.,1.));
#3178 = DIRECTION('',(1.,0.,-0.));
#3179 = ORIENTED_EDGE('',*,*,#3163,.F.);
#3180 = ORIENTED_EDGE('',*,*,#3181,.F.);
#3181 = EDGE_CURVE('',#3164,#3164,#3182,.T.);
#3182 = CIRCLE('',#3183,1.524212);
#3183 = AXIS2_PLACEMENT_3D('',#3184,#3185,#3186);
#3184 = CARTESIAN_POINT('',(-39.4208,65.532,0.));
#3185 = DIRECTION('',(0.,0.,1.));
#3186 = DIRECTION('',(1.,0.,-0.));
#3187 = CYLINDRICAL_SURFACE('',#3188,1.524212);
#3188 = AXIS2_PLACEMENT_3D('',#3189,#3190,#3191);
#3189 = CARTESIAN_POINT('',(-39.4208,65.532,0.));
#3190 = DIRECTION('',(-0.,-0.,-1.));
#3191 = DIRECTION('',(1.,0.,-0.));
#3192 = ADVANCED_FACE('',(#3193,#3275,#3278,#3281),#3284,.F.);
#3193 = FACE_BOUND('',#3194,.T.);
#3194 = EDGE_LOOP('',(#3195,#3196,#3197,#3198,#3199,#3200,#3201,#3202,
    #3203,#3204,#3205,#3206,#3207,#3208,#3209,#3210,#3211,#3212,#3213,
    #3214,#3215,#3216,#3217,#3218,#3219,#3220,#3221,#3222,#3223,#3224,
    #3225,#3226,#3227,#3228,#3229,#3230,#3231,#3232,#3233,#3234,#3235,
    #3236,#3237,#3238,#3239,#3240,#3241,#3242,#3243,#3244,#3245,#3246,
    #3247,#3248,#3249,#3250,#3251,#3252,#3253,#3254,#3255,#3256,#3257,
    #3258,#3259,#3260,#3261,#3262,#3263,#3264,#3265,#3266,#3267,#3268,
    #3269,#3270,#3271,#3272,#3273,#3274));
#3195 = ORIENTED_EDGE('',*,*,#638,.T.);
#3196 = ORIENTED_EDGE('',*,*,#670,.T.);
#3197 = ORIENTED_EDGE('',*,*,#701,.T.);
#3198 = ORIENTED_EDGE('',*,*,#732,.T.);
#3199 = ORIENTED_EDGE('',*,*,#763,.T.);
#3200 = ORIENTED_EDGE('',*,*,#794,.T.);
#3201 = ORIENTED_EDGE('',*,*,#825,.T.);
#3202 = ORIENTED_EDGE('',*,*,#856,.T.);
#3203 = ORIENTED_EDGE('',*,*,#887,.T.);
#3204 = ORIENTED_EDGE('',*,*,#918,.T.);
#3205 = ORIENTED_EDGE('',*,*,#949,.T.);
#3206 = ORIENTED_EDGE('',*,*,#980,.T.);
#3207 = ORIENTED_EDGE('',*,*,#1011,.T.);
#3208 = ORIENTED_EDGE('',*,*,#1042,.T.);
#3209 = ORIENTED_EDGE('',*,*,#1073,.T.);
#3210 = ORIENTED_EDGE('',*,*,#1104,.T.);
#3211 = ORIENTED_EDGE('',*,*,#1135,.T.);
#3212 = ORIENTED_EDGE('',*,*,#1166,.T.);
#3213 = ORIENTED_EDGE('',*,*,#1197,.T.);
#3214 = ORIENTED_EDGE('',*,*,#1228,.T.);
#3215 = ORIENTED_EDGE('',*,*,#1259,.T.);
#3216 = ORIENTED_EDGE('',*,*,#1290,.T.);
#3217 = ORIENTED_EDGE('',*,*,#1321,.T.);
#3218 = ORIENTED_EDGE('',*,*,#1352,.T.);
#3219 = ORIENTED_EDGE('',*,*,#1383,.T.);
#3220 = ORIENTED_EDGE('',*,*,#1415,.T.);
#3221 = ORIENTED_EDGE('',*,*,#1448,.T.);
#3222 = ORIENTED_EDGE('',*,*,#1480,.T.);
#3223 = ORIENTED_EDGE('',*,*,#1511,.T.);
#3224 = ORIENTED_EDGE('',*,*,#1542,.T.);
#3225 = ORIENTED_EDGE('',*,*,#1573,.T.);
#3226 = ORIENTED_EDGE('',*,*,#1604,.T.);
#3227 = ORIENTED_EDGE('',*,*,#1635,.T.);
#3228 = ORIENTED_EDGE('',*,*,#1666,.T.);
#3229 = ORIENTED_EDGE('',*,*,#1697,.T.);
#3230 = ORIENTED_EDGE('',*,*,#1728,.T.);
#3231 = ORIENTED_EDGE('',*,*,#1759,.T.);
#3232 = ORIENTED_EDGE('',*,*,#1790,.T.);
#3233 = ORIENTED_EDGE('',*,*,#1821,.T.);
#3234 = ORIENTED_EDGE('',*,*,#1852,.T.);
#3235 = ORIENTED_EDGE('',*,*,#1883,.T.);
#3236 = ORIENTED_EDGE('',*,*,#1914,.T.);
#3237 = ORIENTED_EDGE('',*,*,#1945,.T.);
#3238 = ORIENTED_EDGE('',*,*,#1976,.T.);
#3239 = ORIENTED_EDGE('',*,*,#2007,.T.);
#3240 = ORIENTED_EDGE('',*,*,#2038,.T.);
#3241 = ORIENTED_EDGE('',*,*,#2069,.T.);
#3242 = ORIENTED_EDGE('',*,*,#2100,.T.);
#3243 = ORIENTED_EDGE('',*,*,#2131,.T.);
#3244 = ORIENTED_EDGE('',*,*,#2162,.T.);
#3245 = ORIENTED_EDGE('',*,*,#2193,.T.);
#3246 = ORIENTED_EDGE('',*,*,#2224,.T.);
#3247 = ORIENTED_EDGE('',*,*,#2255,.T.);
#3248 = ORIENTED_EDGE('',*,*,#2286,.T.);
#3249 = ORIENTED_EDGE('',*,*,#2317,.T.);
#3250 = ORIENTED_EDGE('',*,*,#2348,.T.);
#3251 = ORIENTED_EDGE('',*,*,#2379,.T.);
#3252 = ORIENTED_EDGE('',*,*,#2410,.T.);
#3253 = ORIENTED_EDGE('',*,*,#2441,.T.);
#3254 = ORIENTED_EDGE('',*,*,#2472,.T.);
#3255 = ORIENTED_EDGE('',*,*,#2503,.T.);
#3256 = ORIENTED_EDGE('',*,*,#2534,.T.);
#3257 = ORIENTED_EDGE('',*,*,#2565,.T.);
#3258 = ORIENTED_EDGE('',*,*,#2596,.T.);
#3259 = ORIENTED_EDGE('',*,*,#2627,.T.);
#3260 = ORIENTED_EDGE('',*,*,#2658,.T.);
#3261 = ORIENTED_EDGE('',*,*,#2689,.T.);
#3262 = ORIENTED_EDGE('',*,*,#2720,.T.);
#3263 = ORIENTED_EDGE('',*,*,#2751,.T.);
#3264 = ORIENTED_EDGE('',*,*,#2782,.T.);
#3265 = ORIENTED_EDGE('',*,*,#2813,.T.);
#3266 = ORIENTED_EDGE('',*,*,#2844,.T.);
#3267 = ORIENTED_EDGE('',*,*,#2875,.T.);
#3268 = ORIENTED_EDGE('',*,*,#2906,.T.);
#3269 = ORIENTED_EDGE('',*,*,#2937,.T.);
#3270 = ORIENTED_EDGE('',*,*,#2968,.T.);
#3271 = ORIENTED_EDGE('',*,*,#2999,.T.);
#3272 = ORIENTED_EDGE('',*,*,#3030,.T.);
#3273 = ORIENTED_EDGE('',*,*,#3061,.T.);
#3274 = ORIENTED_EDGE('',*,*,#3083,.T.);
#3275 = FACE_BOUND('',#3276,.T.);
#3276 = EDGE_LOOP('',(#3277));
#3277 = ORIENTED_EDGE('',*,*,#3115,.T.);
#3278 = FACE_BOUND('',#3279,.T.);
#3279 = EDGE_LOOP('',(#3280));
#3280 = ORIENTED_EDGE('',*,*,#3148,.T.);
#3281 = FACE_BOUND('',#3282,.T.);
#3282 = EDGE_LOOP('',(#3283));
#3283 = ORIENTED_EDGE('',*,*,#3181,.T.);
#3284 = PLANE('',#3285);
#3285 = AXIS2_PLACEMENT_3D('',#3286,#3287,#3288);
#3286 = CARTESIAN_POINT('',(0.,0.,0.));
#3287 = DIRECTION('',(0.,0.,1.));
#3288 = DIRECTION('',(1.,0.,-0.));
#3289 = ADVANCED_FACE('',(#3290,#3372,#3375,#3378),#3381,.T.);
#3290 = FACE_BOUND('',#3291,.F.);
#3291 = EDGE_LOOP('',(#3292,#3293,#3294,#3295,#3296,#3297,#3298,#3299,
    #3300,#3301,#3302,#3303,#3304,#3305,#3306,#3307,#3308,#3309,#3310,
    #3311,#3312,#3313,#3314,#3315,#3316,#3317,#3318,#3319,#3320,#3321,
    #3322,#3323,#3324,#3325,#3326,#3327,#3328,#3329,#3330,#3331,#3332,
    #3333,#3334,#3335,#3336,#3337,#3338,#3339,#3340,#3341,#3342,#3343,
    #3344,#3345,#3346,#3347,#3348,#3349,#3350,#3351,#3352,#3353,#3354,
    #3355,#3356,#3357,#3358,#3359,#3360,#3361,#3362,#3363,#3364,#3365,
    #3366,#3367,#3368,#3369,#3370,#3371));
#3292 = ORIENTED_EDGE('',*,*,#621,.T.);
#3293 = ORIENTED_EDGE('',*,*,#654,.T.);
#3294 = ORIENTED_EDGE('',*,*,#685,.T.);
#3295 = ORIENTED_EDGE('',*,*,#716,.T.);
#3296 = ORIENTED_EDGE('',*,*,#747,.T.);
#3297 = ORIENTED_EDGE('',*,*,#778,.T.);
#3298 = ORIENTED_EDGE('',*,*,#809,.T.);
#3299 = ORIENTED_EDGE('',*,*,#840,.T.);
#3300 = ORIENTED_EDGE('',*,*,#871,.T.);
#3301 = ORIENTED_EDGE('',*,*,#902,.T.);
#3302 = ORIENTED_EDGE('',*,*,#933,.T.);
#3303 = ORIENTED_EDGE('',*,*,#964,.T.);
#3304 = ORIENTED_EDGE('',*,*,#995,.T.);
#3305 = ORIENTED_EDGE('',*,*,#1026,.T.);
#3306 = ORIENTED_EDGE('',*,*,#1057,.T.);
#3307 = ORIENTED_EDGE('',*,*,#1088,.T.);
#3308 = ORIENTED_EDGE('',*,*,#1119,.T.);
#3309 = ORIENTED_EDGE('',*,*,#1150,.T.);
#3310 = ORIENTED_EDGE('',*,*,#1181,.T.);
#3311 = ORIENTED_EDGE('',*,*,#1212,.T.);
#3312 = ORIENTED_EDGE('',*,*,#1243,.T.);
#3313 = ORIENTED_EDGE('',*,*,#1274,.T.);
#3314 = ORIENTED_EDGE('',*,*,#1305,.T.);
#3315 = ORIENTED_EDGE('',*,*,#1336,.T.);
#3316 = ORIENTED_EDGE('',*,*,#1367,.T.);
#3317 = ORIENTED_EDGE('',*,*,#1398,.T.);
#3318 = ORIENTED_EDGE('',*,*,#1431,.T.);
#3319 = ORIENTED_EDGE('',*,*,#1464,.T.);
#3320 = ORIENTED_EDGE('',*,*,#1495,.T.);
#3321 = ORIENTED_EDGE('',*,*,#1526,.T.);
#3322 = ORIENTED_EDGE('',*,*,#1557,.T.);
#3323 = ORIENTED_EDGE('',*,*,#1588,.T.);
#3324 = ORIENTED_EDGE('',*,*,#1619,.T.);
#3325 = ORIENTED_EDGE('',*,*,#1650,.T.);
#3326 = ORIENTED_EDGE('',*,*,#1681,.T.);
#3327 = ORIENTED_EDGE('',*,*,#1712,.T.);
#3328 = ORIENTED_EDGE('',*,*,#1743,.T.);
#3329 = ORIENTED_EDGE('',*,*,#1774,.T.);
#3330 = ORIENTED_EDGE('',*,*,#1805,.T.);
#3331 = ORIENTED_EDGE('',*,*,#1836,.T.);
#3332 = ORIENTED_EDGE('',*,*,#1867,.T.);
#3333 = ORIENTED_EDGE('',*,*,#1898,.T.);
#3334 = ORIENTED_EDGE('',*,*,#1929,.T.);
#3335 = ORIENTED_EDGE('',*,*,#1960,.T.);
#3336 = ORIENTED_EDGE('',*,*,#1991,.T.);
#3337 = ORIENTED_EDGE('',*,*,#2022,.T.);
#3338 = ORIENTED_EDGE('',*,*,#2053,.T.);
#3339 = ORIENTED_EDGE('',*,*,#2084,.T.);
#3340 = ORIENTED_EDGE('',*,*,#2115,.T.);
#3341 = ORIENTED_EDGE('',*,*,#2146,.T.);
#3342 = ORIENTED_EDGE('',*,*,#2177,.T.);
#3343 = ORIENTED_EDGE('',*,*,#2208,.T.);
#3344 = ORIENTED_EDGE('',*,*,#2239,.T.);
#3345 = ORIENTED_EDGE('',*,*,#2270,.T.);
#3346 = ORIENTED_EDGE('',*,*,#2301,.T.);
#3347 = ORIENTED_EDGE('',*,*,#2332,.T.);
#3348 = ORIENTED_EDGE('',*,*,#2363,.T.);
#3349 = ORIENTED_EDGE('',*,*,#2394,.T.);
#3350 = ORIENTED_EDGE('',*,*,#2425,.T.);
#3351 = ORIENTED_EDGE('',*,*,#2456,.T.);
#3352 = ORIENTED_EDGE('',*,*,#2487,.T.);
#3353 = ORIENTED_EDGE('',*,*,#2518,.T.);
#3354 = ORIENTED_EDGE('',*,*,#2549,.T.);
#3355 = ORIENTED_EDGE('',*,*,#2580,.T.);
#3356 = ORIENTED_EDGE('',*,*,#2611,.T.);
#3357 = ORIENTED_EDGE('',*,*,#2642,.T.);
#3358 = ORIENTED_EDGE('',*,*,#2673,.T.);
#3359 = ORIENTED_EDGE('',*,*,#2704,.T.);
#3360 = ORIENTED_EDGE('',*,*,#2735,.T.);
#3361 = ORIENTED_EDGE('',*,*,#2766,.T.);
#3362 = ORIENTED_EDGE('',*,*,#2797,.T.);
#3363 = ORIENTED_EDGE('',*,*,#2828,.T.);
#3364 = ORIENTED_EDGE('',*,*,#2859,.T.);
#3365 = ORIENTED_EDGE('',*,*,#2890,.T.);
#3366 = ORIENTED_EDGE('',*,*,#2921,.T.);
#3367 = ORIENTED_EDGE('',*,*,#2952,.T.);
#3368 = ORIENTED_EDGE('',*,*,#2983,.T.);
#3369 = ORIENTED_EDGE('',*,*,#3014,.T.);
#3370 = ORIENTED_EDGE('',*,*,#3045,.T.);
#3371 = ORIENTED_EDGE('',*,*,#3076,.T.);
#3372 = FACE_BOUND('',#3373,.F.);
#3373 = EDGE_LOOP('',(#3374));
#3374 = ORIENTED_EDGE('',*,*,#3107,.T.);
#3375 = FACE_BOUND('',#3376,.F.);
#3376 = EDGE_LOOP('',(#3377));
#3377 = ORIENTED_EDGE('',*,*,#3140,.T.);
#3378 = FACE_BOUND('',#3379,.F.);
#3379 = EDGE_LOOP('',(#3380));
#3380 = ORIENTED_EDGE('',*,*,#3173,.T.);
#3381 = PLANE('',#3382);
#3382 = AXIS2_PLACEMENT_3D('',#3383,#3384,#3385);
#3383 = CARTESIAN_POINT('',(0.,0.,1.51));
#3384 = DIRECTION('',(0.,0.,1.));
#3385 = DIRECTION('',(1.,0.,-0.));
#3386 = ( GEOMETRIC_REPRESENTATION_CONTEXT(3) 
GLOBAL_UNCERTAINTY_ASSIGNED_CONTEXT((#3390)) 
GLOBAL_UNIT_ASSIGNED_CONTEXT((#3387,#3388,#3389)) REPRESENTATION_CONTEXT
('Context #1','3D Context with UNIT and UNCERTAINTY') );
#3387 = ( LENGTH_UNIT() NAMED_UNIT(*) SI_UNIT(.MILLI.,.METRE.) );
#3388 = ( NAMED_UNIT(*) PLANE_ANGLE_UNIT() SI_UNIT($,.RADIAN.) );
#3389 = ( NAMED_UNIT(*) SI_UNIT($,.STERADIAN.) SOLID_ANGLE_UNIT() );
#3390 = UNCERTAINTY_MEASURE_WITH_UNIT(LENGTH_MEASURE(1.E-07),#3387,
  'distance_accuracy_value','confusion accuracy');
#3391 = CONTEXT_DEPENDENT_SHAPE_REPRESENTATION(#3392,#3394);
#3392 = ( REPRESENTATION_RELATIONSHIP('','',#604,#10) 
REPRESENTATION_RELATIONSHIP_WITH_TRANSFORMATION(#3393) 
SHAPE_REPRESENTATION_RELATIONSHIP() );
#3393 = ITEM_DEFINED_TRANSFORMATION('','',#11,#19);
#3394 = PRODUCT_DEFINITION_SHAPE('Placement','Placement of an item',
  #3395);
#3395 = NEXT_ASSEMBLY_USAGE_OCCURRENCE('2','=>[0:1:1:3]','',#5,#599,$);
#3396 = PRODUCT_RELATED_PRODUCT_CATEGORY('part',$,(#601));
#3397 = MECHANICAL_DESIGN_GEOMETRIC_PRESENTATION_REPRESENTATION('',(
    #3398),#3386);
#3398 = STYLED_ITEM('color',(#3399),#605);
#3399 = PRESENTATION_STYLE_ASSIGNMENT((#3400));
#3400 = SURFACE_STYLE_USAGE(.BOTH.,#3401);
#3401 = SURFACE_SIDE_STYLE('',(#3402));
#3402 = SURFACE_STYLE_FILL_AREA(#3403);
#3403 = FILL_AREA_STYLE('',(#3404));
#3404 = FILL_AREA_STYLE_COLOUR('',#3405);
#3405 = COLOUR_RGB('',0.313304153717,0.484529207832,0.410020903123);
#3406 = MECHANICAL_DESIGN_GEOMETRIC_PRESENTATION_REPRESENTATION('',(
    #3407,#3417,#3426,#3435),#586);
#3407 = STYLED_ITEM('color',(#3408),#39);
#3408 = PRESENTATION_STYLE_ASSIGNMENT((#3409));
#3409 = SURFACE_STYLE_USAGE(.BOTH.,#3410);
#3410 = SURFACE_SIDE_STYLE('',(#3411,#3415));
#3411 = SURFACE_STYLE_FILL_AREA(#3412);
#3412 = FILL_AREA_STYLE('',(#3413));
#3413 = FILL_AREA_STYLE_COLOUR('',#3414);
#3414 = DRAUGHTING_PRE_DEFINED_COLOUR('white');
#3415 = SURFACE_STYLE_RENDERING_WITH_PROPERTIES(.NORMAL_SHADING.,#3414,(
    #3416));
#3416 = SURFACE_STYLE_TRANSPARENT(0.100000023842);
#3417 = STYLED_ITEM('color',(#3418),#206);
#3418 = PRESENTATION_STYLE_ASSIGNMENT((#3419));
#3419 = SURFACE_STYLE_USAGE(.BOTH.,#3420);
#3420 = SURFACE_SIDE_STYLE('',(#3421,#3424));
#3421 = SURFACE_STYLE_FILL_AREA(#3422);
#3422 = FILL_AREA_STYLE('',(#3423));
#3423 = FILL_AREA_STYLE_COLOUR('',#3414);
#3424 = SURFACE_STYLE_RENDERING_WITH_PROPERTIES(.NORMAL_SHADING.,#3414,(
    #3425));
#3425 = SURFACE_STYLE_TRANSPARENT(0.100000023842);
#3426 = STYLED_ITEM('color',(#3427),#283);
#3427 = PRESENTATION_STYLE_ASSIGNMENT((#3428));
#3428 = SURFACE_STYLE_USAGE(.BOTH.,#3429);
#3429 = SURFACE_SIDE_STYLE('',(#3430,#3433));
#3430 = SURFACE_STYLE_FILL_AREA(#3431);
#3431 = FILL_AREA_STYLE('',(#3432));
#3432 = FILL_AREA_STYLE_COLOUR('',#3414);
#3433 = SURFACE_STYLE_RENDERING_WITH_PROPERTIES(.NORMAL_SHADING.,#3414,(
    #3434));
#3434 = SURFACE_STYLE_TRANSPARENT(0.100000023842);
#3435 = STYLED_ITEM('color',(#3436),#495);
#3436 = PRESENTATION_STYLE_ASSIGNMENT((#3437));
#3437 = SURFACE_STYLE_USAGE(.BOTH.,#3438);
#3438 = SURFACE_SIDE_STYLE('',(#3439,#3442));
#3439 = SURFACE_STYLE_FILL_AREA(#3440);
#3440 = FILL_AREA_STYLE('',(#3441));
#3441 = FILL_AREA_STYLE_COLOUR('',#3414);
#3442 = SURFACE_STYLE_RENDERING_WITH_PROPERTIES(.NORMAL_SHADING.,#3414,(
    #3443));
#3443 = SURFACE_STYLE_TRANSPARENT(0.100000023842);
ENDSEC;
END-ISO-10303-21;
