ISO-10303-21;
HEADER;
FILE_DESCRIPTION(('KiCad electronic assembly'),'2;1');
FILE_NAME('Target.step','2026-04-27T13:49:02',('Pcbnew'),('Kicad'),
  'Open CASCADE STEP processor 7.9','KiCad to STEP converter','Unknown'
  );
FILE_SCHEMA(('AUTOMOTIVE_DESIGN { 1 0 10303 214 1 1 1 1 }'));
ENDSEC;
DATA;
#1 = APPLICATION_PROTOCOL_DEFINITION('international standard',
  'automotive_design',2000,#2);
#2 = APPLICATION_CONTEXT(
  'core data for automotive mechanical design processes');
#3 = SHAPE_DEFINITION_REPRESENTATION(#4,#10);
#4 = PRODUCT_DEFINITION_SHAPE('','',#5);
#5 = PRODUCT_DEFINITION('design','',#6,#9);
#6 = PRODUCT_DEFINITION_FORMATION('','',#7);
#7 = PRODUCT('Target 1','Target 1','',(#8));
#8 = PRODUCT_CONTEXT('',#2,'mechanical');
#9 = PRODUCT_DEFINITION_CONTEXT('part definition',#2,'design');
#10 = SHAPE_REPRESENTATION('',(#11,#15,#19),#23);
#11 = AXIS2_PLACEMENT_3D('',#12,#13,#14);
#12 = CARTESIAN_POINT('',(0.,0.,0.));
#13 = DIRECTION('',(0.,0.,1.));
#14 = DIRECTION('',(1.,0.,-0.));
#15 = AXIS2_PLACEMENT_3D('',#16,#17,#18);
#16 = CARTESIAN_POINT('',(0.,0.,0.));
#17 = DIRECTION('',(0.,0.,1.));
#18 = DIRECTION('',(1.,0.,-0.));
#19 = AXIS2_PLACEMENT_3D('',#20,#21,#22);
#20 = CARTESIAN_POINT('',(0.,0.,0.));
#21 = DIRECTION('',(0.,0.,1.));
#22 = DIRECTION('',(1.,0.,-0.));
#23 = ( GEOMETRIC_REPRESENTATION_CONTEXT(3) 
GLOBAL_UNCERTAINTY_ASSIGNED_CONTEXT((#27)) GLOBAL_UNIT_ASSIGNED_CONTEXT(
(#24,#25,#26)) REPRESENTATION_CONTEXT('Context #1',
  '3D Context with UNIT and UNCERTAINTY') );
#24 = ( LENGTH_UNIT() NAMED_UNIT(*) SI_UNIT(.MILLI.,.METRE.) );
#25 = ( NAMED_UNIT(*) PLANE_ANGLE_UNIT() SI_UNIT($,.RADIAN.) );
#26 = ( NAMED_UNIT(*) SI_UNIT($,.STERADIAN.) SOLID_ANGLE_UNIT() );
#27 = UNCERTAINTY_MEASURE_WITH_UNIT(LENGTH_MEASURE(1.E-07),#24,
  'distance_accuracy_value','confusion accuracy');
#28 = PRODUCT_RELATED_PRODUCT_CATEGORY('part',$,(#7));
#29 = SHAPE_DEFINITION_REPRESENTATION(#30,#36);
#30 = PRODUCT_DEFINITION_SHAPE('','',#31);
#31 = PRODUCT_DEFINITION('design','',#32,#35);
#32 = PRODUCT_DEFINITION_FORMATION('','',#33);
#33 = PRODUCT('TargetGrande_silkscreen','TargetGrande_silkscreen','',(
    #34));
#34 = PRODUCT_CONTEXT('',#2,'mechanical');
#35 = PRODUCT_DEFINITION_CONTEXT('part definition',#2,'design');
#36 = SHAPE_REPRESENTATION('',(#11,#37,#204,#281,#493,#586,#646),#698);
#37 = SHELL_BASED_SURFACE_MODEL('',(#38));
#38 = OPEN_SHELL('',(#39));
#39 = ADVANCED_FACE('',(#40),#199,.T.);
#40 = FACE_BOUND('',#41,.F.);
#41 = EDGE_LOOP('',(#42,#53,#61,#69,#77,#85,#93,#101,#110,#118,#127,#135
    ,#143,#151,#160,#168,#176,#184,#193));
#42 = ORIENTED_EDGE('',*,*,#43,.T.);
#43 = EDGE_CURVE('',#44,#46,#48,.T.);
#44 = VERTEX_POINT('',#45);
#45 = CARTESIAN_POINT('',(-29.364248,106.356444,1.585));
#46 = VERTEX_POINT('',#47);
#47 = CARTESIAN_POINT('',(-28.854853,106.347114,1.585));
#48 = CIRCLE('',#49,0.450326844012);
#49 = AXIS2_PLACEMENT_3D('',#50,#51,#52);
#50 = CARTESIAN_POINT('',(-29.11635096989,105.980490108,1.585));
#51 = DIRECTION('',(0.,0.,-1.));
#52 = DIRECTION('',(-0.550482462684,0.834846727416,0.));
#53 = ORIENTED_EDGE('',*,*,#54,.T.);
#54 = EDGE_CURVE('',#46,#55,#57,.T.);
#55 = VERTEX_POINT('',#56);
#56 = CARTESIAN_POINT('',(-28.7914,106.281584,1.585));
#57 = LINE('',#58,#59);
#58 = CARTESIAN_POINT('',(-28.854853,106.347114,1.585));
#59 = VECTOR('',#60,1.);
#60 = DIRECTION('',(0.695630129574,-0.718400113328,0.));
#61 = ORIENTED_EDGE('',*,*,#62,.T.);
#62 = EDGE_CURVE('',#55,#63,#65,.T.);
#63 = VERTEX_POINT('',#64);
#64 = CARTESIAN_POINT('',(-28.733339,106.161137,1.585));
#65 = LINE('',#66,#67);
#66 = CARTESIAN_POINT('',(-28.7914,106.281584,1.585));
#67 = VECTOR('',#68,1.);
#68 = DIRECTION('',(0.434228424707,-0.900802794832,0.));
#69 = ORIENTED_EDGE('',*,*,#70,.T.);
#70 = EDGE_CURVE('',#63,#71,#73,.T.);
#71 = VERTEX_POINT('',#72);
#72 = CARTESIAN_POINT('',(-28.734098,106.034805,1.585));
#73 = LINE('',#74,#75);
#74 = CARTESIAN_POINT('',(-28.733339,106.161137,1.585));
#75 = VECTOR('',#76,1.);
#76 = DIRECTION('',(-6.007870547518E-03,-0.999981952583,0.));
#77 = ORIENTED_EDGE('',*,*,#78,.T.);
#78 = EDGE_CURVE('',#71,#79,#81,.T.);
#79 = VERTEX_POINT('',#80);
#80 = CARTESIAN_POINT('',(-28.792156,105.866742,1.585));
#81 = LINE('',#82,#83);
#82 = CARTESIAN_POINT('',(-28.734098,106.034805,1.585));
#83 = VECTOR('',#84,1.);
#84 = DIRECTION('',(-0.326519613327,-0.945190426376,0.));
#85 = ORIENTED_EDGE('',*,*,#86,.T.);
#86 = EDGE_CURVE('',#79,#87,#89,.T.);
#87 = VERTEX_POINT('',#88);
#88 = CARTESIAN_POINT('',(-29.244879,105.411981,1.585));
#89 = LINE('',#90,#91);
#90 = CARTESIAN_POINT('',(-28.792156,105.866742,1.585));
#91 = VECTOR('',#92,1.);
#92 = DIRECTION('',(-0.705517003129,-0.708692992978,0.));
#93 = ORIENTED_EDGE('',*,*,#94,.T.);
#94 = EDGE_CURVE('',#87,#95,#97,.T.);
#95 = VERTEX_POINT('',#96);
#96 = CARTESIAN_POINT('',(-28.792266,105.41054,1.585));
#97 = LINE('',#98,#99);
#98 = CARTESIAN_POINT('',(-29.244879,105.411981,1.585));
#99 = VECTOR('',#100,1.);
#100 = DIRECTION('',(0.999994931953,-3.183719197072E-03,0.));
#101 = ORIENTED_EDGE('',*,*,#102,.T.);
#102 = EDGE_CURVE('',#95,#103,#105,.T.);
#103 = VERTEX_POINT('',#104);
#104 = CARTESIAN_POINT('',(-28.806898,105.261981,1.585));
#105 = CIRCLE('',#106,7.500006711463E-02);
#106 = AXIS2_PLACEMENT_3D('',#107,#108,#109);
#107 = CARTESIAN_POINT('',(-28.80689793288,105.33698106711,1.585));
#108 = DIRECTION('',(0.,0.,-1.));
#109 = DIRECTION('',(0.195092263891,0.980784894138,0.));
#110 = ORIENTED_EDGE('',*,*,#111,.T.);
#111 = EDGE_CURVE('',#103,#112,#114,.T.);
#112 = VERTEX_POINT('',#113);
#113 = CARTESIAN_POINT('',(-29.440577,105.263422,1.585));
#114 = LINE('',#115,#116);
#115 = CARTESIAN_POINT('',(-28.806898,105.261981,1.585));
#116 = VECTOR('',#117,1.);
#117 = DIRECTION('',(-0.999997414422,2.274016140951E-03,0.));
#118 = ORIENTED_EDGE('',*,*,#119,.T.);
#119 = EDGE_CURVE('',#112,#120,#122,.T.);
#120 = VERTEX_POINT('',#121);
#121 = CARTESIAN_POINT('',(-29.478978,105.390014,1.585));
#122 = CIRCLE('',#123,7.500021013108E-02);
#123 = AXIS2_PLACEMENT_3D('',#124,#125,#126);
#124 = CARTESIAN_POINT('',(-29.42594468329,105.33698100235,1.585));
#125 = DIRECTION('',(0.,0.,-1.));
#126 = DIRECTION('',(-0.195097009436,-0.980783950169,-0.));
#127 = ORIENTED_EDGE('',*,*,#128,.T.);
#128 = EDGE_CURVE('',#120,#129,#131,.T.);
#129 = VERTEX_POINT('',#130);
#130 = CARTESIAN_POINT('',(-28.92007,105.948924,1.585));
#131 = LINE('',#132,#133);
#132 = CARTESIAN_POINT('',(-29.478978,105.390014,1.585));
#133 = VECTOR('',#134,1.);
#134 = DIRECTION('',(0.70710551603,0.707108046341,0.));
#135 = ORIENTED_EDGE('',*,*,#136,.T.);
#136 = EDGE_CURVE('',#129,#137,#139,.T.);
#137 = VERTEX_POINT('',#138);
#138 = CARTESIAN_POINT('',(-28.881898,106.063437,1.585));
#139 = LINE('',#140,#141);
#140 = CARTESIAN_POINT('',(-28.92007,105.948924,1.585));
#141 = VECTOR('',#142,1.);
#142 = DIRECTION('',(0.31623522204,0.948680812677,0.));
#143 = ORIENTED_EDGE('',*,*,#144,.T.);
#144 = EDGE_CURVE('',#137,#145,#147,.T.);
#145 = VERTEX_POINT('',#146);
#146 = CARTESIAN_POINT('',(-28.881898,106.1288,1.585));
#147 = LINE('',#148,#149);
#148 = CARTESIAN_POINT('',(-28.881898,106.063437,1.585));
#149 = VECTOR('',#150,1.);
#150 = DIRECTION('',(0.,1.,0.));
#151 = ORIENTED_EDGE('',*,*,#152,.T.);
#152 = EDGE_CURVE('',#145,#153,#155,.T.);
#153 = VERTEX_POINT('',#154);
#154 = CARTESIAN_POINT('',(-29.015079,106.261981,1.585));
#155 = CIRCLE('',#156,0.18686440374);
#156 = AXIS2_PLACEMENT_3D('',#157,#158,#159);
#157 = CARTESIAN_POINT('',(-29.062615,106.081264,1.585));
#158 = DIRECTION('',(0.,0.,1.));
#159 = DIRECTION('',(0.967102328658,0.254387668537,-0.));
#160 = ORIENTED_EDGE('',*,*,#161,.T.);
#161 = EDGE_CURVE('',#153,#162,#164,.T.);
#162 = VERTEX_POINT('',#163);
#163 = CARTESIAN_POINT('',(-29.217764,106.261981,1.585));
#164 = LINE('',#165,#166);
#165 = CARTESIAN_POINT('',(-29.015079,106.261981,1.585));
#166 = VECTOR('',#167,1.);
#167 = DIRECTION('',(-1.,0.,0.));
#168 = ORIENTED_EDGE('',*,*,#169,.T.);
#169 = EDGE_CURVE('',#162,#170,#172,.T.);
#170 = VERTEX_POINT('',#171);
#171 = CARTESIAN_POINT('',(-29.28628,106.227723,1.585));
#172 = LINE('',#173,#174);
#173 = CARTESIAN_POINT('',(-29.217764,106.261981,1.585));
#174 = VECTOR('',#175,1.);
#175 = DIRECTION('',(-0.894427191,-0.4472135955,0.));
#176 = ORIENTED_EDGE('',*,*,#177,.T.);
#177 = EDGE_CURVE('',#170,#178,#180,.T.);
#178 = VERTEX_POINT('',#179);
#179 = CARTESIAN_POINT('',(-29.336658,106.179383,1.585));
#180 = LINE('',#181,#182);
#181 = CARTESIAN_POINT('',(-29.28628,106.227723,1.585));
#182 = VECTOR('',#183,1.);
#183 = DIRECTION('',(-0.721551016594,-0.692361271629,0.));
#184 = ORIENTED_EDGE('',*,*,#185,.T.);
#185 = EDGE_CURVE('',#178,#186,#188,.T.);
#186 = VERTEX_POINT('',#187);
#187 = CARTESIAN_POINT('',(-29.431359,106.294776,1.585));
#188 = CIRCLE('',#189,7.499996838527E-02);
#189 = AXIS2_PLACEMENT_3D('',#190,#191,#192);
#190 = CARTESIAN_POINT('',(-29.378326,106.24174302753,1.585));
#191 = DIRECTION('',(0.,0.,-1.));
#192 = DIRECTION('',(0.555573567524,-0.831467384248,0.));
#193 = ORIENTED_EDGE('',*,*,#194,.T.);
#194 = EDGE_CURVE('',#186,#44,#195,.T.);
#195 = LINE('',#196,#197);
#196 = CARTESIAN_POINT('',(-29.431359,106.294776,1.585));
#197 = VECTOR('',#198,1.);
#198 = DIRECTION('',(0.736336089652,0.676615964248,0.));
#199 = PLANE('',#200);
#200 = AXIS2_PLACEMENT_3D('',#201,#202,#203);
#201 = CARTESIAN_POINT('',(0.,0.,1.585));
#202 = DIRECTION('',(0.,0.,1.));
#203 = DIRECTION('',(1.,0.,-0.));
#204 = SHELL_BASED_SURFACE_MODEL('',(#205));
#205 = OPEN_SHELL('',(#206));
#206 = ADVANCED_FACE('',(#207),#276,.T.);
#207 = FACE_BOUND('',#208,.F.);
#208 = EDGE_LOOP('',(#209,#220,#228,#237,#245,#254,#262,#270));
#209 = ORIENTED_EDGE('',*,*,#210,.T.);
#210 = EDGE_CURVE('',#211,#213,#215,.T.);
#211 = VERTEX_POINT('',#212);
#212 = CARTESIAN_POINT('',(-31.138595,106.39623,1.585));
#213 = VERTEX_POINT('',#214);
#214 = CARTESIAN_POINT('',(-31.021461,106.313264,1.585));
#215 = CIRCLE('',#216,7.499934334576E-02);
#216 = AXIS2_PLACEMENT_3D('',#217,#218,#219);
#217 = CARTESIAN_POINT('',(-31.09261151751,106.33698119545,1.585));
#218 = DIRECTION('',(0.,0.,-1.));
#219 = DIRECTION('',(-0.613118467926,0.789990977346,0.));
#220 = ORIENTED_EDGE('',*,*,#221,.T.);
#221 = EDGE_CURVE('',#213,#222,#224,.T.);
#222 = VERTEX_POINT('',#223);
#223 = CARTESIAN_POINT('',(-31.360788,105.299838,1.585));
#224 = LINE('',#225,#226);
#225 = CARTESIAN_POINT('',(-31.021461,106.313264,1.585));
#226 = VECTOR('',#227,1.);
#227 = DIRECTION('',(-0.317506104109,-0.948256227954,0.));
#228 = ORIENTED_EDGE('',*,*,#229,.T.);
#229 = EDGE_CURVE('',#222,#230,#232,.T.);
#230 = VERTEX_POINT('',#231);
#231 = CARTESIAN_POINT('',(-31.491102,105.299839,1.585));
#232 = CIRCLE('',#233,7.500015904107E-02);
#233 = AXIS2_PLACEMENT_3D('',#234,#235,#236);
#234 = CARTESIAN_POINT('',(-31.42594471497,105.33698132174,1.585));
#235 = DIRECTION('',(-0.,0.,-1.));
#236 = DIRECTION('',(0.868754357424,-0.495243239688,-0.));
#237 = ORIENTED_EDGE('',*,*,#238,.T.);
#238 = EDGE_CURVE('',#230,#239,#241,.T.);
#239 = VERTEX_POINT('',#240);
#240 = CARTESIAN_POINT('',(-31.833689,106.327601,1.585));
#241 = LINE('',#242,#243);
#242 = CARTESIAN_POINT('',(-31.491102,105.299839,1.585));
#243 = VECTOR('',#244,1.);
#244 = DIRECTION('',(-0.3162274891,0.948683390356,0.));
#245 = ORIENTED_EDGE('',*,*,#246,.T.);
#246 = EDGE_CURVE('',#239,#247,#249,.T.);
#247 = VERTEX_POINT('',#248);
#248 = CARTESIAN_POINT('',(-31.688127,106.360698,1.585));
#249 = CIRCLE('',#250,7.499975943128E-02);
#250 = AXIS2_PLACEMENT_3D('',#251,#252,#253);
#251 = CARTESIAN_POINT('',(-31.75927817516,106.33698146173,1.585));
#252 = DIRECTION('',(0.,0.,-1.));
#253 = DIRECTION('',(-0.992147513501,-0.125073224367,-0.));
#254 = ORIENTED_EDGE('',*,*,#255,.T.);
#255 = EDGE_CURVE('',#247,#256,#258,.T.);
#256 = VERTEX_POINT('',#257);
#257 = CARTESIAN_POINT('',(-31.425945,105.574152,1.585));
#258 = LINE('',#259,#260);
#259 = CARTESIAN_POINT('',(-31.688127,106.360698,1.585));
#260 = VECTOR('',#261,1.);
#261 = DIRECTION('',(0.316227766017,-0.948683298051,0.));
#262 = ORIENTED_EDGE('',*,*,#263,.T.);
#263 = EDGE_CURVE('',#256,#264,#266,.T.);
#264 = VERTEX_POINT('',#265);
#265 = CARTESIAN_POINT('',(-31.157769,106.374123,1.585));
#266 = LINE('',#267,#268);
#267 = CARTESIAN_POINT('',(-31.425945,105.574152,1.585));
#268 = VECTOR('',#269,1.);
#269 = DIRECTION('',(0.317847619348,0.948141809475,0.));
#270 = ORIENTED_EDGE('',*,*,#271,.T.);
#271 = EDGE_CURVE('',#264,#211,#272,.T.);
#272 = LINE('',#273,#274);
#273 = CARTESIAN_POINT('',(-31.157769,106.374123,1.585));
#274 = VECTOR('',#275,1.);
#275 = DIRECTION('',(0.65521540373,0.755442105469,0.));
#276 = PLANE('',#277);
#277 = AXIS2_PLACEMENT_3D('',#278,#279,#280);
#278 = CARTESIAN_POINT('',(0.,0.,1.585));
#279 = DIRECTION('',(0.,0.,1.));
#280 = DIRECTION('',(1.,0.,-0.));
#281 = SHELL_BASED_SURFACE_MODEL('',(#282));
#282 = OPEN_SHELL('',(#283));
#283 = ADVANCED_FACE('',(#284,#386),#488,.T.);
#284 = FACE_BOUND('',#285,.F.);
#285 = EDGE_LOOP('',(#286,#297,#305,#313,#322,#330,#338,#347,#355,#363,
    #372,#380));
#286 = ORIENTED_EDGE('',*,*,#287,.T.);
#287 = EDGE_CURVE('',#288,#290,#292,.T.);
#288 = VERTEX_POINT('',#289);
#289 = CARTESIAN_POINT('',(-30.703881,106.35248,1.585));
#290 = VERTEX_POINT('',#291);
#291 = CARTESIAN_POINT('',(-30.331043,106.347114,1.585));
#292 = CIRCLE('',#293,0.291788488016);
#293 = AXIS2_PLACEMENT_3D('',#294,#295,#296);
#294 = CARTESIAN_POINT('',(-30.52069213089,106.12536249743,1.585));
#295 = DIRECTION('',(0.,0.,-1.));
#296 = DIRECTION('',(-0.627813901623,0.778363478671,0.));
#297 = ORIENTED_EDGE('',*,*,#298,.T.);
#298 = EDGE_CURVE('',#290,#299,#301,.T.);
#299 = VERTEX_POINT('',#300);
#300 = CARTESIAN_POINT('',(-30.26759,106.281584,1.585));
#301 = LINE('',#302,#303);
#302 = CARTESIAN_POINT('',(-30.331043,106.347114,1.585));
#303 = VECTOR('',#304,1.);
#304 = DIRECTION('',(0.695630129574,-0.718400113328,0.));
#305 = ORIENTED_EDGE('',*,*,#306,.T.);
#306 = EDGE_CURVE('',#299,#307,#309,.T.);
#307 = VERTEX_POINT('',#308);
#308 = CARTESIAN_POINT('',(-30.210327,106.164695,1.585));
#309 = LINE('',#310,#311);
#310 = CARTESIAN_POINT('',(-30.26759,106.281584,1.585));
#311 = VECTOR('',#312,1.);
#312 = DIRECTION('',(0.439937123831,-0.898028578095,0.));
#313 = ORIENTED_EDGE('',*,*,#314,.T.);
#314 = EDGE_CURVE('',#307,#315,#317,.T.);
#315 = VERTEX_POINT('',#316);
#316 = CARTESIAN_POINT('',(-30.216006,105.493917,1.585));
#317 = CIRCLE('',#318,0.967158496826);
#318 = AXIS2_PLACEMENT_3D('',#319,#320,#321);
#319 = CARTESIAN_POINT('',(-31.12027329313,105.83698582772,1.585));
#320 = DIRECTION('',(0.,0.,-1.));
#321 = DIRECTION('',(0.940845059128,0.338837091703,0.));
#322 = ORIENTED_EDGE('',*,*,#323,.T.);
#323 = EDGE_CURVE('',#315,#324,#326,.T.);
#324 = VERTEX_POINT('',#325);
#325 = CARTESIAN_POINT('',(-30.272956,105.384937,1.585));
#326 = LINE('',#327,#328);
#327 = CARTESIAN_POINT('',(-30.216006,105.493917,1.585));
#328 = VECTOR('',#329,1.);
#329 = DIRECTION('',(-0.463146784147,-0.886281589752,0.));
#330 = ORIENTED_EDGE('',*,*,#331,.T.);
#331 = EDGE_CURVE('',#324,#332,#334,.T.);
#332 = VERTEX_POINT('',#333);
#333 = CARTESIAN_POINT('',(-30.338486,105.321483,1.585));
#334 = LINE('',#335,#336);
#335 = CARTESIAN_POINT('',(-30.272956,105.384937,1.585));
#336 = VECTOR('',#337,1.);
#337 = DIRECTION('',(-0.718394634729,-0.695635787458,0.));
#338 = ORIENTED_EDGE('',*,*,#339,.T.);
#339 = EDGE_CURVE('',#332,#340,#342,.T.);
#340 = VERTEX_POINT('',#341);
#341 = CARTESIAN_POINT('',(-30.711325,105.32685,1.585));
#342 = CIRCLE('',#343,0.290998264264);
#343 = AXIS2_PLACEMENT_3D('',#344,#345,#346);
#344 = CARTESIAN_POINT('',(-30.52168958184,105.54757244558,1.585));
#345 = DIRECTION('',(-0.,0.,-1.));
#346 = DIRECTION('',(0.629569328552,-0.776944309811,-0.));
#347 = ORIENTED_EDGE('',*,*,#348,.T.);
#348 = EDGE_CURVE('',#340,#349,#351,.T.);
#349 = VERTEX_POINT('',#350);
#350 = CARTESIAN_POINT('',(-30.774778,105.392383,1.585));
#351 = LINE('',#352,#353);
#352 = CARTESIAN_POINT('',(-30.711325,105.32685,1.585));
#353 = VECTOR('',#354,1.);
#354 = DIRECTION('',(-0.695613693927,0.718416027676,0.));
#355 = ORIENTED_EDGE('',*,*,#356,.T.);
#356 = EDGE_CURVE('',#349,#357,#359,.T.);
#357 = VERTEX_POINT('',#358);
#358 = CARTESIAN_POINT('',(-30.832039,105.509268,1.585));
#359 = LINE('',#360,#361);
#360 = CARTESIAN_POINT('',(-30.774778,105.392383,1.585));
#361 = VECTOR('',#362,1.);
#362 = DIRECTION('',(-0.439936873317,0.89802870082,0.));
#363 = ORIENTED_EDGE('',*,*,#364,.T.);
#364 = EDGE_CURVE('',#357,#365,#367,.T.);
#365 = VERTEX_POINT('',#366);
#366 = CARTESIAN_POINT('',(-30.82636,106.180046,1.585));
#367 = CIRCLE('',#368,0.967158496826);
#368 = AXIS2_PLACEMENT_3D('',#369,#370,#371);
#369 = CARTESIAN_POINT('',(-29.92209270686,105.83697717228,1.585));
#370 = DIRECTION('',(0.,0.,-1.));
#371 = DIRECTION('',(-0.940845059128,-0.338837091703,-0.));
#372 = ORIENTED_EDGE('',*,*,#373,.T.);
#373 = EDGE_CURVE('',#365,#374,#376,.T.);
#374 = VERTEX_POINT('',#375);
#375 = CARTESIAN_POINT('',(-30.769411,106.289027,1.585));
#376 = LINE('',#377,#378);
#377 = CARTESIAN_POINT('',(-30.82636,106.180046,1.585));
#378 = VECTOR('',#379,1.);
#379 = DIRECTION('',(0.463137057879,0.886286672369,0.));
#380 = ORIENTED_EDGE('',*,*,#381,.T.);
#381 = EDGE_CURVE('',#374,#288,#382,.T.);
#382 = LINE('',#383,#384);
#383 = CARTESIAN_POINT('',(-30.769411,106.289027,1.585));
#384 = VECTOR('',#385,1.);
#385 = DIRECTION('',(0.718400113328,0.695630129574,0.));
#386 = FACE_BOUND('',#387,.F.);
#387 = EDGE_LOOP('',(#388,#399,#407,#415,#424,#432,#440,#449,#457,#465,
    #474,#482));
#388 = ORIENTED_EDGE('',*,*,#389,.T.);
#389 = EDGE_CURVE('',#390,#392,#394,.T.);
#390 = VERTEX_POINT('',#391);
#391 = CARTESIAN_POINT('',(-30.422753,106.227723,1.585));
#392 = VERTEX_POINT('',#393);
#393 = CARTESIAN_POINT('',(-30.619613,106.227723,1.585));
#394 = CIRCLE('',#395,0.148516804184);
#395 = AXIS2_PLACEMENT_3D('',#396,#397,#398);
#396 = CARTESIAN_POINT('',(-30.521183,106.116508,1.585));
#397 = DIRECTION('',(0.,0.,1.));
#398 = DIRECTION('',(0.662753286006,0.748837820818,-0.));
#399 = ORIENTED_EDGE('',*,*,#400,.T.);
#400 = EDGE_CURVE('',#392,#401,#403,.T.);
#401 = VERTEX_POINT('',#402);
#402 = CARTESIAN_POINT('',(-30.65002,106.197316,1.585));
#403 = LINE('',#404,#405);
#404 = CARTESIAN_POINT('',(-30.619613,106.227723,1.585));
#405 = VECTOR('',#406,1.);
#406 = DIRECTION('',(-0.707106781187,-0.707106781187,0.));
#407 = ORIENTED_EDGE('',*,*,#408,.T.);
#408 = EDGE_CURVE('',#401,#409,#411,.T.);
#409 = VERTEX_POINT('',#410);
#410 = CARTESIAN_POINT('',(-30.688514,106.120329,1.585));
#411 = LINE('',#412,#413);
#412 = CARTESIAN_POINT('',(-30.65002,106.197316,1.585));
#413 = VECTOR('',#414,1.);
#414 = DIRECTION('',(-0.447218242641,-0.894424867414,0.));
#415 = ORIENTED_EDGE('',*,*,#416,.T.);
#416 = EDGE_CURVE('',#409,#417,#419,.T.);
#417 = VERTEX_POINT('',#418);
#418 = CARTESIAN_POINT('',(-30.688514,105.553634,1.585));
#419 = CIRCLE('',#420,0.815450468383);
#420 = AXIS2_PLACEMENT_3D('',#421,#422,#423);
#421 = CARTESIAN_POINT('',(-29.92387443744,105.8369815,1.585));
#422 = DIRECTION('',(0.,0.,1.));
#423 = DIRECTION('',(-0.937689770508,0.347473587895,0.));
#424 = ORIENTED_EDGE('',*,*,#425,.T.);
#425 = EDGE_CURVE('',#417,#426,#428,.T.);
#426 = VERTEX_POINT('',#427);
#427 = CARTESIAN_POINT('',(-30.65002,105.476647,1.585));
#428 = LINE('',#429,#430);
#429 = CARTESIAN_POINT('',(-30.688514,105.553634,1.585));
#430 = VECTOR('',#431,1.);
#431 = DIRECTION('',(0.447218242641,-0.894424867414,0.));
#432 = ORIENTED_EDGE('',*,*,#433,.T.);
#433 = EDGE_CURVE('',#426,#434,#436,.T.);
#434 = VERTEX_POINT('',#435);
#435 = CARTESIAN_POINT('',(-30.619613,105.446239,1.585));
#436 = LINE('',#437,#438);
#437 = CARTESIAN_POINT('',(-30.65002,105.476647,1.585));
#438 = VECTOR('',#439,1.);
#439 = DIRECTION('',(0.707095153914,-0.707118408268,0.));
#440 = ORIENTED_EDGE('',*,*,#441,.T.);
#441 = EDGE_CURVE('',#434,#442,#444,.T.);
#442 = VERTEX_POINT('',#443);
#443 = CARTESIAN_POINT('',(-30.422754,105.446239,1.585));
#444 = CIRCLE('',#445,0.14851572397);
#445 = AXIS2_PLACEMENT_3D('',#446,#447,#448);
#446 = CARTESIAN_POINT('',(-30.5211835,105.557453,1.585));
#447 = DIRECTION('',(0.,0.,1.));
#448 = DIRECTION('',(-0.662754739829,-0.748836534121,0.));
#449 = ORIENTED_EDGE('',*,*,#450,.T.);
#450 = EDGE_CURVE('',#442,#451,#453,.T.);
#451 = VERTEX_POINT('',#452);
#452 = CARTESIAN_POINT('',(-30.392347,105.476647,1.585));
#453 = LINE('',#454,#455);
#454 = CARTESIAN_POINT('',(-30.422754,105.446239,1.585));
#455 = VECTOR('',#456,1.);
#456 = DIRECTION('',(0.707095153914,0.707118408268,0.));
#457 = ORIENTED_EDGE('',*,*,#458,.T.);
#458 = EDGE_CURVE('',#451,#459,#461,.T.);
#459 = VERTEX_POINT('',#460);
#460 = CARTESIAN_POINT('',(-30.353853,105.553634,1.585));
#461 = LINE('',#462,#463);
#462 = CARTESIAN_POINT('',(-30.392347,105.476647,1.585));
#463 = VECTOR('',#464,1.);
#464 = DIRECTION('',(0.447218242641,0.894424867414,0.));
#465 = ORIENTED_EDGE('',*,*,#466,.T.);
#466 = EDGE_CURVE('',#459,#467,#469,.T.);
#467 = VERTEX_POINT('',#468);
#468 = CARTESIAN_POINT('',(-30.353853,106.120329,1.585));
#469 = CIRCLE('',#470,0.815433004022);
#470 = AXIS2_PLACEMENT_3D('',#471,#472,#473);
#471 = CARTESIAN_POINT('',(-31.11847393765,105.8369815,1.585));
#472 = DIRECTION('',(0.,-0.,1.));
#473 = DIRECTION('',(0.937687012763,-0.347481029836,-0.));
#474 = ORIENTED_EDGE('',*,*,#475,.T.);
#475 = EDGE_CURVE('',#467,#476,#478,.T.);
#476 = VERTEX_POINT('',#477);
#477 = CARTESIAN_POINT('',(-30.392346,106.197316,1.585));
#478 = LINE('',#479,#480);
#479 = CARTESIAN_POINT('',(-30.353853,106.120329,1.585));
#480 = VECTOR('',#481,1.);
#481 = DIRECTION('',(-0.447208948322,0.894429514574,0.));
#482 = ORIENTED_EDGE('',*,*,#483,.T.);
#483 = EDGE_CURVE('',#476,#390,#484,.T.);
#484 = LINE('',#485,#486);
#485 = CARTESIAN_POINT('',(-30.392346,106.197316,1.585));
#486 = VECTOR('',#487,1.);
#487 = DIRECTION('',(-0.707106781187,0.707106781187,0.));
#488 = PLANE('',#489);
#489 = AXIS2_PLACEMENT_3D('',#490,#491,#492);
#490 = CARTESIAN_POINT('',(0.,0.,1.585));
#491 = DIRECTION('',(0.,0.,1.));
#492 = DIRECTION('',(1.,0.,-0.));
#493 = SHELL_BASED_SURFACE_MODEL('',(#494));
#494 = OPEN_SHELL('',(#495));
#495 = ADVANCED_FACE('',(#496),#581,.T.);
#496 = FACE_BOUND('',#497,.F.);
#497 = EDGE_LOOP('',(#498,#509,#517,#525,#533,#541,#549,#558,#566,#575)
  );
#498 = ORIENTED_EDGE('',*,*,#499,.T.);
#499 = EDGE_CURVE('',#500,#502,#504,.T.);
#500 = VERTEX_POINT('',#501);
#501 = CARTESIAN_POINT('',(-29.916876,105.342932,1.585));
#502 = VERTEX_POINT('',#503);
#503 = CARTESIAN_POINT('',(-29.90755,105.437632,1.585));
#504 = CIRCLE('',#505,7.499917215958E-02);
#505 = AXIS2_PLACEMENT_3D('',#506,#507,#508);
#506 = CARTESIAN_POINT('',(-29.8545170196,105.38460013396,1.585));
#507 = DIRECTION('',(0.,0.,-1.));
#508 = DIRECTION('',(-0.83146224954,-0.555581252014,-0.));
#509 = ORIENTED_EDGE('',*,*,#510,.T.);
#510 = EDGE_CURVE('',#502,#511,#513,.T.);
#511 = VERTEX_POINT('',#512);
#512 = CARTESIAN_POINT('',(-29.848564,105.494581,1.585));
#513 = LINE('',#514,#515);
#514 = CARTESIAN_POINT('',(-29.90755,105.437632,1.585));
#515 = VECTOR('',#516,1.);
#516 = DIRECTION('',(0.719419743783,0.694575577065,0.));
#517 = ORIENTED_EDGE('',*,*,#518,.T.);
#518 = EDGE_CURVE('',#511,#519,#521,.T.);
#519 = VERTEX_POINT('',#520);
#520 = CARTESIAN_POINT('',(-29.821529,105.505779,1.585));
#521 = LINE('',#522,#523);
#522 = CARTESIAN_POINT('',(-29.848564,105.494581,1.585));
#523 = VECTOR('',#524,1.);
#524 = DIRECTION('',(0.923882718053,0.382675741697,0.));
#525 = ORIENTED_EDGE('',*,*,#526,.T.);
#526 = EDGE_CURVE('',#519,#527,#529,.T.);
#527 = VERTEX_POINT('',#528);
#528 = CARTESIAN_POINT('',(-29.783526,105.502159,1.585));
#529 = LINE('',#530,#531);
#530 = CARTESIAN_POINT('',(-29.821529,105.505779,1.585));
#531 = VECTOR('',#532,1.);
#532 = DIRECTION('',(0.99549382421,-9.482639906424E-02,0.));
#533 = ORIENTED_EDGE('',*,*,#534,.T.);
#534 = EDGE_CURVE('',#527,#535,#537,.T.);
#535 = VERTEX_POINT('',#536);
#536 = CARTESIAN_POINT('',(-29.753863,105.485252,1.585));
#537 = LINE('',#538,#539);
#538 = CARTESIAN_POINT('',(-29.783526,105.502159,1.585));
#539 = VECTOR('',#540,1.);
#540 = DIRECTION('',(0.868788736496,-0.495182927146,0.));
#541 = ORIENTED_EDGE('',*,*,#542,.T.);
#542 = EDGE_CURVE('',#535,#543,#545,.T.);
#543 = VERTEX_POINT('',#544);
#544 = CARTESIAN_POINT('',(-29.696917,105.426267,1.585));
#545 = LINE('',#546,#547);
#546 = CARTESIAN_POINT('',(-29.753863,105.485252,1.585));
#547 = VECTOR('',#548,1.);
#548 = DIRECTION('',(0.694562733618,-0.719432143478,0.));
#549 = ORIENTED_EDGE('',*,*,#550,.T.);
#550 = EDGE_CURVE('',#543,#551,#553,.T.);
#551 = VERTEX_POINT('',#552);
#552 = CARTESIAN_POINT('',(-29.706245,105.331567,1.585));
#553 = CIRCLE('',#554,7.500097510409E-02);
#554 = AXIS2_PLACEMENT_3D('',#555,#556,#557);
#555 = CARTESIAN_POINT('',(-29.75927910261,105.38460029357,1.585));
#556 = DIRECTION('',(0.,0.,-1.));
#557 = DIRECTION('',(0.831483891017,0.555548862818,0.));
#558 = ORIENTED_EDGE('',*,*,#559,.T.);
#559 = EDGE_CURVE('',#551,#560,#562,.T.);
#560 = VERTEX_POINT('',#561);
#561 = CARTESIAN_POINT('',(-29.765229,105.274621,1.585));
#562 = LINE('',#563,#564);
#563 = CARTESIAN_POINT('',(-29.706245,105.331567,1.585));
#564 = VECTOR('',#565,1.);
#565 = DIRECTION('',(-0.71942625942,-0.694568828308,0.));
#566 = ORIENTED_EDGE('',*,*,#567,.T.);
#567 = EDGE_CURVE('',#560,#568,#570,.T.);
#568 = VERTEX_POINT('',#569);
#569 = CARTESIAN_POINT('',(-29.85993,105.283948,1.585));
#570 = CIRCLE('',#571,7.499999203866E-02);
#571 = AXIS2_PLACEMENT_3D('',#572,#573,#574);
#572 = CARTESIAN_POINT('',(-29.80689703,105.33698103592,1.585));
#573 = DIRECTION('',(-0.,0.,-1.));
#574 = DIRECTION('',(0.55557379243,-0.831467233969,-0.));
#575 = ORIENTED_EDGE('',*,*,#576,.T.);
#576 = EDGE_CURVE('',#568,#500,#577,.T.);
#577 = LINE('',#578,#579);
#578 = CARTESIAN_POINT('',(-29.85993,105.283948,1.585));
#579 = VECTOR('',#580,1.);
#580 = DIRECTION('',(-0.694568828308,0.71942625942,0.));
#581 = PLANE('',#582);
#582 = AXIS2_PLACEMENT_3D('',#583,#584,#585);
#583 = CARTESIAN_POINT('',(0.,0.,1.585));
#584 = DIRECTION('',(0.,0.,1.));
#585 = DIRECTION('',(1.,0.,-0.));
#586 = SHELL_BASED_SURFACE_MODEL('',(#587));
#587 = OPEN_SHELL('',(#588));
#588 = ADVANCED_FACE('',(#589),#641,.T.);
#589 = FACE_BOUND('',#590,.F.);
#590 = EDGE_LOOP('',(#591,#602,#610,#619,#627,#635));
#591 = ORIENTED_EDGE('',*,*,#592,.T.);
#592 = EDGE_CURVE('',#593,#595,#597,.T.);
#593 = VERTEX_POINT('',#594);
#594 = CARTESIAN_POINT('',(-57.910526,130.700217,1.585));
#595 = VERTEX_POINT('',#596);
#596 = CARTESIAN_POINT('',(-57.849884,130.757103,1.585));
#597 = CIRCLE('',#598,5.00005565192E-02);
#598 = AXIS2_PLACEMENT_3D('',#599,#600,#601);
#599 = CARTESIAN_POINT('',(-57.86119954123,130.70839967178,1.585));
#600 = DIRECTION('',(0.,0.,-1.));
#601 = DIRECTION('',(-0.986518195041,-0.163651614267,-0.));
#602 = ORIENTED_EDGE('',*,*,#603,.T.);
#603 = EDGE_CURVE('',#595,#604,#606,.T.);
#604 = VERTEX_POINT('',#605);
#605 = CARTESIAN_POINT('',(-40.577884,126.743903,1.585));
#606 = LINE('',#607,#608);
#607 = CARTESIAN_POINT('',(-57.849884,130.757103,1.585));
#608 = VECTOR('',#609,1.);
#609 = DIRECTION('',(0.974052105952,-0.226323871677,0.));
#610 = ORIENTED_EDGE('',*,*,#611,.T.);
#611 = EDGE_CURVE('',#604,#612,#614,.T.);
#612 = VERTEX_POINT('',#613);
#613 = CARTESIAN_POINT('',(-40.600516,126.646497,1.585));
#614 = CIRCLE('',#615,5.000034064924E-02);
#615 = AXIS2_PLACEMENT_3D('',#616,#617,#618);
#616 = CARTESIAN_POINT('',(-40.58920019293,126.69520004482,1.585));
#617 = DIRECTION('',(0.,0.,-1.));
#618 = DIRECTION('',(0.226322316818,0.974052467227,0.));
#619 = ORIENTED_EDGE('',*,*,#620,.T.);
#620 = EDGE_CURVE('',#612,#621,#623,.T.);
#621 = VERTEX_POINT('',#622);
#622 = CARTESIAN_POINT('',(-57.872516,130.659697,1.585));
#623 = LINE('',#624,#625);
#624 = CARTESIAN_POINT('',(-40.600516,126.646497,1.585));
#625 = VECTOR('',#626,1.);
#626 = DIRECTION('',(-0.974052105952,0.226323871677,0.));
#627 = ORIENTED_EDGE('',*,*,#628,.T.);
#628 = EDGE_CURVE('',#621,#629,#631,.T.);
#629 = VERTEX_POINT('',#630);
#630 = CARTESIAN_POINT('',(-57.890292,130.667735,1.585));
#631 = LINE('',#632,#633);
#632 = CARTESIAN_POINT('',(-57.872516,130.659697,1.585));
#633 = VECTOR('',#634,1.);
#634 = DIRECTION('',(-0.911175740918,0.412017923351,0.));
#635 = ORIENTED_EDGE('',*,*,#636,.T.);
#636 = EDGE_CURVE('',#629,#593,#637,.T.);
#637 = LINE('',#638,#639);
#638 = CARTESIAN_POINT('',(-57.890292,130.667735,1.585));
#639 = VECTOR('',#640,1.);
#640 = DIRECTION('',(-0.528734668073,0.848787164593,0.));
#641 = PLANE('',#642);
#642 = AXIS2_PLACEMENT_3D('',#643,#644,#645);
#643 = CARTESIAN_POINT('',(0.,0.,1.585));
#644 = DIRECTION('',(0.,0.,1.));
#645 = DIRECTION('',(1.,0.,-0.));
#646 = SHELL_BASED_SURFACE_MODEL('',(#647));
#647 = OPEN_SHELL('',(#648));
#648 = ADVANCED_FACE('',(#649),#693,.T.);
#649 = FACE_BOUND('',#650,.F.);
#650 = EDGE_LOOP('',(#651,#662,#670,#679,#687));
#651 = ORIENTED_EDGE('',*,*,#652,.T.);
#652 = EDGE_CURVE('',#653,#655,#657,.T.);
#653 = VERTEX_POINT('',#654);
#654 = CARTESIAN_POINT('',(-39.013372,150.931566,1.585));
#655 = VERTEX_POINT('',#656);
#656 = CARTESIAN_POINT('',(-38.915792,150.941444,1.585));
#657 = CIRCLE('',#658,5.000021801402E-02);
#658 = AXIS2_PLACEMENT_3D('',#659,#660,#661);
#659 = CARTESIAN_POINT('',(-38.96359950438,150.92679939941,1.585));
#660 = DIRECTION('',(0.,0.,-1.));
#661 = DIRECTION('',(-0.995445571983,9.533159612046E-02,0.));
#662 = ORIENTED_EDGE('',*,*,#663,.T.);
#663 = EDGE_CURVE('',#655,#664,#666,.T.);
#664 = VERTEX_POINT('',#665);
#665 = CARTESIAN_POINT('',(-33.734193,134.025044,1.585));
#666 = LINE('',#667,#668);
#667 = CARTESIAN_POINT('',(-38.915792,150.941444,1.585));
#668 = VECTOR('',#669,1.);
#669 = DIRECTION('',(0.292874949171,-0.956150753881,0.));
#670 = ORIENTED_EDGE('',*,*,#671,.T.);
#671 = EDGE_CURVE('',#664,#672,#674,.T.);
#672 = VERTEX_POINT('',#673);
#673 = CARTESIAN_POINT('',(-33.829808,133.995757,1.585));
#674 = CIRCLE('',#675,4.999989148596E-02);
#675 = AXIS2_PLACEMENT_3D('',#676,#677,#678);
#676 = CARTESIAN_POINT('',(-33.78200040391,134.01040018629,1.585));
#677 = DIRECTION('',(0.,0.,-1.));
#678 = DIRECTION('',(0.956150153329,0.292876909793,0.));
#679 = ORIENTED_EDGE('',*,*,#680,.T.);
#680 = EDGE_CURVE('',#672,#681,#683,.T.);
#681 = VERTEX_POINT('',#682);
#682 = CARTESIAN_POINT('',(-39.011408,150.912156,1.585));
#683 = LINE('',#684,#685);
#684 = CARTESIAN_POINT('',(-33.829808,133.995757,1.585));
#685 = VECTOR('',#686,1.);
#686 = DIRECTION('',(-0.292875016673,0.956150733205,0.));
#687 = ORIENTED_EDGE('',*,*,#688,.T.);
#688 = EDGE_CURVE('',#681,#653,#689,.T.);
#689 = LINE('',#690,#691);
#690 = CARTESIAN_POINT('',(-39.011408,150.912156,1.585));
#691 = VECTOR('',#692,1.);
#692 = DIRECTION('',(-0.100670914287,0.994919779187,0.));
#693 = PLANE('',#694);
#694 = AXIS2_PLACEMENT_3D('',#695,#696,#697);
#695 = CARTESIAN_POINT('',(0.,0.,1.585));
#696 = DIRECTION('',(0.,0.,1.));
#697 = DIRECTION('',(1.,0.,-0.));
#698 = ( GEOMETRIC_REPRESENTATION_CONTEXT(3) 
GLOBAL_UNCERTAINTY_ASSIGNED_CONTEXT((#702)) GLOBAL_UNIT_ASSIGNED_CONTEXT
((#699,#700,#701)) REPRESENTATION_CONTEXT('Context #1',
  '3D Context with UNIT and UNCERTAINTY') );
#699 = ( LENGTH_UNIT() NAMED_UNIT(*) SI_UNIT(.MILLI.,.METRE.) );
#700 = ( NAMED_UNIT(*) PLANE_ANGLE_UNIT() SI_UNIT($,.RADIAN.) );
#701 = ( NAMED_UNIT(*) SI_UNIT($,.STERADIAN.) SOLID_ANGLE_UNIT() );
#702 = UNCERTAINTY_MEASURE_WITH_UNIT(LENGTH_MEASURE(1.E-07),#699,
  'distance_accuracy_value','confusion accuracy');
#703 = CONTEXT_DEPENDENT_SHAPE_REPRESENTATION(#704,#706);
#704 = ( REPRESENTATION_RELATIONSHIP('','',#36,#10) 
REPRESENTATION_RELATIONSHIP_WITH_TRANSFORMATION(#705) 
SHAPE_REPRESENTATION_RELATIONSHIP() );
#705 = ITEM_DEFINED_TRANSFORMATION('','',#11,#15);
#706 = PRODUCT_DEFINITION_SHAPE('Placement','Placement of an item',#707
  );
#707 = NEXT_ASSEMBLY_USAGE_OCCURRENCE('1','=>[0:1:1:2]','',#5,#31,$);
#708 = PRODUCT_RELATED_PRODUCT_CATEGORY('part',$,(#33));
#709 = SHAPE_DEFINITION_REPRESENTATION(#710,#716);
#710 = PRODUCT_DEFINITION_SHAPE('','',#711);
#711 = PRODUCT_DEFINITION('design','',#712,#715);
#712 = PRODUCT_DEFINITION_FORMATION('','',#713);
#713 = PRODUCT('TargetGrande_PCB','TargetGrande_PCB','',(#714));
#714 = PRODUCT_CONTEXT('',#2,'mechanical');
#715 = PRODUCT_DEFINITION_CONTEXT('part definition',#2,'design');
#716 = ADVANCED_BREP_SHAPE_REPRESENTATION('',(#11,#717),#2541);
#717 = MANIFOLD_SOLID_BREP('',#718);
#718 = CLOSED_SHELL('',(#719,#759,#790,#821,#852,#883,#914,#945,#976,
    #1007,#1038,#1069,#1100,#1131,#1162,#1193,#1224,#1255,#1286,#1317,
    #1348,#1379,#1410,#1441,#1472,#1503,#1534,#1565,#1598,#1629,#1662,
    #1693,#1724,#1755,#1786,#1817,#1848,#1879,#1910,#1941,#1972,#2003,
    #2034,#2065,#2096,#2127,#2158,#2189,#2220,#2251,#2284,#2306,#2339,
    #2372,#2405,#2473));
#719 = ADVANCED_FACE('',(#720),#754,.T.);
#720 = FACE_BOUND('',#721,.T.);
#721 = EDGE_LOOP('',(#722,#732,#740,#748));
#722 = ORIENTED_EDGE('',*,*,#723,.T.);
#723 = EDGE_CURVE('',#724,#726,#728,.T.);
#724 = VERTEX_POINT('',#725);
#725 = CARTESIAN_POINT('',(-33.174684,135.326133,0.));
#726 = VERTEX_POINT('',#727);
#727 = CARTESIAN_POINT('',(-33.174684,135.326133,1.51));
#728 = LINE('',#729,#730);
#729 = CARTESIAN_POINT('',(-33.174684,135.326133,0.));
#730 = VECTOR('',#731,1.);
#731 = DIRECTION('',(0.,0.,1.));
#732 = ORIENTED_EDGE('',*,*,#733,.T.);
#733 = EDGE_CURVE('',#726,#734,#736,.T.);
#734 = VERTEX_POINT('',#735);
#735 = CARTESIAN_POINT('',(-33.062929,135.112173,1.51));
#736 = LINE('',#737,#738);
#737 = CARTESIAN_POINT('',(-33.174684,135.326133,1.51));
#738 = VECTOR('',#739,1.);
#739 = DIRECTION('',(0.462968749956,-0.886374602842,0.));
#740 = ORIENTED_EDGE('',*,*,#741,.F.);
#741 = EDGE_CURVE('',#742,#734,#744,.T.);
#742 = VERTEX_POINT('',#743);
#743 = CARTESIAN_POINT('',(-33.062929,135.112173,0.));
#744 = LINE('',#745,#746);
#745 = CARTESIAN_POINT('',(-33.062929,135.112173,0.));
#746 = VECTOR('',#747,1.);
#747 = DIRECTION('',(0.,0.,1.));
#748 = ORIENTED_EDGE('',*,*,#749,.F.);
#749 = EDGE_CURVE('',#724,#742,#750,.T.);
#750 = LINE('',#751,#752);
#751 = CARTESIAN_POINT('',(-33.174684,135.326133,0.));
#752 = VECTOR('',#753,1.);
#753 = DIRECTION('',(0.462968749956,-0.886374602842,0.));
#754 = PLANE('',#755);
#755 = AXIS2_PLACEMENT_3D('',#756,#757,#758);
#756 = CARTESIAN_POINT('',(-33.174684,135.326133,0.));
#757 = DIRECTION('',(0.886374602842,0.462968749956,-0.));
#758 = DIRECTION('',(0.462968749956,-0.886374602842,0.));
#759 = ADVANCED_FACE('',(#760),#785,.T.);
#760 = FACE_BOUND('',#761,.T.);
#761 = EDGE_LOOP('',(#762,#763,#771,#779));
#762 = ORIENTED_EDGE('',*,*,#741,.T.);
#763 = ORIENTED_EDGE('',*,*,#764,.T.);
#764 = EDGE_CURVE('',#734,#765,#767,.T.);
#765 = VERTEX_POINT('',#766);
#766 = CARTESIAN_POINT('',(-32.947471,134.912401,1.51));
#767 = LINE('',#768,#769);
#768 = CARTESIAN_POINT('',(-33.062929,135.112173,1.51));
#769 = VECTOR('',#770,1.);
#770 = DIRECTION('',(0.500388646092,-0.865800902554,0.));
#771 = ORIENTED_EDGE('',*,*,#772,.F.);
#772 = EDGE_CURVE('',#773,#765,#775,.T.);
#773 = VERTEX_POINT('',#774);
#774 = CARTESIAN_POINT('',(-32.947471,134.912401,0.));
#775 = LINE('',#776,#777);
#776 = CARTESIAN_POINT('',(-32.947471,134.912401,0.));
#777 = VECTOR('',#778,1.);
#778 = DIRECTION('',(0.,0.,1.));
#779 = ORIENTED_EDGE('',*,*,#780,.F.);
#780 = EDGE_CURVE('',#742,#773,#781,.T.);
#781 = LINE('',#782,#783);
#782 = CARTESIAN_POINT('',(-33.062929,135.112173,0.));
#783 = VECTOR('',#784,1.);
#784 = DIRECTION('',(0.500388646092,-0.865800902554,0.));
#785 = PLANE('',#786);
#786 = AXIS2_PLACEMENT_3D('',#787,#788,#789);
#787 = CARTESIAN_POINT('',(-33.062929,135.112173,0.));
#788 = DIRECTION('',(0.865800902554,0.500388646092,-0.));
#789 = DIRECTION('',(0.500388646092,-0.865800902554,0.));
#790 = ADVANCED_FACE('',(#791),#816,.T.);
#791 = FACE_BOUND('',#792,.T.);
#792 = EDGE_LOOP('',(#793,#794,#802,#810));
#793 = ORIENTED_EDGE('',*,*,#772,.T.);
#794 = ORIENTED_EDGE('',*,*,#795,.T.);
#795 = EDGE_CURVE('',#765,#796,#798,.T.);
#796 = VERTEX_POINT('',#797);
#797 = CARTESIAN_POINT('',(-32.829086,134.727176,1.51));
#798 = LINE('',#799,#800);
#799 = CARTESIAN_POINT('',(-32.947471,134.912401,1.51));
#800 = VECTOR('',#801,1.);
#801 = DIRECTION('',(0.538540471713,-0.842599644153,0.));
#802 = ORIENTED_EDGE('',*,*,#803,.F.);
#803 = EDGE_CURVE('',#804,#796,#806,.T.);
#804 = VERTEX_POINT('',#805);
#805 = CARTESIAN_POINT('',(-32.829086,134.727176,0.));
#806 = LINE('',#807,#808);
#807 = CARTESIAN_POINT('',(-32.829086,134.727176,0.));
#808 = VECTOR('',#809,1.);
#809 = DIRECTION('',(0.,0.,1.));
#810 = ORIENTED_EDGE('',*,*,#811,.F.);
#811 = EDGE_CURVE('',#773,#804,#812,.T.);
#812 = LINE('',#813,#814);
#813 = CARTESIAN_POINT('',(-32.947471,134.912401,0.));
#814 = VECTOR('',#815,1.);
#815 = DIRECTION('',(0.538540471713,-0.842599644153,0.));
#816 = PLANE('',#817);
#817 = AXIS2_PLACEMENT_3D('',#818,#819,#820);
#818 = CARTESIAN_POINT('',(-32.947471,134.912401,0.));
#819 = DIRECTION('',(0.842599644153,0.538540471713,-0.));
#820 = DIRECTION('',(0.538540471713,-0.842599644153,0.));
#821 = ADVANCED_FACE('',(#822),#847,.T.);
#822 = FACE_BOUND('',#823,.T.);
#823 = EDGE_LOOP('',(#824,#825,#833,#841));
#824 = ORIENTED_EDGE('',*,*,#803,.T.);
#825 = ORIENTED_EDGE('',*,*,#826,.T.);
#826 = EDGE_CURVE('',#796,#827,#829,.T.);
#827 = VERTEX_POINT('',#828);
#828 = CARTESIAN_POINT('',(-32.707214,134.55467,1.51));
#829 = LINE('',#830,#831);
#830 = CARTESIAN_POINT('',(-32.829086,134.727176,1.51));
#831 = VECTOR('',#832,1.);
#832 = DIRECTION('',(0.577008818694,-0.816737915827,0.));
#833 = ORIENTED_EDGE('',*,*,#834,.F.);
#834 = EDGE_CURVE('',#835,#827,#837,.T.);
#835 = VERTEX_POINT('',#836);
#836 = CARTESIAN_POINT('',(-32.707214,134.55467,0.));
#837 = LINE('',#838,#839);
#838 = CARTESIAN_POINT('',(-32.707214,134.55467,0.));
#839 = VECTOR('',#840,1.);
#840 = DIRECTION('',(0.,0.,1.));
#841 = ORIENTED_EDGE('',*,*,#842,.F.);
#842 = EDGE_CURVE('',#804,#835,#843,.T.);
#843 = LINE('',#844,#845);
#844 = CARTESIAN_POINT('',(-32.829086,134.727176,0.));
#845 = VECTOR('',#846,1.);
#846 = DIRECTION('',(0.577008818694,-0.816737915827,0.));
#847 = PLANE('',#848);
#848 = AXIS2_PLACEMENT_3D('',#849,#850,#851);
#849 = CARTESIAN_POINT('',(-32.829086,134.727176,0.));
#850 = DIRECTION('',(0.816737915827,0.577008818694,-0.));
#851 = DIRECTION('',(0.577008818694,-0.816737915827,0.));
#852 = ADVANCED_FACE('',(#853),#878,.T.);
#853 = FACE_BOUND('',#854,.T.);
#854 = EDGE_LOOP('',(#855,#856,#864,#872));
#855 = ORIENTED_EDGE('',*,*,#834,.T.);
#856 = ORIENTED_EDGE('',*,*,#857,.T.);
#857 = EDGE_CURVE('',#827,#858,#860,.T.);
#858 = VERTEX_POINT('',#859);
#859 = CARTESIAN_POINT('',(-32.581465,134.393651,1.51));
#860 = LINE('',#861,#862);
#861 = CARTESIAN_POINT('',(-32.707214,134.55467,1.51));
#862 = VECTOR('',#863,1.);
#863 = DIRECTION('',(0.615500889935,-0.788136190319,0.));
#864 = ORIENTED_EDGE('',*,*,#865,.F.);
#865 = EDGE_CURVE('',#866,#858,#868,.T.);
#866 = VERTEX_POINT('',#867);
#867 = CARTESIAN_POINT('',(-32.581465,134.393651,0.));
#868 = LINE('',#869,#870);
#869 = CARTESIAN_POINT('',(-32.581465,134.393651,0.));
#870 = VECTOR('',#871,1.);
#871 = DIRECTION('',(0.,0.,1.));
#872 = ORIENTED_EDGE('',*,*,#873,.F.);
#873 = EDGE_CURVE('',#835,#866,#874,.T.);
#874 = LINE('',#875,#876);
#875 = CARTESIAN_POINT('',(-32.707214,134.55467,0.));
#876 = VECTOR('',#877,1.);
#877 = DIRECTION('',(0.615500889935,-0.788136190319,0.));
#878 = PLANE('',#879);
#879 = AXIS2_PLACEMENT_3D('',#880,#881,#882);
#880 = CARTESIAN_POINT('',(-32.707214,134.55467,0.));
#881 = DIRECTION('',(0.788136190319,0.615500889935,-0.));
#882 = DIRECTION('',(0.615500889935,-0.788136190319,0.));
#883 = ADVANCED_FACE('',(#884),#909,.T.);
#884 = FACE_BOUND('',#885,.T.);
#885 = EDGE_LOOP('',(#886,#887,#895,#903));
#886 = ORIENTED_EDGE('',*,*,#865,.T.);
#887 = ORIENTED_EDGE('',*,*,#888,.T.);
#888 = EDGE_CURVE('',#858,#889,#891,.T.);
#889 = VERTEX_POINT('',#890);
#890 = CARTESIAN_POINT('',(-32.452375,134.244127,1.51));
#891 = LINE('',#892,#893);
#892 = CARTESIAN_POINT('',(-32.581465,134.393651,1.51));
#893 = VECTOR('',#894,1.);
#894 = DIRECTION('',(0.65349122478,-0.756934091672,0.));
#895 = ORIENTED_EDGE('',*,*,#896,.F.);
#896 = EDGE_CURVE('',#897,#889,#899,.T.);
#897 = VERTEX_POINT('',#898);
#898 = CARTESIAN_POINT('',(-32.452375,134.244127,0.));
#899 = LINE('',#900,#901);
#900 = CARTESIAN_POINT('',(-32.452375,134.244127,0.));
#901 = VECTOR('',#902,1.);
#902 = DIRECTION('',(0.,0.,1.));
#903 = ORIENTED_EDGE('',*,*,#904,.F.);
#904 = EDGE_CURVE('',#866,#897,#905,.T.);
#905 = LINE('',#906,#907);
#906 = CARTESIAN_POINT('',(-32.581465,134.393651,0.));
#907 = VECTOR('',#908,1.);
#908 = DIRECTION('',(0.65349122478,-0.756934091672,0.));
#909 = PLANE('',#910);
#910 = AXIS2_PLACEMENT_3D('',#911,#912,#913);
#911 = CARTESIAN_POINT('',(-32.581465,134.393651,0.));
#912 = DIRECTION('',(0.756934091672,0.65349122478,-0.));
#913 = DIRECTION('',(0.65349122478,-0.756934091672,0.));
#914 = ADVANCED_FACE('',(#915),#940,.T.);
#915 = FACE_BOUND('',#916,.T.);
#916 = EDGE_LOOP('',(#917,#918,#926,#934));
#917 = ORIENTED_EDGE('',*,*,#896,.T.);
#918 = ORIENTED_EDGE('',*,*,#919,.T.);
#919 = EDGE_CURVE('',#889,#920,#922,.T.);
#920 = VERTEX_POINT('',#921);
#921 = CARTESIAN_POINT('',(-32.180199,133.97303,1.51));
#922 = LINE('',#923,#924);
#923 = CARTESIAN_POINT('',(-32.452375,134.244127,1.51));
#924 = VECTOR('',#925,1.);
#925 = DIRECTION('',(0.708509775712,-0.705700997392,0.));
#926 = ORIENTED_EDGE('',*,*,#927,.F.);
#927 = EDGE_CURVE('',#928,#920,#930,.T.);
#928 = VERTEX_POINT('',#929);
#929 = CARTESIAN_POINT('',(-32.180199,133.97303,0.));
#930 = LINE('',#931,#932);
#931 = CARTESIAN_POINT('',(-32.180199,133.97303,0.));
#932 = VECTOR('',#933,1.);
#933 = DIRECTION('',(0.,0.,1.));
#934 = ORIENTED_EDGE('',*,*,#935,.F.);
#935 = EDGE_CURVE('',#897,#928,#936,.T.);
#936 = LINE('',#937,#938);
#937 = CARTESIAN_POINT('',(-32.452375,134.244127,0.));
#938 = VECTOR('',#939,1.);
#939 = DIRECTION('',(0.708509775712,-0.705700997392,0.));
#940 = PLANE('',#941);
#941 = AXIS2_PLACEMENT_3D('',#942,#943,#944);
#942 = CARTESIAN_POINT('',(-32.452375,134.244127,0.));
#943 = DIRECTION('',(0.705700997392,0.708509775712,-0.));
#944 = DIRECTION('',(0.708509775712,-0.705700997392,0.));
#945 = ADVANCED_FACE('',(#946),#971,.T.);
#946 = FACE_BOUND('',#947,.T.);
#947 = EDGE_LOOP('',(#948,#949,#957,#965));
#948 = ORIENTED_EDGE('',*,*,#927,.T.);
#949 = ORIENTED_EDGE('',*,*,#950,.T.);
#950 = EDGE_CURVE('',#920,#951,#953,.T.);
#951 = VERTEX_POINT('',#952);
#952 = CARTESIAN_POINT('',(-31.886276,133.734475,1.51));
#953 = LINE('',#954,#955);
#954 = CARTESIAN_POINT('',(-32.180199,133.97303,1.51));
#955 = VECTOR('',#956,1.);
#956 = DIRECTION('',(0.776446723421,-0.630182898601,0.));
#957 = ORIENTED_EDGE('',*,*,#958,.F.);
#958 = EDGE_CURVE('',#959,#951,#961,.T.);
#959 = VERTEX_POINT('',#960);
#960 = CARTESIAN_POINT('',(-31.886276,133.734475,0.));
#961 = LINE('',#962,#963);
#962 = CARTESIAN_POINT('',(-31.886276,133.734475,0.));
#963 = VECTOR('',#964,1.);
#964 = DIRECTION('',(0.,0.,1.));
#965 = ORIENTED_EDGE('',*,*,#966,.F.);
#966 = EDGE_CURVE('',#928,#959,#967,.T.);
#967 = LINE('',#968,#969);
#968 = CARTESIAN_POINT('',(-32.180199,133.97303,0.));
#969 = VECTOR('',#970,1.);
#970 = DIRECTION('',(0.776446723421,-0.630182898601,0.));
#971 = PLANE('',#972);
#972 = AXIS2_PLACEMENT_3D('',#973,#974,#975);
#973 = CARTESIAN_POINT('',(-32.180199,133.97303,0.));
#974 = DIRECTION('',(0.630182898601,0.776446723421,-0.));
#975 = DIRECTION('',(0.776446723421,-0.630182898601,0.));
#976 = ADVANCED_FACE('',(#977),#1002,.T.);
#977 = FACE_BOUND('',#978,.T.);
#978 = EDGE_LOOP('',(#979,#980,#988,#996));
#979 = ORIENTED_EDGE('',*,*,#958,.T.);
#980 = ORIENTED_EDGE('',*,*,#981,.T.);
#981 = EDGE_CURVE('',#951,#982,#984,.T.);
#982 = VERTEX_POINT('',#983);
#983 = CARTESIAN_POINT('',(-31.563729,133.522023,1.51));
#984 = LINE('',#985,#986);
#985 = CARTESIAN_POINT('',(-31.886276,133.734475,1.51));
#986 = VECTOR('',#987,1.);
#987 = DIRECTION('',(0.835119721911,-0.55006822311,0.));
#988 = ORIENTED_EDGE('',*,*,#989,.F.);
#989 = EDGE_CURVE('',#990,#982,#992,.T.);
#990 = VERTEX_POINT('',#991);
#991 = CARTESIAN_POINT('',(-31.563729,133.522023,0.));
#992 = LINE('',#993,#994);
#993 = CARTESIAN_POINT('',(-31.563729,133.522023,0.));
#994 = VECTOR('',#995,1.);
#995 = DIRECTION('',(0.,0.,1.));
#996 = ORIENTED_EDGE('',*,*,#997,.F.);
#997 = EDGE_CURVE('',#959,#990,#998,.T.);
#998 = LINE('',#999,#1000);
#999 = CARTESIAN_POINT('',(-31.886276,133.734475,0.));
#1000 = VECTOR('',#1001,1.);
#1001 = DIRECTION('',(0.835119721911,-0.55006822311,0.));
#1002 = PLANE('',#1003);
#1003 = AXIS2_PLACEMENT_3D('',#1004,#1005,#1006);
#1004 = CARTESIAN_POINT('',(-31.886276,133.734475,0.));
#1005 = DIRECTION('',(0.55006822311,0.835119721911,-0.));
#1006 = DIRECTION('',(0.835119721911,-0.55006822311,0.));
#1007 = ADVANCED_FACE('',(#1008),#1033,.T.);
#1008 = FACE_BOUND('',#1009,.T.);
#1009 = EDGE_LOOP('',(#1010,#1011,#1019,#1027));
#1010 = ORIENTED_EDGE('',*,*,#989,.T.);
#1011 = ORIENTED_EDGE('',*,*,#1012,.T.);
#1012 = EDGE_CURVE('',#982,#1013,#1015,.T.);
#1013 = VERTEX_POINT('',#1014);
#1014 = CARTESIAN_POINT('',(-31.201417,133.328941,1.51));
#1015 = LINE('',#1016,#1017);
#1016 = CARTESIAN_POINT('',(-31.563729,133.522023,1.51));
#1017 = VECTOR('',#1018,1.);
#1018 = DIRECTION('',(0.882505681825,-0.470301734577,0.));
#1019 = ORIENTED_EDGE('',*,*,#1020,.F.);
#1020 = EDGE_CURVE('',#1021,#1013,#1023,.T.);
#1021 = VERTEX_POINT('',#1022);
#1022 = CARTESIAN_POINT('',(-31.201417,133.328941,0.));
#1023 = LINE('',#1024,#1025);
#1024 = CARTESIAN_POINT('',(-31.201417,133.328941,0.));
#1025 = VECTOR('',#1026,1.);
#1026 = DIRECTION('',(0.,0.,1.));
#1027 = ORIENTED_EDGE('',*,*,#1028,.F.);
#1028 = EDGE_CURVE('',#990,#1021,#1029,.T.);
#1029 = LINE('',#1030,#1031);
#1030 = CARTESIAN_POINT('',(-31.563729,133.522023,0.));
#1031 = VECTOR('',#1032,1.);
#1032 = DIRECTION('',(0.882505681825,-0.470301734577,0.));
#1033 = PLANE('',#1034);
#1034 = AXIS2_PLACEMENT_3D('',#1035,#1036,#1037);
#1035 = CARTESIAN_POINT('',(-31.563729,133.522023,0.));
#1036 = DIRECTION('',(0.470301734577,0.882505681825,-0.));
#1037 = DIRECTION('',(0.882505681825,-0.470301734577,0.));
#1038 = ADVANCED_FACE('',(#1039),#1064,.T.);
#1039 = FACE_BOUND('',#1040,.T.);
#1040 = EDGE_LOOP('',(#1041,#1042,#1050,#1058));
#1041 = ORIENTED_EDGE('',*,*,#1020,.T.);
#1042 = ORIENTED_EDGE('',*,*,#1043,.T.);
#1043 = EDGE_CURVE('',#1013,#1044,#1046,.T.);
#1044 = VERTEX_POINT('',#1045);
#1045 = CARTESIAN_POINT('',(-30.779207,133.146377,1.51));
#1046 = LINE('',#1047,#1048);
#1047 = CARTESIAN_POINT('',(-31.201417,133.328941,1.51));
#1048 = VECTOR('',#1049,1.);
#1049 = DIRECTION('',(0.917867566967,-0.396886796845,0.));
#1050 = ORIENTED_EDGE('',*,*,#1051,.F.);
#1051 = EDGE_CURVE('',#1052,#1044,#1054,.T.);
#1052 = VERTEX_POINT('',#1053);
#1053 = CARTESIAN_POINT('',(-30.779207,133.146377,0.));
#1054 = LINE('',#1055,#1056);
#1055 = CARTESIAN_POINT('',(-30.779207,133.146377,0.));
#1056 = VECTOR('',#1057,1.);
#1057 = DIRECTION('',(0.,0.,1.));
#1058 = ORIENTED_EDGE('',*,*,#1059,.F.);
#1059 = EDGE_CURVE('',#1021,#1052,#1060,.T.);
#1060 = LINE('',#1061,#1062);
#1061 = CARTESIAN_POINT('',(-31.201417,133.328941,0.));
#1062 = VECTOR('',#1063,1.);
#1063 = DIRECTION('',(0.917867566967,-0.396886796845,0.));
#1064 = PLANE('',#1065);
#1065 = AXIS2_PLACEMENT_3D('',#1066,#1067,#1068);
#1066 = CARTESIAN_POINT('',(-31.201417,133.328941,0.));
#1067 = DIRECTION('',(0.396886796845,0.917867566967,-0.));
#1068 = DIRECTION('',(0.917867566967,-0.396886796845,0.));
#1069 = ADVANCED_FACE('',(#1070),#1095,.T.);
#1070 = FACE_BOUND('',#1071,.T.);
#1071 = EDGE_LOOP('',(#1072,#1073,#1081,#1089));
#1072 = ORIENTED_EDGE('',*,*,#1051,.T.);
#1073 = ORIENTED_EDGE('',*,*,#1074,.T.);
#1074 = EDGE_CURVE('',#1044,#1075,#1077,.T.);
#1075 = VERTEX_POINT('',#1076);
#1076 = CARTESIAN_POINT('',(-30.251341,132.9572,1.51));
#1077 = LINE('',#1078,#1079);
#1078 = CARTESIAN_POINT('',(-30.779207,133.146377,1.51));
#1079 = VECTOR('',#1080,1.);
#1080 = DIRECTION('',(0.941372246613,-0.337369668623,0.));
#1081 = ORIENTED_EDGE('',*,*,#1082,.F.);
#1082 = EDGE_CURVE('',#1083,#1075,#1085,.T.);
#1083 = VERTEX_POINT('',#1084);
#1084 = CARTESIAN_POINT('',(-30.251341,132.9572,0.));
#1085 = LINE('',#1086,#1087);
#1086 = CARTESIAN_POINT('',(-30.251341,132.9572,0.));
#1087 = VECTOR('',#1088,1.);
#1088 = DIRECTION('',(0.,0.,1.));
#1089 = ORIENTED_EDGE('',*,*,#1090,.F.);
#1090 = EDGE_CURVE('',#1052,#1083,#1091,.T.);
#1091 = LINE('',#1092,#1093);
#1092 = CARTESIAN_POINT('',(-30.779207,133.146377,0.));
#1093 = VECTOR('',#1094,1.);
#1094 = DIRECTION('',(0.941372246613,-0.337369668623,0.));
#1095 = PLANE('',#1096);
#1096 = AXIS2_PLACEMENT_3D('',#1097,#1098,#1099);
#1097 = CARTESIAN_POINT('',(-30.779207,133.146377,0.));
#1098 = DIRECTION('',(0.337369668623,0.941372246613,-0.));
#1099 = DIRECTION('',(0.941372246613,-0.337369668623,0.));
#1100 = ADVANCED_FACE('',(#1101),#1126,.T.);
#1101 = FACE_BOUND('',#1102,.T.);
#1102 = EDGE_LOOP('',(#1103,#1104,#1112,#1120));
#1103 = ORIENTED_EDGE('',*,*,#1082,.T.);
#1104 = ORIENTED_EDGE('',*,*,#1105,.T.);
#1105 = EDGE_CURVE('',#1075,#1106,#1108,.T.);
#1106 = VERTEX_POINT('',#1107);
#1107 = CARTESIAN_POINT('',(-29.786863,132.807156,1.51));
#1108 = LINE('',#1109,#1110);
#1109 = CARTESIAN_POINT('',(-30.251341,132.9572,1.51));
#1110 = VECTOR('',#1111,1.);
#1111 = DIRECTION('',(0.951581404054,-0.307396863124,0.));
#1112 = ORIENTED_EDGE('',*,*,#1113,.F.);
#1113 = EDGE_CURVE('',#1114,#1106,#1116,.T.);
#1114 = VERTEX_POINT('',#1115);
#1115 = CARTESIAN_POINT('',(-29.786863,132.807156,0.));
#1116 = LINE('',#1117,#1118);
#1117 = CARTESIAN_POINT('',(-29.786863,132.807156,0.));
#1118 = VECTOR('',#1119,1.);
#1119 = DIRECTION('',(0.,0.,1.));
#1120 = ORIENTED_EDGE('',*,*,#1121,.F.);
#1121 = EDGE_CURVE('',#1083,#1114,#1122,.T.);
#1122 = LINE('',#1123,#1124);
#1123 = CARTESIAN_POINT('',(-30.251341,132.9572,0.));
#1124 = VECTOR('',#1125,1.);
#1125 = DIRECTION('',(0.951581404054,-0.307396863124,0.));
#1126 = PLANE('',#1127);
#1127 = AXIS2_PLACEMENT_3D('',#1128,#1129,#1130);
#1128 = CARTESIAN_POINT('',(-30.251341,132.9572,0.));
#1129 = DIRECTION('',(0.307396863124,0.951581404054,-0.));
#1130 = DIRECTION('',(0.951581404054,-0.307396863124,0.));
#1131 = ADVANCED_FACE('',(#1132),#1157,.T.);
#1132 = FACE_BOUND('',#1133,.T.);
#1133 = EDGE_LOOP('',(#1134,#1135,#1143,#1151));
#1134 = ORIENTED_EDGE('',*,*,#1113,.T.);
#1135 = ORIENTED_EDGE('',*,*,#1136,.T.);
#1136 = EDGE_CURVE('',#1106,#1137,#1139,.T.);
#1137 = VERTEX_POINT('',#1138);
#1138 = CARTESIAN_POINT('',(-29.195376,132.614685,1.51));
#1139 = LINE('',#1140,#1141);
#1140 = CARTESIAN_POINT('',(-29.786863,132.807156,1.51));
#1141 = VECTOR('',#1142,1.);
#1142 = DIRECTION('',(0.950921661904,-0.309431725783,0.));
#1143 = ORIENTED_EDGE('',*,*,#1144,.F.);
#1144 = EDGE_CURVE('',#1145,#1137,#1147,.T.);
#1145 = VERTEX_POINT('',#1146);
#1146 = CARTESIAN_POINT('',(-29.195376,132.614685,0.));
#1147 = LINE('',#1148,#1149);
#1148 = CARTESIAN_POINT('',(-29.195376,132.614685,0.));
#1149 = VECTOR('',#1150,1.);
#1150 = DIRECTION('',(0.,0.,1.));
#1151 = ORIENTED_EDGE('',*,*,#1152,.F.);
#1152 = EDGE_CURVE('',#1114,#1145,#1153,.T.);
#1153 = LINE('',#1154,#1155);
#1154 = CARTESIAN_POINT('',(-29.786863,132.807156,0.));
#1155 = VECTOR('',#1156,1.);
#1156 = DIRECTION('',(0.950921661904,-0.309431725783,0.));
#1157 = PLANE('',#1158);
#1158 = AXIS2_PLACEMENT_3D('',#1159,#1160,#1161);
#1159 = CARTESIAN_POINT('',(-29.786863,132.807156,0.));
#1160 = DIRECTION('',(0.309431725783,0.950921661904,-0.));
#1161 = DIRECTION('',(0.950921661904,-0.309431725783,0.));
#1162 = ADVANCED_FACE('',(#1163),#1188,.T.);
#1163 = FACE_BOUND('',#1164,.T.);
#1164 = EDGE_LOOP('',(#1165,#1166,#1174,#1182));
#1165 = ORIENTED_EDGE('',*,*,#1144,.T.);
#1166 = ORIENTED_EDGE('',*,*,#1167,.T.);
#1167 = EDGE_CURVE('',#1137,#1168,#1170,.T.);
#1168 = VERTEX_POINT('',#1169);
#1169 = CARTESIAN_POINT('',(-28.58751,132.391195,1.51));
#1170 = LINE('',#1171,#1172);
#1171 = CARTESIAN_POINT('',(-29.195376,132.614685,1.51));
#1172 = VECTOR('',#1173,1.);
#1173 = DIRECTION('',(0.938573626117,-0.345079046535,0.));
#1174 = ORIENTED_EDGE('',*,*,#1175,.F.);
#1175 = EDGE_CURVE('',#1176,#1168,#1178,.T.);
#1176 = VERTEX_POINT('',#1177);
#1177 = CARTESIAN_POINT('',(-28.58751,132.391195,0.));
#1178 = LINE('',#1179,#1180);
#1179 = CARTESIAN_POINT('',(-28.58751,132.391195,0.));
#1180 = VECTOR('',#1181,1.);
#1181 = DIRECTION('',(0.,0.,1.));
#1182 = ORIENTED_EDGE('',*,*,#1183,.F.);
#1183 = EDGE_CURVE('',#1145,#1176,#1184,.T.);
#1184 = LINE('',#1185,#1186);
#1185 = CARTESIAN_POINT('',(-29.195376,132.614685,0.));
#1186 = VECTOR('',#1187,1.);
#1187 = DIRECTION('',(0.938573626117,-0.345079046535,0.));
#1188 = PLANE('',#1189);
#1189 = AXIS2_PLACEMENT_3D('',#1190,#1191,#1192);
#1190 = CARTESIAN_POINT('',(-29.195376,132.614685,0.));
#1191 = DIRECTION('',(0.345079046535,0.938573626117,-0.));
#1192 = DIRECTION('',(0.938573626117,-0.345079046535,0.));
#1193 = ADVANCED_FACE('',(#1194),#1219,.T.);
#1194 = FACE_BOUND('',#1195,.T.);
#1195 = EDGE_LOOP('',(#1196,#1197,#1205,#1213));
#1196 = ORIENTED_EDGE('',*,*,#1175,.T.);
#1197 = ORIENTED_EDGE('',*,*,#1198,.T.);
#1198 = EDGE_CURVE('',#1168,#1199,#1201,.T.);
#1199 = VERTEX_POINT('',#1200);
#1200 = CARTESIAN_POINT('',(-28.278453,132.260078,1.51));
#1201 = LINE('',#1202,#1203);
#1202 = CARTESIAN_POINT('',(-28.58751,132.391195,1.51));
#1203 = VECTOR('',#1204,1.);
#1204 = DIRECTION('',(0.920579737357,-0.390554666042,0.));
#1205 = ORIENTED_EDGE('',*,*,#1206,.F.);
#1206 = EDGE_CURVE('',#1207,#1199,#1209,.T.);
#1207 = VERTEX_POINT('',#1208);
#1208 = CARTESIAN_POINT('',(-28.278453,132.260078,0.));
#1209 = LINE('',#1210,#1211);
#1210 = CARTESIAN_POINT('',(-28.278453,132.260078,0.));
#1211 = VECTOR('',#1212,1.);
#1212 = DIRECTION('',(0.,0.,1.));
#1213 = ORIENTED_EDGE('',*,*,#1214,.F.);
#1214 = EDGE_CURVE('',#1176,#1207,#1215,.T.);
#1215 = LINE('',#1216,#1217);
#1216 = CARTESIAN_POINT('',(-28.58751,132.391195,0.));
#1217 = VECTOR('',#1218,1.);
#1218 = DIRECTION('',(0.920579737357,-0.390554666042,0.));
#1219 = PLANE('',#1220);
#1220 = AXIS2_PLACEMENT_3D('',#1221,#1222,#1223);
#1221 = CARTESIAN_POINT('',(-28.58751,132.391195,0.));
#1222 = DIRECTION('',(0.390554666042,0.920579737357,-0.));
#1223 = DIRECTION('',(0.920579737357,-0.390554666042,0.));
#1224 = ADVANCED_FACE('',(#1225),#1250,.T.);
#1225 = FACE_BOUND('',#1226,.T.);
#1226 = EDGE_LOOP('',(#1227,#1228,#1236,#1244));
#1227 = ORIENTED_EDGE('',*,*,#1206,.T.);
#1228 = ORIENTED_EDGE('',*,*,#1229,.T.);
#1229 = EDGE_CURVE('',#1199,#1230,#1232,.T.);
#1230 = VERTEX_POINT('',#1231);
#1231 = CARTESIAN_POINT('',(-27.966525,132.111917,1.51));
#1232 = LINE('',#1233,#1234);
#1233 = CARTESIAN_POINT('',(-28.278453,132.260078,1.51));
#1234 = VECTOR('',#1235,1.);
#1235 = DIRECTION('',(0.903282891279,-0.42904547349,0.));
#1236 = ORIENTED_EDGE('',*,*,#1237,.F.);
#1237 = EDGE_CURVE('',#1238,#1230,#1240,.T.);
#1238 = VERTEX_POINT('',#1239);
#1239 = CARTESIAN_POINT('',(-27.966525,132.111917,0.));
#1240 = LINE('',#1241,#1242);
#1241 = CARTESIAN_POINT('',(-27.966525,132.111917,0.));
#1242 = VECTOR('',#1243,1.);
#1243 = DIRECTION('',(0.,0.,1.));
#1244 = ORIENTED_EDGE('',*,*,#1245,.F.);
#1245 = EDGE_CURVE('',#1207,#1238,#1246,.T.);
#1246 = LINE('',#1247,#1248);
#1247 = CARTESIAN_POINT('',(-28.278453,132.260078,0.));
#1248 = VECTOR('',#1249,1.);
#1249 = DIRECTION('',(0.903282891279,-0.42904547349,0.));
#1250 = PLANE('',#1251);
#1251 = AXIS2_PLACEMENT_3D('',#1252,#1253,#1254);
#1252 = CARTESIAN_POINT('',(-28.278453,132.260078,0.));
#1253 = DIRECTION('',(0.42904547349,0.903282891279,-0.));
#1254 = DIRECTION('',(0.903282891279,-0.42904547349,0.));
#1255 = ADVANCED_FACE('',(#1256),#1281,.T.);
#1256 = FACE_BOUND('',#1257,.T.);
#1257 = EDGE_LOOP('',(#1258,#1259,#1267,#1275));
#1258 = ORIENTED_EDGE('',*,*,#1237,.T.);
#1259 = ORIENTED_EDGE('',*,*,#1260,.T.);
#1260 = EDGE_CURVE('',#1230,#1261,#1263,.T.);
#1261 = VERTEX_POINT('',#1262);
#1262 = CARTESIAN_POINT('',(-27.652133,131.943617,1.51));
#1263 = LINE('',#1264,#1265);
#1264 = CARTESIAN_POINT('',(-27.966525,132.111917,1.51));
#1265 = VECTOR('',#1266,1.);
#1266 = DIRECTION('',(0.881625003153,-0.471950584082,0.));
#1267 = ORIENTED_EDGE('',*,*,#1268,.F.);
#1268 = EDGE_CURVE('',#1269,#1261,#1271,.T.);
#1269 = VERTEX_POINT('',#1270);
#1270 = CARTESIAN_POINT('',(-27.652133,131.943617,0.));
#1271 = LINE('',#1272,#1273);
#1272 = CARTESIAN_POINT('',(-27.652133,131.943617,0.));
#1273 = VECTOR('',#1274,1.);
#1274 = DIRECTION('',(0.,0.,1.));
#1275 = ORIENTED_EDGE('',*,*,#1276,.F.);
#1276 = EDGE_CURVE('',#1238,#1269,#1277,.T.);
#1277 = LINE('',#1278,#1279);
#1278 = CARTESIAN_POINT('',(-27.966525,132.111917,0.));
#1279 = VECTOR('',#1280,1.);
#1280 = DIRECTION('',(0.881625003153,-0.471950584082,0.));
#1281 = PLANE('',#1282);
#1282 = AXIS2_PLACEMENT_3D('',#1283,#1284,#1285);
#1283 = CARTESIAN_POINT('',(-27.966525,132.111917,0.));
#1284 = DIRECTION('',(0.471950584082,0.881625003153,-0.));
#1285 = DIRECTION('',(0.881625003153,-0.471950584082,0.));
#1286 = ADVANCED_FACE('',(#1287),#1312,.T.);
#1287 = FACE_BOUND('',#1288,.T.);
#1288 = EDGE_LOOP('',(#1289,#1290,#1298,#1306));
#1289 = ORIENTED_EDGE('',*,*,#1268,.T.);
#1290 = ORIENTED_EDGE('',*,*,#1291,.T.);
#1291 = EDGE_CURVE('',#1261,#1292,#1294,.T.);
#1292 = VERTEX_POINT('',#1293);
#1293 = CARTESIAN_POINT('',(-27.335684,131.75208,1.51));
#1294 = LINE('',#1295,#1296);
#1295 = CARTESIAN_POINT('',(-27.652133,131.943617,1.51));
#1296 = VECTOR('',#1297,1.);
#1297 = DIRECTION('',(0.855497589332,-0.517806792778,0.));
#1298 = ORIENTED_EDGE('',*,*,#1299,.F.);
#1299 = EDGE_CURVE('',#1300,#1292,#1302,.T.);
#1300 = VERTEX_POINT('',#1301);
#1301 = CARTESIAN_POINT('',(-27.335684,131.75208,0.));
#1302 = LINE('',#1303,#1304);
#1303 = CARTESIAN_POINT('',(-27.335684,131.75208,0.));
#1304 = VECTOR('',#1305,1.);
#1305 = DIRECTION('',(0.,0.,1.));
#1306 = ORIENTED_EDGE('',*,*,#1307,.F.);
#1307 = EDGE_CURVE('',#1269,#1300,#1308,.T.);
#1308 = LINE('',#1309,#1310);
#1309 = CARTESIAN_POINT('',(-27.652133,131.943617,0.));
#1310 = VECTOR('',#1311,1.);
#1311 = DIRECTION('',(0.855497589332,-0.517806792778,0.));
#1312 = PLANE('',#1313);
#1313 = AXIS2_PLACEMENT_3D('',#1314,#1315,#1316);
#1314 = CARTESIAN_POINT('',(-27.652133,131.943617,0.));
#1315 = DIRECTION('',(0.517806792778,0.855497589332,-0.));
#1316 = DIRECTION('',(0.855497589332,-0.517806792778,0.));
#1317 = ADVANCED_FACE('',(#1318),#1343,.T.);
#1318 = FACE_BOUND('',#1319,.T.);
#1319 = EDGE_LOOP('',(#1320,#1321,#1329,#1337));
#1320 = ORIENTED_EDGE('',*,*,#1299,.T.);
#1321 = ORIENTED_EDGE('',*,*,#1322,.T.);
#1322 = EDGE_CURVE('',#1292,#1323,#1325,.T.);
#1323 = VERTEX_POINT('',#1324);
#1324 = CARTESIAN_POINT('',(-27.017587,131.534212,1.51));
#1325 = LINE('',#1326,#1327);
#1326 = CARTESIAN_POINT('',(-27.335684,131.75208,1.51));
#1327 = VECTOR('',#1328,1.);
#1328 = DIRECTION('',(0.825037998584,-0.565077252145,0.));
#1329 = ORIENTED_EDGE('',*,*,#1330,.F.);
#1330 = EDGE_CURVE('',#1331,#1323,#1333,.T.);
#1331 = VERTEX_POINT('',#1332);
#1332 = CARTESIAN_POINT('',(-27.017587,131.534212,0.));
#1333 = LINE('',#1334,#1335);
#1334 = CARTESIAN_POINT('',(-27.017587,131.534212,0.));
#1335 = VECTOR('',#1336,1.);
#1336 = DIRECTION('',(0.,0.,1.));
#1337 = ORIENTED_EDGE('',*,*,#1338,.F.);
#1338 = EDGE_CURVE('',#1300,#1331,#1339,.T.);
#1339 = LINE('',#1340,#1341);
#1340 = CARTESIAN_POINT('',(-27.335684,131.75208,0.));
#1341 = VECTOR('',#1342,1.);
#1342 = DIRECTION('',(0.825037998584,-0.565077252145,0.));
#1343 = PLANE('',#1344);
#1344 = AXIS2_PLACEMENT_3D('',#1345,#1346,#1347);
#1345 = CARTESIAN_POINT('',(-27.335684,131.75208,0.));
#1346 = DIRECTION('',(0.565077252145,0.825037998584,-0.));
#1347 = DIRECTION('',(0.825037998584,-0.565077252145,0.));
#1348 = ADVANCED_FACE('',(#1349),#1374,.T.);
#1349 = FACE_BOUND('',#1350,.T.);
#1350 = EDGE_LOOP('',(#1351,#1352,#1360,#1368));
#1351 = ORIENTED_EDGE('',*,*,#1330,.T.);
#1352 = ORIENTED_EDGE('',*,*,#1353,.T.);
#1353 = EDGE_CURVE('',#1323,#1354,#1356,.T.);
#1354 = VERTEX_POINT('',#1355);
#1355 = CARTESIAN_POINT('',(-26.69825,131.286916,1.51));
#1356 = LINE('',#1357,#1358);
#1357 = CARTESIAN_POINT('',(-27.017587,131.534212,1.51));
#1358 = VECTOR('',#1359,1.);
#1359 = DIRECTION('',(0.790642977414,-0.612277455298,0.));
#1360 = ORIENTED_EDGE('',*,*,#1361,.F.);
#1361 = EDGE_CURVE('',#1362,#1354,#1364,.T.);
#1362 = VERTEX_POINT('',#1363);
#1363 = CARTESIAN_POINT('',(-26.69825,131.286916,0.));
#1364 = LINE('',#1365,#1366);
#1365 = CARTESIAN_POINT('',(-26.69825,131.286916,0.));
#1366 = VECTOR('',#1367,1.);
#1367 = DIRECTION('',(0.,0.,1.));
#1368 = ORIENTED_EDGE('',*,*,#1369,.F.);
#1369 = EDGE_CURVE('',#1331,#1362,#1370,.T.);
#1370 = LINE('',#1371,#1372);
#1371 = CARTESIAN_POINT('',(-27.017587,131.534212,0.));
#1372 = VECTOR('',#1373,1.);
#1373 = DIRECTION('',(0.790642977414,-0.612277455298,0.));
#1374 = PLANE('',#1375);
#1375 = AXIS2_PLACEMENT_3D('',#1376,#1377,#1378);
#1376 = CARTESIAN_POINT('',(-27.017587,131.534212,0.));
#1377 = DIRECTION('',(0.612277455298,0.790642977414,-0.));
#1378 = DIRECTION('',(0.790642977414,-0.612277455298,0.));
#1379 = ADVANCED_FACE('',(#1380),#1405,.T.);
#1380 = FACE_BOUND('',#1381,.T.);
#1381 = EDGE_LOOP('',(#1382,#1383,#1391,#1399));
#1382 = ORIENTED_EDGE('',*,*,#1361,.T.);
#1383 = ORIENTED_EDGE('',*,*,#1384,.T.);
#1384 = EDGE_CURVE('',#1354,#1385,#1387,.T.);
#1385 = VERTEX_POINT('',#1386);
#1386 = CARTESIAN_POINT('',(-26.378079,131.007095,1.51));
#1387 = LINE('',#1388,#1389);
#1388 = CARTESIAN_POINT('',(-26.69825,131.286916,1.51));
#1389 = VECTOR('',#1390,1.);
#1390 = DIRECTION('',(0.75295956836,-0.658066781121,0.));
#1391 = ORIENTED_EDGE('',*,*,#1392,.F.);
#1392 = EDGE_CURVE('',#1393,#1385,#1395,.T.);
#1393 = VERTEX_POINT('',#1394);
#1394 = CARTESIAN_POINT('',(-26.378079,131.007095,0.));
#1395 = LINE('',#1396,#1397);
#1396 = CARTESIAN_POINT('',(-26.378079,131.007095,0.));
#1397 = VECTOR('',#1398,1.);
#1398 = DIRECTION('',(0.,0.,1.));
#1399 = ORIENTED_EDGE('',*,*,#1400,.F.);
#1400 = EDGE_CURVE('',#1362,#1393,#1401,.T.);
#1401 = LINE('',#1402,#1403);
#1402 = CARTESIAN_POINT('',(-26.69825,131.286916,0.));
#1403 = VECTOR('',#1404,1.);
#1404 = DIRECTION('',(0.75295956836,-0.658066781121,0.));
#1405 = PLANE('',#1406);
#1406 = AXIS2_PLACEMENT_3D('',#1407,#1408,#1409);
#1407 = CARTESIAN_POINT('',(-26.69825,131.286916,0.));
#1408 = DIRECTION('',(0.658066781121,0.75295956836,-0.));
#1409 = DIRECTION('',(0.75295956836,-0.658066781121,0.));
#1410 = ADVANCED_FACE('',(#1411),#1436,.T.);
#1411 = FACE_BOUND('',#1412,.T.);
#1412 = EDGE_LOOP('',(#1413,#1414,#1422,#1430));
#1413 = ORIENTED_EDGE('',*,*,#1392,.T.);
#1414 = ORIENTED_EDGE('',*,*,#1415,.T.);
#1415 = EDGE_CURVE('',#1385,#1416,#1418,.T.);
#1416 = VERTEX_POINT('',#1417);
#1417 = CARTESIAN_POINT('',(-26.057484,130.691654,1.51));
#1418 = LINE('',#1419,#1420);
#1419 = CARTESIAN_POINT('',(-26.378079,131.007095,1.51));
#1420 = VECTOR('',#1421,1.);
#1421 = DIRECTION('',(0.712813287508,-0.701353845895,0.));
#1422 = ORIENTED_EDGE('',*,*,#1423,.F.);
#1423 = EDGE_CURVE('',#1424,#1416,#1426,.T.);
#1424 = VERTEX_POINT('',#1425);
#1425 = CARTESIAN_POINT('',(-26.057484,130.691654,0.));
#1426 = LINE('',#1427,#1428);
#1427 = CARTESIAN_POINT('',(-26.057484,130.691654,0.));
#1428 = VECTOR('',#1429,1.);
#1429 = DIRECTION('',(0.,0.,1.));
#1430 = ORIENTED_EDGE('',*,*,#1431,.F.);
#1431 = EDGE_CURVE('',#1393,#1424,#1432,.T.);
#1432 = LINE('',#1433,#1434);
#1433 = CARTESIAN_POINT('',(-26.378079,131.007095,0.));
#1434 = VECTOR('',#1435,1.);
#1435 = DIRECTION('',(0.712813287508,-0.701353845895,0.));
#1436 = PLANE('',#1437);
#1437 = AXIS2_PLACEMENT_3D('',#1438,#1439,#1440);
#1438 = CARTESIAN_POINT('',(-26.378079,131.007095,0.));
#1439 = DIRECTION('',(0.701353845895,0.712813287508,-0.));
#1440 = DIRECTION('',(0.712813287508,-0.701353845895,0.));
#1441 = ADVANCED_FACE('',(#1442),#1467,.T.);
#1442 = FACE_BOUND('',#1443,.T.);
#1443 = EDGE_LOOP('',(#1444,#1445,#1453,#1461));
#1444 = ORIENTED_EDGE('',*,*,#1423,.T.);
#1445 = ORIENTED_EDGE('',*,*,#1446,.T.);
#1446 = EDGE_CURVE('',#1416,#1447,#1449,.T.);
#1447 = VERTEX_POINT('',#1448);
#1448 = CARTESIAN_POINT('',(-25.736871,130.337496,1.51));
#1449 = LINE('',#1450,#1451);
#1450 = CARTESIAN_POINT('',(-26.057484,130.691654,1.51));
#1451 = VECTOR('',#1452,1.);
#1452 = DIRECTION('',(0.671125469786,-0.741343782468,0.));
#1453 = ORIENTED_EDGE('',*,*,#1454,.F.);
#1454 = EDGE_CURVE('',#1455,#1447,#1457,.T.);
#1455 = VERTEX_POINT('',#1456);
#1456 = CARTESIAN_POINT('',(-25.736871,130.337496,0.));
#1457 = LINE('',#1458,#1459);
#1458 = CARTESIAN_POINT('',(-25.736871,130.337496,0.));
#1459 = VECTOR('',#1460,1.);
#1460 = DIRECTION('',(0.,0.,1.));
#1461 = ORIENTED_EDGE('',*,*,#1462,.F.);
#1462 = EDGE_CURVE('',#1424,#1455,#1463,.T.);
#1463 = LINE('',#1464,#1465);
#1464 = CARTESIAN_POINT('',(-26.057484,130.691654,0.));
#1465 = VECTOR('',#1466,1.);
#1466 = DIRECTION('',(0.671125469786,-0.741343782468,0.));
#1467 = PLANE('',#1468);
#1468 = AXIS2_PLACEMENT_3D('',#1469,#1470,#1471);
#1469 = CARTESIAN_POINT('',(-26.057484,130.691654,0.));
#1470 = DIRECTION('',(0.741343782468,0.671125469786,-0.));
#1471 = DIRECTION('',(0.671125469786,-0.741343782468,0.));
#1472 = ADVANCED_FACE('',(#1473),#1498,.T.);
#1473 = FACE_BOUND('',#1474,.T.);
#1474 = EDGE_LOOP('',(#1475,#1476,#1484,#1492));
#1475 = ORIENTED_EDGE('',*,*,#1454,.T.);
#1476 = ORIENTED_EDGE('',*,*,#1477,.T.);
#1477 = EDGE_CURVE('',#1447,#1478,#1480,.T.);
#1478 = VERTEX_POINT('',#1479);
#1479 = CARTESIAN_POINT('',(-25.416649,129.941524,1.51));
#1480 = LINE('',#1481,#1482);
#1481 = CARTESIAN_POINT('',(-25.736871,130.337496,1.51));
#1482 = VECTOR('',#1483,1.);
#1483 = DIRECTION('',(0.628810521847,-0.777558568608,0.));
#1484 = ORIENTED_EDGE('',*,*,#1485,.F.);
#1485 = EDGE_CURVE('',#1486,#1478,#1488,.T.);
#1486 = VERTEX_POINT('',#1487);
#1487 = CARTESIAN_POINT('',(-25.416649,129.941524,0.));
#1488 = LINE('',#1489,#1490);
#1489 = CARTESIAN_POINT('',(-25.416649,129.941524,0.));
#1490 = VECTOR('',#1491,1.);
#1491 = DIRECTION('',(0.,0.,1.));
#1492 = ORIENTED_EDGE('',*,*,#1493,.F.);
#1493 = EDGE_CURVE('',#1455,#1486,#1494,.T.);
#1494 = LINE('',#1495,#1496);
#1495 = CARTESIAN_POINT('',(-25.736871,130.337496,0.));
#1496 = VECTOR('',#1497,1.);
#1497 = DIRECTION('',(0.628810521847,-0.777558568608,0.));
#1498 = PLANE('',#1499);
#1499 = AXIS2_PLACEMENT_3D('',#1500,#1501,#1502);
#1500 = CARTESIAN_POINT('',(-25.736871,130.337496,0.));
#1501 = DIRECTION('',(0.777558568608,0.628810521847,-0.));
#1502 = DIRECTION('',(0.628810521847,-0.777558568608,0.));
#1503 = ADVANCED_FACE('',(#1504),#1529,.T.);
#1504 = FACE_BOUND('',#1505,.T.);
#1505 = EDGE_LOOP('',(#1506,#1507,#1515,#1523));
#1506 = ORIENTED_EDGE('',*,*,#1485,.T.);
#1507 = ORIENTED_EDGE('',*,*,#1508,.T.);
#1508 = EDGE_CURVE('',#1478,#1509,#1511,.T.);
#1509 = VERTEX_POINT('',#1510);
#1510 = CARTESIAN_POINT('',(-25.097225,129.500643,1.51));
#1511 = LINE('',#1512,#1513);
#1512 = CARTESIAN_POINT('',(-25.416649,129.941524,1.51));
#1513 = VECTOR('',#1514,1.);
#1514 = DIRECTION('',(0.586709023983,-0.809797827348,0.));
#1515 = ORIENTED_EDGE('',*,*,#1516,.F.);
#1516 = EDGE_CURVE('',#1517,#1509,#1519,.T.);
#1517 = VERTEX_POINT('',#1518);
#1518 = CARTESIAN_POINT('',(-25.097225,129.500643,0.));
#1519 = LINE('',#1520,#1521);
#1520 = CARTESIAN_POINT('',(-25.097225,129.500643,0.));
#1521 = VECTOR('',#1522,1.);
#1522 = DIRECTION('',(0.,0.,1.));
#1523 = ORIENTED_EDGE('',*,*,#1524,.F.);
#1524 = EDGE_CURVE('',#1486,#1517,#1525,.T.);
#1525 = LINE('',#1526,#1527);
#1526 = CARTESIAN_POINT('',(-25.416649,129.941524,0.));
#1527 = VECTOR('',#1528,1.);
#1528 = DIRECTION('',(0.586709023983,-0.809797827348,0.));
#1529 = PLANE('',#1530);
#1530 = AXIS2_PLACEMENT_3D('',#1531,#1532,#1533);
#1531 = CARTESIAN_POINT('',(-25.416649,129.941524,0.));
#1532 = DIRECTION('',(0.809797827348,0.586709023983,-0.));
#1533 = DIRECTION('',(0.586709023983,-0.809797827348,0.));
#1534 = ADVANCED_FACE('',(#1535),#1560,.T.);
#1535 = FACE_BOUND('',#1536,.T.);
#1536 = EDGE_LOOP('',(#1537,#1538,#1546,#1554));
#1537 = ORIENTED_EDGE('',*,*,#1516,.T.);
#1538 = ORIENTED_EDGE('',*,*,#1539,.T.);
#1539 = EDGE_CURVE('',#1509,#1540,#1542,.T.);
#1540 = VERTEX_POINT('',#1541);
#1541 = CARTESIAN_POINT('',(-24.779007,129.011757,1.51));
#1542 = LINE('',#1543,#1544);
#1543 = CARTESIAN_POINT('',(-25.097225,129.500643,1.51));
#1544 = VECTOR('',#1545,1.);
#1545 = DIRECTION('',(0.54552102925,-0.838097134374,0.));
#1546 = ORIENTED_EDGE('',*,*,#1547,.F.);
#1547 = EDGE_CURVE('',#1548,#1540,#1550,.T.);
#1548 = VERTEX_POINT('',#1549);
#1549 = CARTESIAN_POINT('',(-24.779007,129.011757,0.));
#1550 = LINE('',#1551,#1552);
#1551 = CARTESIAN_POINT('',(-24.779007,129.011757,0.));
#1552 = VECTOR('',#1553,1.);
#1553 = DIRECTION('',(0.,0.,1.));
#1554 = ORIENTED_EDGE('',*,*,#1555,.F.);
#1555 = EDGE_CURVE('',#1517,#1548,#1556,.T.);
#1556 = LINE('',#1557,#1558);
#1557 = CARTESIAN_POINT('',(-25.097225,129.500643,0.));
#1558 = VECTOR('',#1559,1.);
#1559 = DIRECTION('',(0.54552102925,-0.838097134374,0.));
#1560 = PLANE('',#1561);
#1561 = AXIS2_PLACEMENT_3D('',#1562,#1563,#1564);
#1562 = CARTESIAN_POINT('',(-25.097225,129.500643,0.));
#1563 = DIRECTION('',(0.838097134374,0.54552102925,-0.));
#1564 = DIRECTION('',(0.54552102925,-0.838097134374,0.));
#1565 = ADVANCED_FACE('',(#1566),#1593,.T.);
#1566 = FACE_BOUND('',#1567,.T.);
#1567 = EDGE_LOOP('',(#1568,#1569,#1578,#1586));
#1568 = ORIENTED_EDGE('',*,*,#1547,.T.);
#1569 = ORIENTED_EDGE('',*,*,#1570,.T.);
#1570 = EDGE_CURVE('',#1540,#1571,#1573,.T.);
#1571 = VERTEX_POINT('',#1572);
#1572 = CARTESIAN_POINT('',(-23.264504,124.438495,1.51));
#1573 = CIRCLE('',#1574,7.609409189545);
#1574 = AXIS2_PLACEMENT_3D('',#1575,#1576,#1577);
#1575 = CARTESIAN_POINT('',(-30.87389319319,124.45593978395,1.51));
#1576 = DIRECTION('',(0.,0.,-1.));
#1577 = DIRECTION('',(0.800967071342,0.598708402001,0.));
#1578 = ORIENTED_EDGE('',*,*,#1579,.F.);
#1579 = EDGE_CURVE('',#1580,#1571,#1582,.T.);
#1580 = VERTEX_POINT('',#1581);
#1581 = CARTESIAN_POINT('',(-23.264504,124.438495,0.));
#1582 = LINE('',#1583,#1584);
#1583 = CARTESIAN_POINT('',(-23.264504,124.438495,0.));
#1584 = VECTOR('',#1585,1.);
#1585 = DIRECTION('',(0.,0.,1.));
#1586 = ORIENTED_EDGE('',*,*,#1587,.F.);
#1587 = EDGE_CURVE('',#1548,#1580,#1588,.T.);
#1588 = CIRCLE('',#1589,7.609409189545);
#1589 = AXIS2_PLACEMENT_3D('',#1590,#1591,#1592);
#1590 = CARTESIAN_POINT('',(-30.87389319319,124.45593978395,0.));
#1591 = DIRECTION('',(0.,0.,-1.));
#1592 = DIRECTION('',(0.800967071342,0.598708402001,0.));
#1593 = CYLINDRICAL_SURFACE('',#1594,7.609409189545);
#1594 = AXIS2_PLACEMENT_3D('',#1595,#1596,#1597);
#1595 = CARTESIAN_POINT('',(-30.87389319319,124.45593978395,0.));
#1596 = DIRECTION('',(0.,0.,-1.));
#1597 = DIRECTION('',(0.800967071342,0.598708402001,0.));
#1598 = ADVANCED_FACE('',(#1599),#1624,.T.);
#1599 = FACE_BOUND('',#1600,.T.);
#1600 = EDGE_LOOP('',(#1601,#1602,#1610,#1618));
#1601 = ORIENTED_EDGE('',*,*,#1579,.T.);
#1602 = ORIENTED_EDGE('',*,*,#1603,.T.);
#1603 = EDGE_CURVE('',#1571,#1604,#1606,.T.);
#1604 = VERTEX_POINT('',#1605);
#1605 = CARTESIAN_POINT('',(-23.241,92.8624,1.51));
#1606 = LINE('',#1607,#1608);
#1607 = CARTESIAN_POINT('',(-23.264504,124.438495,1.51));
#1608 = VECTOR('',#1609,1.);
#1609 = DIRECTION('',(7.443603614867E-04,-0.999999722964,0.));
#1610 = ORIENTED_EDGE('',*,*,#1611,.F.);
#1611 = EDGE_CURVE('',#1612,#1604,#1614,.T.);
#1612 = VERTEX_POINT('',#1613);
#1613 = CARTESIAN_POINT('',(-23.241,92.8624,0.));
#1614 = LINE('',#1615,#1616);
#1615 = CARTESIAN_POINT('',(-23.241,92.8624,0.));
#1616 = VECTOR('',#1617,1.);
#1617 = DIRECTION('',(0.,0.,1.));
#1618 = ORIENTED_EDGE('',*,*,#1619,.F.);
#1619 = EDGE_CURVE('',#1580,#1612,#1620,.T.);
#1620 = LINE('',#1621,#1622);
#1621 = CARTESIAN_POINT('',(-23.264504,124.438495,0.));
#1622 = VECTOR('',#1623,1.);
#1623 = DIRECTION('',(7.443603614867E-04,-0.999999722964,0.));
#1624 = PLANE('',#1625);
#1625 = AXIS2_PLACEMENT_3D('',#1626,#1627,#1628);
#1626 = CARTESIAN_POINT('',(-23.264504,124.438495,0.));
#1627 = DIRECTION('',(0.999999722964,7.443603614867E-04,-0.));
#1628 = DIRECTION('',(7.443603614867E-04,-0.999999722964,0.));
#1629 = ADVANCED_FACE('',(#1630),#1657,.T.);
#1630 = FACE_BOUND('',#1631,.T.);
#1631 = EDGE_LOOP('',(#1632,#1633,#1642,#1650));
#1632 = ORIENTED_EDGE('',*,*,#1611,.T.);
#1633 = ORIENTED_EDGE('',*,*,#1634,.T.);
#1634 = EDGE_CURVE('',#1604,#1635,#1637,.T.);
#1635 = VERTEX_POINT('',#1636);
#1636 = CARTESIAN_POINT('',(-38.506398,92.8624,1.51));
#1637 = CIRCLE('',#1638,7.632699);
#1638 = AXIS2_PLACEMENT_3D('',#1639,#1640,#1641);
#1639 = CARTESIAN_POINT('',(-30.873699,92.862399,1.51));
#1640 = DIRECTION('',(0.,0.,-1.));
#1641 = DIRECTION('',(1.,1.310152464589E-07,0.));
#1642 = ORIENTED_EDGE('',*,*,#1643,.F.);
#1643 = EDGE_CURVE('',#1644,#1635,#1646,.T.);
#1644 = VERTEX_POINT('',#1645);
#1645 = CARTESIAN_POINT('',(-38.506398,92.8624,0.));
#1646 = LINE('',#1647,#1648);
#1647 = CARTESIAN_POINT('',(-38.506398,92.8624,0.));
#1648 = VECTOR('',#1649,1.);
#1649 = DIRECTION('',(0.,0.,1.));
#1650 = ORIENTED_EDGE('',*,*,#1651,.F.);
#1651 = EDGE_CURVE('',#1612,#1644,#1652,.T.);
#1652 = CIRCLE('',#1653,7.632699);
#1653 = AXIS2_PLACEMENT_3D('',#1654,#1655,#1656);
#1654 = CARTESIAN_POINT('',(-30.873699,92.862399,0.));
#1655 = DIRECTION('',(0.,0.,-1.));
#1656 = DIRECTION('',(1.,1.310152464589E-07,0.));
#1657 = CYLINDRICAL_SURFACE('',#1658,7.632699);
#1658 = AXIS2_PLACEMENT_3D('',#1659,#1660,#1661);
#1659 = CARTESIAN_POINT('',(-30.873699,92.862399,0.));
#1660 = DIRECTION('',(0.,0.,-1.));
#1661 = DIRECTION('',(1.,1.310152464589E-07,0.));
#1662 = ADVANCED_FACE('',(#1663),#1688,.T.);
#1663 = FACE_BOUND('',#1664,.T.);
#1664 = EDGE_LOOP('',(#1665,#1666,#1674,#1682));
#1665 = ORIENTED_EDGE('',*,*,#1643,.T.);
#1666 = ORIENTED_EDGE('',*,*,#1667,.T.);
#1667 = EDGE_CURVE('',#1635,#1668,#1670,.T.);
#1668 = VERTEX_POINT('',#1669);
#1669 = CARTESIAN_POINT('',(-38.483282,119.959133,1.51));
#1670 = LINE('',#1671,#1672);
#1671 = CARTESIAN_POINT('',(-38.506398,92.8624,1.51));
#1672 = VECTOR('',#1673,1.);
#1673 = DIRECTION('',(8.530914626676E-04,0.999999636117,0.));
#1674 = ORIENTED_EDGE('',*,*,#1675,.F.);
#1675 = EDGE_CURVE('',#1676,#1668,#1678,.T.);
#1676 = VERTEX_POINT('',#1677);
#1677 = CARTESIAN_POINT('',(-38.483282,119.959133,0.));
#1678 = LINE('',#1679,#1680);
#1679 = CARTESIAN_POINT('',(-38.483282,119.959133,0.));
#1680 = VECTOR('',#1681,1.);
#1681 = DIRECTION('',(0.,0.,1.));
#1682 = ORIENTED_EDGE('',*,*,#1683,.F.);
#1683 = EDGE_CURVE('',#1644,#1676,#1684,.T.);
#1684 = LINE('',#1685,#1686);
#1685 = CARTESIAN_POINT('',(-38.506398,92.8624,0.));
#1686 = VECTOR('',#1687,1.);
#1687 = DIRECTION('',(8.530914626676E-04,0.999999636117,0.));
#1688 = PLANE('',#1689);
#1689 = AXIS2_PLACEMENT_3D('',#1690,#1691,#1692);
#1690 = CARTESIAN_POINT('',(-38.506398,92.8624,0.));
#1691 = DIRECTION('',(-0.999999636117,8.530914626676E-04,0.));
#1692 = DIRECTION('',(8.530914626676E-04,0.999999636117,0.));
#1693 = ADVANCED_FACE('',(#1694),#1719,.T.);
#1694 = FACE_BOUND('',#1695,.T.);
#1695 = EDGE_LOOP('',(#1696,#1697,#1705,#1713));
#1696 = ORIENTED_EDGE('',*,*,#1675,.T.);
#1697 = ORIENTED_EDGE('',*,*,#1698,.T.);
#1698 = EDGE_CURVE('',#1668,#1699,#1701,.T.);
#1699 = VERTEX_POINT('',#1700);
#1700 = CARTESIAN_POINT('',(-38.476573,120.140575,1.51));
#1701 = LINE('',#1702,#1703);
#1702 = CARTESIAN_POINT('',(-38.483282,119.959133,1.51));
#1703 = VECTOR('',#1704,1.);
#1704 = DIRECTION('',(3.695075198637E-02,0.999317087779,0.));
#1705 = ORIENTED_EDGE('',*,*,#1706,.F.);
#1706 = EDGE_CURVE('',#1707,#1699,#1709,.T.);
#1707 = VERTEX_POINT('',#1708);
#1708 = CARTESIAN_POINT('',(-38.476573,120.140575,0.));
#1709 = LINE('',#1710,#1711);
#1710 = CARTESIAN_POINT('',(-38.476573,120.140575,0.));
#1711 = VECTOR('',#1712,1.);
#1712 = DIRECTION('',(0.,0.,1.));
#1713 = ORIENTED_EDGE('',*,*,#1714,.F.);
#1714 = EDGE_CURVE('',#1676,#1707,#1715,.T.);
#1715 = LINE('',#1716,#1717);
#1716 = CARTESIAN_POINT('',(-38.483282,119.959133,0.));
#1717 = VECTOR('',#1718,1.);
#1718 = DIRECTION('',(3.695075198637E-02,0.999317087779,0.));
#1719 = PLANE('',#1720);
#1720 = AXIS2_PLACEMENT_3D('',#1721,#1722,#1723);
#1721 = CARTESIAN_POINT('',(-38.483282,119.959133,0.));
#1722 = DIRECTION('',(-0.999317087779,3.695075198637E-02,0.));
#1723 = DIRECTION('',(3.695075198637E-02,0.999317087779,0.));
#1724 = ADVANCED_FACE('',(#1725),#1750,.T.);
#1725 = FACE_BOUND('',#1726,.T.);
#1726 = EDGE_LOOP('',(#1727,#1728,#1736,#1744));
#1727 = ORIENTED_EDGE('',*,*,#1706,.T.);
#1728 = ORIENTED_EDGE('',*,*,#1729,.T.);
#1729 = EDGE_CURVE('',#1699,#1730,#1732,.T.);
#1730 = VERTEX_POINT('',#1731);
#1731 = CARTESIAN_POINT('',(-38.475751,120.421657,1.51));
#1732 = LINE('',#1733,#1734);
#1733 = CARTESIAN_POINT('',(-38.476573,120.140575,1.51));
#1734 = VECTOR('',#1735,1.);
#1735 = DIRECTION('',(2.924401011342E-03,0.99999572393,0.));
#1736 = ORIENTED_EDGE('',*,*,#1737,.F.);
#1737 = EDGE_CURVE('',#1738,#1730,#1740,.T.);
#1738 = VERTEX_POINT('',#1739);
#1739 = CARTESIAN_POINT('',(-38.475751,120.421657,0.));
#1740 = LINE('',#1741,#1742);
#1741 = CARTESIAN_POINT('',(-38.475751,120.421657,0.));
#1742 = VECTOR('',#1743,1.);
#1743 = DIRECTION('',(0.,0.,1.));
#1744 = ORIENTED_EDGE('',*,*,#1745,.F.);
#1745 = EDGE_CURVE('',#1707,#1738,#1746,.T.);
#1746 = LINE('',#1747,#1748);
#1747 = CARTESIAN_POINT('',(-38.476573,120.140575,0.));
#1748 = VECTOR('',#1749,1.);
#1749 = DIRECTION('',(2.924401011342E-03,0.99999572393,0.));
#1750 = PLANE('',#1751);
#1751 = AXIS2_PLACEMENT_3D('',#1752,#1753,#1754);
#1752 = CARTESIAN_POINT('',(-38.476573,120.140575,0.));
#1753 = DIRECTION('',(-0.99999572393,2.924401011342E-03,0.));
#1754 = DIRECTION('',(2.924401011342E-03,0.99999572393,0.));
#1755 = ADVANCED_FACE('',(#1756),#1781,.T.);
#1756 = FACE_BOUND('',#1757,.T.);
#1757 = EDGE_LOOP('',(#1758,#1759,#1767,#1775));
#1758 = ORIENTED_EDGE('',*,*,#1737,.T.);
#1759 = ORIENTED_EDGE('',*,*,#1760,.T.);
#1760 = EDGE_CURVE('',#1730,#1761,#1763,.T.);
#1761 = VERTEX_POINT('',#1762);
#1762 = CARTESIAN_POINT('',(-38.485634,120.717262,1.51));
#1763 = LINE('',#1764,#1765);
#1764 = CARTESIAN_POINT('',(-38.475751,120.421657,1.51));
#1765 = VECTOR('',#1766,1.);
#1766 = DIRECTION('',(-3.341445897569E-02,0.99944158105,0.));
#1767 = ORIENTED_EDGE('',*,*,#1768,.F.);
#1768 = EDGE_CURVE('',#1769,#1761,#1771,.T.);
#1769 = VERTEX_POINT('',#1770);
#1770 = CARTESIAN_POINT('',(-38.485634,120.717262,0.));
#1771 = LINE('',#1772,#1773);
#1772 = CARTESIAN_POINT('',(-38.485634,120.717262,0.));
#1773 = VECTOR('',#1774,1.);
#1774 = DIRECTION('',(0.,0.,1.));
#1775 = ORIENTED_EDGE('',*,*,#1776,.F.);
#1776 = EDGE_CURVE('',#1738,#1769,#1777,.T.);
#1777 = LINE('',#1778,#1779);
#1778 = CARTESIAN_POINT('',(-38.475751,120.421657,0.));
#1779 = VECTOR('',#1780,1.);
#1780 = DIRECTION('',(-3.341445897569E-02,0.99944158105,0.));
#1781 = PLANE('',#1782);
#1782 = AXIS2_PLACEMENT_3D('',#1783,#1784,#1785);
#1783 = CARTESIAN_POINT('',(-38.475751,120.421657,0.));
#1784 = DIRECTION('',(-0.99944158105,-3.341445897569E-02,0.));
#1785 = DIRECTION('',(-3.341445897569E-02,0.99944158105,0.));
#1786 = ADVANCED_FACE('',(#1787),#1812,.T.);
#1787 = FACE_BOUND('',#1788,.T.);
#1788 = EDGE_LOOP('',(#1789,#1790,#1798,#1806));
#1789 = ORIENTED_EDGE('',*,*,#1768,.T.);
#1790 = ORIENTED_EDGE('',*,*,#1791,.T.);
#1791 = EDGE_CURVE('',#1761,#1792,#1794,.T.);
#1792 = VERTEX_POINT('',#1793);
#1793 = CARTESIAN_POINT('',(-38.506689,121.031609,1.51));
#1794 = LINE('',#1795,#1796);
#1795 = CARTESIAN_POINT('',(-38.485634,120.717262,1.51));
#1796 = VECTOR('',#1797,1.);
#1797 = DIRECTION('',(-6.683037667585E-02,0.997764351314,0.));
#1798 = ORIENTED_EDGE('',*,*,#1799,.F.);
#1799 = EDGE_CURVE('',#1800,#1792,#1802,.T.);
#1800 = VERTEX_POINT('',#1801);
#1801 = CARTESIAN_POINT('',(-38.506689,121.031609,0.));
#1802 = LINE('',#1803,#1804);
#1803 = CARTESIAN_POINT('',(-38.506689,121.031609,0.));
#1804 = VECTOR('',#1805,1.);
#1805 = DIRECTION('',(0.,0.,1.));
#1806 = ORIENTED_EDGE('',*,*,#1807,.F.);
#1807 = EDGE_CURVE('',#1769,#1800,#1808,.T.);
#1808 = LINE('',#1809,#1810);
#1809 = CARTESIAN_POINT('',(-38.485634,120.717262,0.));
#1810 = VECTOR('',#1811,1.);
#1811 = DIRECTION('',(-6.683037667585E-02,0.997764351314,0.));
#1812 = PLANE('',#1813);
#1813 = AXIS2_PLACEMENT_3D('',#1814,#1815,#1816);
#1814 = CARTESIAN_POINT('',(-38.485634,120.717262,0.));
#1815 = DIRECTION('',(-0.997764351314,-6.683037667585E-02,0.));
#1816 = DIRECTION('',(-6.683037667585E-02,0.997764351314,0.));
#1817 = ADVANCED_FACE('',(#1818),#1843,.T.);
#1818 = FACE_BOUND('',#1819,.T.);
#1819 = EDGE_LOOP('',(#1820,#1821,#1829,#1837));
#1820 = ORIENTED_EDGE('',*,*,#1799,.T.);
#1821 = ORIENTED_EDGE('',*,*,#1822,.T.);
#1822 = EDGE_CURVE('',#1792,#1823,#1825,.T.);
#1823 = VERTEX_POINT('',#1824);
#1824 = CARTESIAN_POINT('',(-38.538732,121.355885,1.51));
#1825 = LINE('',#1826,#1827);
#1826 = CARTESIAN_POINT('',(-38.506689,121.031609,1.51));
#1827 = VECTOR('',#1828,1.);
#1828 = DIRECTION('',(-9.833505784821E-02,0.995153363255,0.));
#1829 = ORIENTED_EDGE('',*,*,#1830,.F.);
#1830 = EDGE_CURVE('',#1831,#1823,#1833,.T.);
#1831 = VERTEX_POINT('',#1832);
#1832 = CARTESIAN_POINT('',(-38.538732,121.355885,0.));
#1833 = LINE('',#1834,#1835);
#1834 = CARTESIAN_POINT('',(-38.538732,121.355885,0.));
#1835 = VECTOR('',#1836,1.);
#1836 = DIRECTION('',(0.,0.,1.));
#1837 = ORIENTED_EDGE('',*,*,#1838,.F.);
#1838 = EDGE_CURVE('',#1800,#1831,#1839,.T.);
#1839 = LINE('',#1840,#1841);
#1840 = CARTESIAN_POINT('',(-38.506689,121.031609,0.));
#1841 = VECTOR('',#1842,1.);
#1842 = DIRECTION('',(-9.833505784821E-02,0.995153363255,0.));
#1843 = PLANE('',#1844);
#1844 = AXIS2_PLACEMENT_3D('',#1845,#1846,#1847);
#1845 = CARTESIAN_POINT('',(-38.506689,121.031609,0.));
#1846 = DIRECTION('',(-0.995153363255,-9.833505784821E-02,0.));
#1847 = DIRECTION('',(-9.833505784821E-02,0.995153363255,0.));
#1848 = ADVANCED_FACE('',(#1849),#1874,.T.);
#1849 = FACE_BOUND('',#1850,.T.);
#1850 = EDGE_LOOP('',(#1851,#1852,#1860,#1868));
#1851 = ORIENTED_EDGE('',*,*,#1830,.T.);
#1852 = ORIENTED_EDGE('',*,*,#1853,.T.);
#1853 = EDGE_CURVE('',#1823,#1854,#1856,.T.);
#1854 = VERTEX_POINT('',#1855);
#1855 = CARTESIAN_POINT('',(-38.634236,122.016891,1.51));
#1856 = LINE('',#1857,#1858);
#1857 = CARTESIAN_POINT('',(-38.538732,121.355885,1.51));
#1858 = VECTOR('',#1859,1.);
#1859 = DIRECTION('',(-0.142997951461,0.989722984414,0.));
#1860 = ORIENTED_EDGE('',*,*,#1861,.F.);
#1861 = EDGE_CURVE('',#1862,#1854,#1864,.T.);
#1862 = VERTEX_POINT('',#1863);
#1863 = CARTESIAN_POINT('',(-38.634236,122.016891,0.));
#1864 = LINE('',#1865,#1866);
#1865 = CARTESIAN_POINT('',(-38.634236,122.016891,0.));
#1866 = VECTOR('',#1867,1.);
#1867 = DIRECTION('',(0.,0.,1.));
#1868 = ORIENTED_EDGE('',*,*,#1869,.F.);
#1869 = EDGE_CURVE('',#1831,#1862,#1870,.T.);
#1870 = LINE('',#1871,#1872);
#1871 = CARTESIAN_POINT('',(-38.538732,121.355885,0.));
#1872 = VECTOR('',#1873,1.);
#1873 = DIRECTION('',(-0.142997951461,0.989722984414,0.));
#1874 = PLANE('',#1875);
#1875 = AXIS2_PLACEMENT_3D('',#1876,#1877,#1878);
#1876 = CARTESIAN_POINT('',(-38.538732,121.355885,0.));
#1877 = DIRECTION('',(-0.989722984414,-0.142997951461,0.));
#1878 = DIRECTION('',(-0.142997951461,0.989722984414,0.));
#1879 = ADVANCED_FACE('',(#1880),#1905,.T.);
#1880 = FACE_BOUND('',#1881,.T.);
#1881 = EDGE_LOOP('',(#1882,#1883,#1891,#1899));
#1882 = ORIENTED_EDGE('',*,*,#1861,.T.);
#1883 = ORIENTED_EDGE('',*,*,#1884,.T.);
#1884 = EDGE_CURVE('',#1854,#1885,#1887,.T.);
#1885 = VERTEX_POINT('',#1886);
#1886 = CARTESIAN_POINT('',(-38.766318,122.662991,1.51));
#1887 = LINE('',#1888,#1889);
#1888 = CARTESIAN_POINT('',(-38.634236,122.016891,1.51));
#1889 = VECTOR('',#1890,1.);
#1890 = DIRECTION('',(-0.200287337774,0.979737200645,0.));
#1891 = ORIENTED_EDGE('',*,*,#1892,.F.);
#1892 = EDGE_CURVE('',#1893,#1885,#1895,.T.);
#1893 = VERTEX_POINT('',#1894);
#1894 = CARTESIAN_POINT('',(-38.766318,122.662991,0.));
#1895 = LINE('',#1896,#1897);
#1896 = CARTESIAN_POINT('',(-38.766318,122.662991,0.));
#1897 = VECTOR('',#1898,1.);
#1898 = DIRECTION('',(0.,0.,1.));
#1899 = ORIENTED_EDGE('',*,*,#1900,.F.);
#1900 = EDGE_CURVE('',#1862,#1893,#1901,.T.);
#1901 = LINE('',#1902,#1903);
#1902 = CARTESIAN_POINT('',(-38.634236,122.016891,0.));
#1903 = VECTOR('',#1904,1.);
#1904 = DIRECTION('',(-0.200287337774,0.979737200645,0.));
#1905 = PLANE('',#1906);
#1906 = AXIS2_PLACEMENT_3D('',#1907,#1908,#1909);
#1907 = CARTESIAN_POINT('',(-38.634236,122.016891,0.));
#1908 = DIRECTION('',(-0.979737200645,-0.200287337774,0.));
#1909 = DIRECTION('',(-0.200287337774,0.979737200645,0.));
#1910 = ADVANCED_FACE('',(#1911),#1936,.T.);
#1911 = FACE_BOUND('',#1912,.T.);
#1912 = EDGE_LOOP('',(#1913,#1914,#1922,#1930));
#1913 = ORIENTED_EDGE('',*,*,#1892,.T.);
#1914 = ORIENTED_EDGE('',*,*,#1915,.T.);
#1915 = EDGE_CURVE('',#1885,#1916,#1918,.T.);
#1916 = VERTEX_POINT('',#1917);
#1917 = CARTESIAN_POINT('',(-38.927175,123.26593,1.51));
#1918 = LINE('',#1919,#1920);
#1919 = CARTESIAN_POINT('',(-38.766318,122.662991,1.51));
#1920 = VECTOR('',#1921,1.);
#1921 = DIRECTION('',(-0.257772263433,0.966205702842,0.));
#1922 = ORIENTED_EDGE('',*,*,#1923,.F.);
#1923 = EDGE_CURVE('',#1924,#1916,#1926,.T.);
#1924 = VERTEX_POINT('',#1925);
#1925 = CARTESIAN_POINT('',(-38.927175,123.26593,0.));
#1926 = LINE('',#1927,#1928);
#1927 = CARTESIAN_POINT('',(-38.927175,123.26593,0.));
#1928 = VECTOR('',#1929,1.);
#1929 = DIRECTION('',(0.,0.,1.));
#1930 = ORIENTED_EDGE('',*,*,#1931,.F.);
#1931 = EDGE_CURVE('',#1893,#1924,#1932,.T.);
#1932 = LINE('',#1933,#1934);
#1933 = CARTESIAN_POINT('',(-38.766318,122.662991,0.));
#1934 = VECTOR('',#1935,1.);
#1935 = DIRECTION('',(-0.257772263433,0.966205702842,0.));
#1936 = PLANE('',#1937);
#1937 = AXIS2_PLACEMENT_3D('',#1938,#1939,#1940);
#1938 = CARTESIAN_POINT('',(-38.766318,122.662991,0.));
#1939 = DIRECTION('',(-0.966205702842,-0.257772263433,0.));
#1940 = DIRECTION('',(-0.257772263433,0.966205702842,0.));
#1941 = ADVANCED_FACE('',(#1942),#1967,.T.);
#1942 = FACE_BOUND('',#1943,.T.);
#1943 = EDGE_LOOP('',(#1944,#1945,#1953,#1961));
#1944 = ORIENTED_EDGE('',*,*,#1923,.T.);
#1945 = ORIENTED_EDGE('',*,*,#1946,.T.);
#1946 = EDGE_CURVE('',#1916,#1947,#1949,.T.);
#1947 = VERTEX_POINT('',#1948);
#1948 = CARTESIAN_POINT('',(-39.108904,123.808164,1.51));
#1949 = LINE('',#1950,#1951);
#1950 = CARTESIAN_POINT('',(-38.927175,123.26593,1.51));
#1951 = VECTOR('',#1952,1.);
#1952 = DIRECTION('',(-0.317776454147,0.948165663368,0.));
#1953 = ORIENTED_EDGE('',*,*,#1954,.F.);
#1954 = EDGE_CURVE('',#1955,#1947,#1957,.T.);
#1955 = VERTEX_POINT('',#1956);
#1956 = CARTESIAN_POINT('',(-39.108904,123.808164,0.));
#1957 = LINE('',#1958,#1959);
#1958 = CARTESIAN_POINT('',(-39.108904,123.808164,0.));
#1959 = VECTOR('',#1960,1.);
#1960 = DIRECTION('',(0.,0.,1.));
#1961 = ORIENTED_EDGE('',*,*,#1962,.F.);
#1962 = EDGE_CURVE('',#1924,#1955,#1963,.T.);
#1963 = LINE('',#1964,#1965);
#1964 = CARTESIAN_POINT('',(-38.927175,123.26593,0.));
#1965 = VECTOR('',#1966,1.);
#1966 = DIRECTION('',(-0.317776454147,0.948165663368,0.));
#1967 = PLANE('',#1968);
#1968 = AXIS2_PLACEMENT_3D('',#1969,#1970,#1971);
#1969 = CARTESIAN_POINT('',(-38.927175,123.26593,0.));
#1970 = DIRECTION('',(-0.948165663368,-0.317776454147,0.));
#1971 = DIRECTION('',(-0.317776454147,0.948165663368,0.));
#1972 = ADVANCED_FACE('',(#1973),#1998,.T.);
#1973 = FACE_BOUND('',#1974,.T.);
#1974 = EDGE_LOOP('',(#1975,#1976,#1984,#1992));
#1975 = ORIENTED_EDGE('',*,*,#1954,.T.);
#1976 = ORIENTED_EDGE('',*,*,#1977,.T.);
#1977 = EDGE_CURVE('',#1947,#1978,#1980,.T.);
#1978 = VERTEX_POINT('',#1979);
#1979 = CARTESIAN_POINT('',(-39.304555,124.281337,1.51));
#1980 = LINE('',#1981,#1982);
#1981 = CARTESIAN_POINT('',(-39.108904,123.808164,1.51));
#1982 = VECTOR('',#1983,1.);
#1983 = DIRECTION('',(-0.382110451759,0.924116660739,0.));
#1984 = ORIENTED_EDGE('',*,*,#1985,.F.);
#1985 = EDGE_CURVE('',#1986,#1978,#1988,.T.);
#1986 = VERTEX_POINT('',#1987);
#1987 = CARTESIAN_POINT('',(-39.304555,124.281337,0.));
#1988 = LINE('',#1989,#1990);
#1989 = CARTESIAN_POINT('',(-39.304555,124.281337,0.));
#1990 = VECTOR('',#1991,1.);
#1991 = DIRECTION('',(0.,0.,1.));
#1992 = ORIENTED_EDGE('',*,*,#1993,.F.);
#1993 = EDGE_CURVE('',#1955,#1986,#1994,.T.);
#1994 = LINE('',#1995,#1996);
#1995 = CARTESIAN_POINT('',(-39.108904,123.808164,0.));
#1996 = VECTOR('',#1997,1.);
#1997 = DIRECTION('',(-0.382110451759,0.924116660739,0.));
#1998 = PLANE('',#1999);
#1999 = AXIS2_PLACEMENT_3D('',#2000,#2001,#2002);
#2000 = CARTESIAN_POINT('',(-39.108904,123.808164,0.));
#2001 = DIRECTION('',(-0.924116660739,-0.382110451759,0.));
#2002 = DIRECTION('',(-0.382110451759,0.924116660739,0.));
#2003 = ADVANCED_FACE('',(#2004),#2029,.T.);
#2004 = FACE_BOUND('',#2005,.T.);
#2005 = EDGE_LOOP('',(#2006,#2007,#2015,#2023));
#2006 = ORIENTED_EDGE('',*,*,#1985,.T.);
#2007 = ORIENTED_EDGE('',*,*,#2008,.T.);
#2008 = EDGE_CURVE('',#1978,#2009,#2011,.T.);
#2009 = VERTEX_POINT('',#2010);
#2010 = CARTESIAN_POINT('',(-39.508536,124.683739,1.51));
#2011 = LINE('',#2012,#2013);
#2012 = CARTESIAN_POINT('',(-39.304555,124.281337,1.51));
#2013 = VECTOR('',#2014,1.);
#2014 = DIRECTION('',(-0.45213643586,0.891948789656,0.));
#2015 = ORIENTED_EDGE('',*,*,#2016,.F.);
#2016 = EDGE_CURVE('',#2017,#2009,#2019,.T.);
#2017 = VERTEX_POINT('',#2018);
#2018 = CARTESIAN_POINT('',(-39.508536,124.683739,0.));
#2019 = LINE('',#2020,#2021);
#2020 = CARTESIAN_POINT('',(-39.508536,124.683739,0.));
#2021 = VECTOR('',#2022,1.);
#2022 = DIRECTION('',(0.,0.,1.));
#2023 = ORIENTED_EDGE('',*,*,#2024,.F.);
#2024 = EDGE_CURVE('',#1986,#2017,#2025,.T.);
#2025 = LINE('',#2026,#2027);
#2026 = CARTESIAN_POINT('',(-39.304555,124.281337,0.));
#2027 = VECTOR('',#2028,1.);
#2028 = DIRECTION('',(-0.45213643586,0.891948789656,0.));
#2029 = PLANE('',#2030);
#2030 = AXIS2_PLACEMENT_3D('',#2031,#2032,#2033);
#2031 = CARTESIAN_POINT('',(-39.304555,124.281337,0.));
#2032 = DIRECTION('',(-0.891948789656,-0.45213643586,0.));
#2033 = DIRECTION('',(-0.45213643586,0.891948789656,0.));
#2034 = ADVANCED_FACE('',(#2035),#2060,.T.);
#2035 = FACE_BOUND('',#2036,.T.);
#2036 = EDGE_LOOP('',(#2037,#2038,#2046,#2054));
#2037 = ORIENTED_EDGE('',*,*,#2016,.T.);
#2038 = ORIENTED_EDGE('',*,*,#2039,.T.);
#2039 = EDGE_CURVE('',#2009,#2040,#2042,.T.);
#2040 = VERTEX_POINT('',#2041);
#2041 = CARTESIAN_POINT('',(-39.716667,125.017923,1.51));
#2042 = LINE('',#2043,#2044);
#2043 = CARTESIAN_POINT('',(-39.508536,124.683739,1.51));
#2044 = VECTOR('',#2045,1.);
#2045 = DIRECTION('',(-0.528657601929,0.848835166521,0.));
#2046 = ORIENTED_EDGE('',*,*,#2047,.F.);
#2047 = EDGE_CURVE('',#2048,#2040,#2050,.T.);
#2048 = VERTEX_POINT('',#2049);
#2049 = CARTESIAN_POINT('',(-39.716667,125.017923,0.));
#2050 = LINE('',#2051,#2052);
#2051 = CARTESIAN_POINT('',(-39.716667,125.017923,0.));
#2052 = VECTOR('',#2053,1.);
#2053 = DIRECTION('',(0.,0.,1.));
#2054 = ORIENTED_EDGE('',*,*,#2055,.F.);
#2055 = EDGE_CURVE('',#2017,#2048,#2056,.T.);
#2056 = LINE('',#2057,#2058);
#2057 = CARTESIAN_POINT('',(-39.508536,124.683739,0.));
#2058 = VECTOR('',#2059,1.);
#2059 = DIRECTION('',(-0.528657601929,0.848835166521,0.));
#2060 = PLANE('',#2061);
#2061 = AXIS2_PLACEMENT_3D('',#2062,#2063,#2064);
#2062 = CARTESIAN_POINT('',(-39.508536,124.683739,0.));
#2063 = DIRECTION('',(-0.848835166521,-0.528657601929,0.));
#2064 = DIRECTION('',(-0.528657601929,0.848835166521,0.));
#2065 = ADVANCED_FACE('',(#2066),#2091,.T.);
#2066 = FACE_BOUND('',#2067,.T.);
#2067 = EDGE_LOOP('',(#2068,#2069,#2077,#2085));
#2068 = ORIENTED_EDGE('',*,*,#2047,.T.);
#2069 = ORIENTED_EDGE('',*,*,#2070,.T.);
#2070 = EDGE_CURVE('',#2040,#2071,#2073,.T.);
#2071 = VERTEX_POINT('',#2072);
#2072 = CARTESIAN_POINT('',(-39.926098,125.288857,1.51));
#2073 = LINE('',#2074,#2075);
#2074 = CARTESIAN_POINT('',(-39.716667,125.017923,1.51));
#2075 = VECTOR('',#2076,1.);
#2076 = DIRECTION('',(-0.611580801692,0.791181978436,0.));
#2077 = ORIENTED_EDGE('',*,*,#2078,.F.);
#2078 = EDGE_CURVE('',#2079,#2071,#2081,.T.);
#2079 = VERTEX_POINT('',#2080);
#2080 = CARTESIAN_POINT('',(-39.926098,125.288857,0.));
#2081 = LINE('',#2082,#2083);
#2082 = CARTESIAN_POINT('',(-39.926098,125.288857,0.));
#2083 = VECTOR('',#2084,1.);
#2084 = DIRECTION('',(0.,0.,1.));
#2085 = ORIENTED_EDGE('',*,*,#2086,.F.);
#2086 = EDGE_CURVE('',#2048,#2079,#2087,.T.);
#2087 = LINE('',#2088,#2089);
#2088 = CARTESIAN_POINT('',(-39.716667,125.017923,0.));
#2089 = VECTOR('',#2090,1.);
#2090 = DIRECTION('',(-0.611580801692,0.791181978436,0.));
#2091 = PLANE('',#2092);
#2092 = AXIS2_PLACEMENT_3D('',#2093,#2094,#2095);
#2093 = CARTESIAN_POINT('',(-39.716667,125.017923,0.));
#2094 = DIRECTION('',(-0.791181978436,-0.611580801692,0.));
#2095 = DIRECTION('',(-0.611580801692,0.791181978436,0.));
#2096 = ADVANCED_FACE('',(#2097),#2122,.T.);
#2097 = FACE_BOUND('',#2098,.T.);
#2098 = EDGE_LOOP('',(#2099,#2100,#2108,#2116));
#2099 = ORIENTED_EDGE('',*,*,#2078,.T.);
#2100 = ORIENTED_EDGE('',*,*,#2101,.T.);
#2101 = EDGE_CURVE('',#2071,#2102,#2104,.T.);
#2102 = VERTEX_POINT('',#2103);
#2103 = CARTESIAN_POINT('',(-40.13521,125.502572,1.51));
#2104 = LINE('',#2105,#2106);
#2105 = CARTESIAN_POINT('',(-39.926098,125.288857,1.51));
#2106 = VECTOR('',#2107,1.);
#2107 = DIRECTION('',(-0.699367600762,0.71476216954,0.));
#2108 = ORIENTED_EDGE('',*,*,#2109,.F.);
#2109 = EDGE_CURVE('',#2110,#2102,#2112,.T.);
#2110 = VERTEX_POINT('',#2111);
#2111 = CARTESIAN_POINT('',(-40.13521,125.502572,0.));
#2112 = LINE('',#2113,#2114);
#2113 = CARTESIAN_POINT('',(-40.13521,125.502572,0.));
#2114 = VECTOR('',#2115,1.);
#2115 = DIRECTION('',(0.,0.,1.));
#2116 = ORIENTED_EDGE('',*,*,#2117,.F.);
#2117 = EDGE_CURVE('',#2079,#2110,#2118,.T.);
#2118 = LINE('',#2119,#2120);
#2119 = CARTESIAN_POINT('',(-39.926098,125.288857,0.));
#2120 = VECTOR('',#2121,1.);
#2121 = DIRECTION('',(-0.699367600762,0.71476216954,0.));
#2122 = PLANE('',#2123);
#2123 = AXIS2_PLACEMENT_3D('',#2124,#2125,#2126);
#2124 = CARTESIAN_POINT('',(-39.926098,125.288857,0.));
#2125 = DIRECTION('',(-0.71476216954,-0.699367600762,0.));
#2126 = DIRECTION('',(-0.699367600762,0.71476216954,0.));
#2127 = ADVANCED_FACE('',(#2128),#2153,.T.);
#2128 = FACE_BOUND('',#2129,.T.);
#2129 = EDGE_LOOP('',(#2130,#2131,#2139,#2147));
#2130 = ORIENTED_EDGE('',*,*,#2109,.T.);
#2131 = ORIENTED_EDGE('',*,*,#2132,.T.);
#2132 = EDGE_CURVE('',#2102,#2133,#2135,.T.);
#2133 = VERTEX_POINT('',#2134);
#2134 = CARTESIAN_POINT('',(-40.343534,125.665174,1.51));
#2135 = LINE('',#2136,#2137);
#2136 = CARTESIAN_POINT('',(-40.13521,125.502572,1.51));
#2137 = VECTOR('',#2138,1.);
#2138 = DIRECTION('',(-0.788301727157,0.615288864649,0.));
#2139 = ORIENTED_EDGE('',*,*,#2140,.F.);
#2140 = EDGE_CURVE('',#2141,#2133,#2143,.T.);
#2141 = VERTEX_POINT('',#2142);
#2142 = CARTESIAN_POINT('',(-40.343534,125.665174,0.));
#2143 = LINE('',#2144,#2145);
#2144 = CARTESIAN_POINT('',(-40.343534,125.665174,0.));
#2145 = VECTOR('',#2146,1.);
#2146 = DIRECTION('',(0.,0.,1.));
#2147 = ORIENTED_EDGE('',*,*,#2148,.F.);
#2148 = EDGE_CURVE('',#2110,#2141,#2149,.T.);
#2149 = LINE('',#2150,#2151);
#2150 = CARTESIAN_POINT('',(-40.13521,125.502572,0.));
#2151 = VECTOR('',#2152,1.);
#2152 = DIRECTION('',(-0.788301727157,0.615288864649,0.));
#2153 = PLANE('',#2154);
#2154 = AXIS2_PLACEMENT_3D('',#2155,#2156,#2157);
#2155 = CARTESIAN_POINT('',(-40.13521,125.502572,0.));
#2156 = DIRECTION('',(-0.615288864649,-0.788301727157,0.));
#2157 = DIRECTION('',(-0.788301727157,0.615288864649,0.));
#2158 = ADVANCED_FACE('',(#2159),#2184,.T.);
#2159 = FACE_BOUND('',#2160,.T.);
#2160 = EDGE_LOOP('',(#2161,#2162,#2170,#2178));
#2161 = ORIENTED_EDGE('',*,*,#2140,.T.);
#2162 = ORIENTED_EDGE('',*,*,#2163,.T.);
#2163 = EDGE_CURVE('',#2133,#2164,#2166,.T.);
#2164 = VERTEX_POINT('',#2165);
#2165 = CARTESIAN_POINT('',(-40.551679,125.782086,1.51));
#2166 = LINE('',#2167,#2168);
#2167 = CARTESIAN_POINT('',(-40.343534,125.665174,1.51));
#2168 = VECTOR('',#2169,1.);
#2169 = DIRECTION('',(-0.871878865841,0.489721597748,0.));
#2170 = ORIENTED_EDGE('',*,*,#2171,.F.);
#2171 = EDGE_CURVE('',#2172,#2164,#2174,.T.);
#2172 = VERTEX_POINT('',#2173);
#2173 = CARTESIAN_POINT('',(-40.551679,125.782086,0.));
#2174 = LINE('',#2175,#2176);
#2175 = CARTESIAN_POINT('',(-40.551679,125.782086,0.));
#2176 = VECTOR('',#2177,1.);
#2177 = DIRECTION('',(0.,0.,1.));
#2178 = ORIENTED_EDGE('',*,*,#2179,.F.);
#2179 = EDGE_CURVE('',#2141,#2172,#2180,.T.);
#2180 = LINE('',#2181,#2182);
#2181 = CARTESIAN_POINT('',(-40.343534,125.665174,0.));
#2182 = VECTOR('',#2183,1.);
#2183 = DIRECTION('',(-0.871878865841,0.489721597748,0.));
#2184 = PLANE('',#2185);
#2185 = AXIS2_PLACEMENT_3D('',#2186,#2187,#2188);
#2186 = CARTESIAN_POINT('',(-40.343534,125.665174,0.));
#2187 = DIRECTION('',(-0.489721597748,-0.871878865841,0.));
#2188 = DIRECTION('',(-0.871878865841,0.489721597748,0.));
#2189 = ADVANCED_FACE('',(#2190),#2215,.T.);
#2190 = FACE_BOUND('',#2191,.T.);
#2191 = EDGE_LOOP('',(#2192,#2193,#2201,#2209));
#2192 = ORIENTED_EDGE('',*,*,#2171,.T.);
#2193 = ORIENTED_EDGE('',*,*,#2194,.T.);
#2194 = EDGE_CURVE('',#2164,#2195,#2197,.T.);
#2195 = VERTEX_POINT('',#2196);
#2196 = CARTESIAN_POINT('',(-40.761234,125.857415,1.51));
#2197 = LINE('',#2198,#2199);
#2198 = CARTESIAN_POINT('',(-40.551679,125.782086,1.51));
#2199 = VECTOR('',#2200,1.);
#2200 = DIRECTION('',(-0.941045882166,0.338278949477,0.));
#2201 = ORIENTED_EDGE('',*,*,#2202,.F.);
#2202 = EDGE_CURVE('',#2203,#2195,#2205,.T.);
#2203 = VERTEX_POINT('',#2204);
#2204 = CARTESIAN_POINT('',(-40.761234,125.857415,0.));
#2205 = LINE('',#2206,#2207);
#2206 = CARTESIAN_POINT('',(-40.761234,125.857415,0.));
#2207 = VECTOR('',#2208,1.);
#2208 = DIRECTION('',(0.,0.,1.));
#2209 = ORIENTED_EDGE('',*,*,#2210,.F.);
#2210 = EDGE_CURVE('',#2172,#2203,#2211,.T.);
#2211 = LINE('',#2212,#2213);
#2212 = CARTESIAN_POINT('',(-40.551679,125.782086,0.));
#2213 = VECTOR('',#2214,1.);
#2214 = DIRECTION('',(-0.941045882166,0.338278949477,0.));
#2215 = PLANE('',#2216);
#2216 = AXIS2_PLACEMENT_3D('',#2217,#2218,#2219);
#2217 = CARTESIAN_POINT('',(-40.551679,125.782086,0.));
#2218 = DIRECTION('',(-0.338278949477,-0.941045882166,0.));
#2219 = DIRECTION('',(-0.941045882166,0.338278949477,0.));
#2220 = ADVANCED_FACE('',(#2221),#2246,.T.);
#2221 = FACE_BOUND('',#2222,.T.);
#2222 = EDGE_LOOP('',(#2223,#2224,#2232,#2240));
#2223 = ORIENTED_EDGE('',*,*,#2202,.T.);
#2224 = ORIENTED_EDGE('',*,*,#2225,.T.);
#2225 = EDGE_CURVE('',#2195,#2226,#2228,.T.);
#2226 = VERTEX_POINT('',#2227);
#2227 = CARTESIAN_POINT('',(-58.715619,128.402392,1.51));
#2228 = LINE('',#2229,#2230);
#2229 = CARTESIAN_POINT('',(-40.761234,125.857415,1.51));
#2230 = VECTOR('',#2231,1.);
#2231 = DIRECTION('',(-0.990102813998,0.140343926526,0.));
#2232 = ORIENTED_EDGE('',*,*,#2233,.F.);
#2233 = EDGE_CURVE('',#2234,#2226,#2236,.T.);
#2234 = VERTEX_POINT('',#2235);
#2235 = CARTESIAN_POINT('',(-58.715619,128.402392,0.));
#2236 = LINE('',#2237,#2238);
#2237 = CARTESIAN_POINT('',(-58.715619,128.402392,0.));
#2238 = VECTOR('',#2239,1.);
#2239 = DIRECTION('',(0.,0.,1.));
#2240 = ORIENTED_EDGE('',*,*,#2241,.F.);
#2241 = EDGE_CURVE('',#2203,#2234,#2242,.T.);
#2242 = LINE('',#2243,#2244);
#2243 = CARTESIAN_POINT('',(-40.761234,125.857415,0.));
#2244 = VECTOR('',#2245,1.);
#2245 = DIRECTION('',(-0.990102813998,0.140343926526,0.));
#2246 = PLANE('',#2247);
#2247 = AXIS2_PLACEMENT_3D('',#2248,#2249,#2250);
#2248 = CARTESIAN_POINT('',(-40.761234,125.857415,0.));
#2249 = DIRECTION('',(-0.140343926526,-0.990102813998,0.));
#2250 = DIRECTION('',(-0.990102813998,0.140343926526,0.));
#2251 = ADVANCED_FACE('',(#2252),#2279,.T.);
#2252 = FACE_BOUND('',#2253,.T.);
#2253 = EDGE_LOOP('',(#2254,#2255,#2264,#2272));
#2254 = ORIENTED_EDGE('',*,*,#2233,.T.);
#2255 = ORIENTED_EDGE('',*,*,#2256,.T.);
#2256 = EDGE_CURVE('',#2226,#2257,#2259,.T.);
#2257 = VERTEX_POINT('',#2258);
#2258 = CARTESIAN_POINT('',(-36.687852,151.968358,1.51));
#2259 = CIRCLE('',#2260,28.120065115331);
#2260 = AXIS2_PLACEMENT_3D('',#2261,#2262,#2263);
#2261 = CARTESIAN_POINT('',(-30.87386577452,124.45589489215,1.51));
#2262 = DIRECTION('',(0.,0.,-1.));
#2263 = DIRECTION('',(-0.990102729538,0.140344522378,0.));
#2264 = ORIENTED_EDGE('',*,*,#2265,.F.);
#2265 = EDGE_CURVE('',#2266,#2257,#2268,.T.);
#2266 = VERTEX_POINT('',#2267);
#2267 = CARTESIAN_POINT('',(-36.687852,151.968358,0.));
#2268 = LINE('',#2269,#2270);
#2269 = CARTESIAN_POINT('',(-36.687852,151.968358,0.));
#2270 = VECTOR('',#2271,1.);
#2271 = DIRECTION('',(0.,0.,1.));
#2272 = ORIENTED_EDGE('',*,*,#2273,.F.);
#2273 = EDGE_CURVE('',#2234,#2266,#2274,.T.);
#2274 = CIRCLE('',#2275,28.120065115331);
#2275 = AXIS2_PLACEMENT_3D('',#2276,#2277,#2278);
#2276 = CARTESIAN_POINT('',(-30.87386577452,124.45589489215,0.));
#2277 = DIRECTION('',(0.,0.,-1.));
#2278 = DIRECTION('',(-0.990102729538,0.140344522378,0.));
#2279 = CYLINDRICAL_SURFACE('',#2280,28.120065115331);
#2280 = AXIS2_PLACEMENT_3D('',#2281,#2282,#2283);
#2281 = CARTESIAN_POINT('',(-30.87386577452,124.45589489215,0.));
#2282 = DIRECTION('',(0.,0.,-1.));
#2283 = DIRECTION('',(-0.990102729538,0.140344522378,0.));
#2284 = ADVANCED_FACE('',(#2285),#2301,.T.);
#2285 = FACE_BOUND('',#2286,.T.);
#2286 = EDGE_LOOP('',(#2287,#2288,#2294,#2295));
#2287 = ORIENTED_EDGE('',*,*,#2265,.T.);
#2288 = ORIENTED_EDGE('',*,*,#2289,.T.);
#2289 = EDGE_CURVE('',#2257,#726,#2290,.T.);
#2290 = LINE('',#2291,#2292);
#2291 = CARTESIAN_POINT('',(-36.687852,151.968358,1.51));
#2292 = VECTOR('',#2293,1.);
#2293 = DIRECTION('',(0.206547620528,-0.978436549018,0.));
#2294 = ORIENTED_EDGE('',*,*,#723,.F.);
#2295 = ORIENTED_EDGE('',*,*,#2296,.F.);
#2296 = EDGE_CURVE('',#2266,#724,#2297,.T.);
#2297 = LINE('',#2298,#2299);
#2298 = CARTESIAN_POINT('',(-36.687852,151.968358,0.));
#2299 = VECTOR('',#2300,1.);
#2300 = DIRECTION('',(0.206547620528,-0.978436549018,0.));
#2301 = PLANE('',#2302);
#2302 = AXIS2_PLACEMENT_3D('',#2303,#2304,#2305);
#2303 = CARTESIAN_POINT('',(-36.687852,151.968358,0.));
#2304 = DIRECTION('',(0.978436549018,0.206547620528,-0.));
#2305 = DIRECTION('',(0.206547620528,-0.978436549018,0.));
#2306 = ADVANCED_FACE('',(#2307),#2334,.F.);
#2307 = FACE_BOUND('',#2308,.T.);
#2308 = EDGE_LOOP('',(#2309,#2319,#2326,#2327));
#2309 = ORIENTED_EDGE('',*,*,#2310,.T.);
#2310 = EDGE_CURVE('',#2311,#2313,#2315,.T.);
#2311 = VERTEX_POINT('',#2312);
#2312 = CARTESIAN_POINT('',(-29.818548,90.33684,0.));
#2313 = VERTEX_POINT('',#2314);
#2314 = CARTESIAN_POINT('',(-29.818548,90.33684,1.51));
#2315 = LINE('',#2316,#2317);
#2316 = CARTESIAN_POINT('',(-29.818548,90.33684,0.));
#2317 = VECTOR('',#2318,1.);
#2318 = DIRECTION('',(0.,0.,1.));
#2319 = ORIENTED_EDGE('',*,*,#2320,.T.);
#2320 = EDGE_CURVE('',#2313,#2313,#2321,.T.);
#2321 = CIRCLE('',#2322,1.05);
#2322 = AXIS2_PLACEMENT_3D('',#2323,#2324,#2325);
#2323 = CARTESIAN_POINT('',(-30.868548,90.33684,1.51));
#2324 = DIRECTION('',(0.,0.,1.));
#2325 = DIRECTION('',(1.,0.,-0.));
#2326 = ORIENTED_EDGE('',*,*,#2310,.F.);
#2327 = ORIENTED_EDGE('',*,*,#2328,.F.);
#2328 = EDGE_CURVE('',#2311,#2311,#2329,.T.);
#2329 = CIRCLE('',#2330,1.05);
#2330 = AXIS2_PLACEMENT_3D('',#2331,#2332,#2333);
#2331 = CARTESIAN_POINT('',(-30.868548,90.33684,0.));
#2332 = DIRECTION('',(0.,0.,1.));
#2333 = DIRECTION('',(1.,0.,-0.));
#2334 = CYLINDRICAL_SURFACE('',#2335,1.05);
#2335 = AXIS2_PLACEMENT_3D('',#2336,#2337,#2338);
#2336 = CARTESIAN_POINT('',(-30.868548,90.33684,0.));
#2337 = DIRECTION('',(-0.,-0.,-1.));
#2338 = DIRECTION('',(1.,0.,-0.));
#2339 = ADVANCED_FACE('',(#2340),#2367,.F.);
#2340 = FACE_BOUND('',#2341,.T.);
#2341 = EDGE_LOOP('',(#2342,#2352,#2359,#2360));
#2342 = ORIENTED_EDGE('',*,*,#2343,.T.);
#2343 = EDGE_CURVE('',#2344,#2346,#2348,.T.);
#2344 = VERTEX_POINT('',#2345);
#2345 = CARTESIAN_POINT('',(-29.337,97.820303,0.));
#2346 = VERTEX_POINT('',#2347);
#2347 = CARTESIAN_POINT('',(-29.337,97.820303,1.51));
#2348 = LINE('',#2349,#2350);
#2349 = CARTESIAN_POINT('',(-29.337,97.820303,0.));
#2350 = VECTOR('',#2351,1.);
#2351 = DIRECTION('',(0.,0.,1.));
#2352 = ORIENTED_EDGE('',*,*,#2353,.T.);
#2353 = EDGE_CURVE('',#2346,#2346,#2354,.T.);
#2354 = CIRCLE('',#2355,1.524);
#2355 = AXIS2_PLACEMENT_3D('',#2356,#2357,#2358);
#2356 = CARTESIAN_POINT('',(-30.861,97.820303,1.51));
#2357 = DIRECTION('',(0.,0.,1.));
#2358 = DIRECTION('',(1.,0.,-0.));
#2359 = ORIENTED_EDGE('',*,*,#2343,.F.);
#2360 = ORIENTED_EDGE('',*,*,#2361,.F.);
#2361 = EDGE_CURVE('',#2344,#2344,#2362,.T.);
#2362 = CIRCLE('',#2363,1.524);
#2363 = AXIS2_PLACEMENT_3D('',#2364,#2365,#2366);
#2364 = CARTESIAN_POINT('',(-30.861,97.820303,0.));
#2365 = DIRECTION('',(0.,0.,1.));
#2366 = DIRECTION('',(1.,0.,-0.));
#2367 = CYLINDRICAL_SURFACE('',#2368,1.524);
#2368 = AXIS2_PLACEMENT_3D('',#2369,#2370,#2371);
#2369 = CARTESIAN_POINT('',(-30.861,97.820303,0.));
#2370 = DIRECTION('',(-0.,-0.,-1.));
#2371 = DIRECTION('',(1.,0.,-0.));
#2372 = ADVANCED_FACE('',(#2373),#2400,.F.);
#2373 = FACE_BOUND('',#2374,.T.);
#2374 = EDGE_LOOP('',(#2375,#2385,#2392,#2393));
#2375 = ORIENTED_EDGE('',*,*,#2376,.T.);
#2376 = EDGE_CURVE('',#2377,#2379,#2381,.T.);
#2377 = VERTEX_POINT('',#2378);
#2378 = CARTESIAN_POINT('',(-29.362792,124.455939,0.));
#2379 = VERTEX_POINT('',#2380);
#2380 = CARTESIAN_POINT('',(-29.362792,124.455939,1.51));
#2381 = LINE('',#2382,#2383);
#2382 = CARTESIAN_POINT('',(-29.362792,124.455939,0.));
#2383 = VECTOR('',#2384,1.);
#2384 = DIRECTION('',(0.,0.,1.));
#2385 = ORIENTED_EDGE('',*,*,#2386,.T.);
#2386 = EDGE_CURVE('',#2379,#2379,#2387,.T.);
#2387 = CIRCLE('',#2388,1.511104);
#2388 = AXIS2_PLACEMENT_3D('',#2389,#2390,#2391);
#2389 = CARTESIAN_POINT('',(-30.873896,124.455939,1.51));
#2390 = DIRECTION('',(0.,0.,1.));
#2391 = DIRECTION('',(1.,0.,-0.));
#2392 = ORIENTED_EDGE('',*,*,#2376,.F.);
#2393 = ORIENTED_EDGE('',*,*,#2394,.F.);
#2394 = EDGE_CURVE('',#2377,#2377,#2395,.T.);
#2395 = CIRCLE('',#2396,1.511104);
#2396 = AXIS2_PLACEMENT_3D('',#2397,#2398,#2399);
#2397 = CARTESIAN_POINT('',(-30.873896,124.455939,0.));
#2398 = DIRECTION('',(0.,0.,1.));
#2399 = DIRECTION('',(1.,0.,-0.));
#2400 = CYLINDRICAL_SURFACE('',#2401,1.511104);
#2401 = AXIS2_PLACEMENT_3D('',#2402,#2403,#2404);
#2402 = CARTESIAN_POINT('',(-30.873896,124.455939,0.));
#2403 = DIRECTION('',(-0.,-0.,-1.));
#2404 = DIRECTION('',(1.,0.,-0.));
#2405 = ADVANCED_FACE('',(#2406,#2459,#2462,#2465),#2468,.F.);
#2406 = FACE_BOUND('',#2407,.T.);
#2407 = EDGE_LOOP('',(#2408,#2409,#2410,#2411,#2412,#2413,#2414,#2415,
    #2416,#2417,#2418,#2419,#2420,#2421,#2422,#2423,#2424,#2425,#2426,
    #2427,#2428,#2429,#2430,#2431,#2432,#2433,#2434,#2435,#2436,#2437,
    #2438,#2439,#2440,#2441,#2442,#2443,#2444,#2445,#2446,#2447,#2448,
    #2449,#2450,#2451,#2452,#2453,#2454,#2455,#2456,#2457,#2458));
#2408 = ORIENTED_EDGE('',*,*,#749,.T.);
#2409 = ORIENTED_EDGE('',*,*,#780,.T.);
#2410 = ORIENTED_EDGE('',*,*,#811,.T.);
#2411 = ORIENTED_EDGE('',*,*,#842,.T.);
#2412 = ORIENTED_EDGE('',*,*,#873,.T.);
#2413 = ORIENTED_EDGE('',*,*,#904,.T.);
#2414 = ORIENTED_EDGE('',*,*,#935,.T.);
#2415 = ORIENTED_EDGE('',*,*,#966,.T.);
#2416 = ORIENTED_EDGE('',*,*,#997,.T.);
#2417 = ORIENTED_EDGE('',*,*,#1028,.T.);
#2418 = ORIENTED_EDGE('',*,*,#1059,.T.);
#2419 = ORIENTED_EDGE('',*,*,#1090,.T.);
#2420 = ORIENTED_EDGE('',*,*,#1121,.T.);
#2421 = ORIENTED_EDGE('',*,*,#1152,.T.);
#2422 = ORIENTED_EDGE('',*,*,#1183,.T.);
#2423 = ORIENTED_EDGE('',*,*,#1214,.T.);
#2424 = ORIENTED_EDGE('',*,*,#1245,.T.);
#2425 = ORIENTED_EDGE('',*,*,#1276,.T.);
#2426 = ORIENTED_EDGE('',*,*,#1307,.T.);
#2427 = ORIENTED_EDGE('',*,*,#1338,.T.);
#2428 = ORIENTED_EDGE('',*,*,#1369,.T.);
#2429 = ORIENTED_EDGE('',*,*,#1400,.T.);
#2430 = ORIENTED_EDGE('',*,*,#1431,.T.);
#2431 = ORIENTED_EDGE('',*,*,#1462,.T.);
#2432 = ORIENTED_EDGE('',*,*,#1493,.T.);
#2433 = ORIENTED_EDGE('',*,*,#1524,.T.);
#2434 = ORIENTED_EDGE('',*,*,#1555,.T.);
#2435 = ORIENTED_EDGE('',*,*,#1587,.T.);
#2436 = ORIENTED_EDGE('',*,*,#1619,.T.);
#2437 = ORIENTED_EDGE('',*,*,#1651,.T.);
#2438 = ORIENTED_EDGE('',*,*,#1683,.T.);
#2439 = ORIENTED_EDGE('',*,*,#1714,.T.);
#2440 = ORIENTED_EDGE('',*,*,#1745,.T.);
#2441 = ORIENTED_EDGE('',*,*,#1776,.T.);
#2442 = ORIENTED_EDGE('',*,*,#1807,.T.);
#2443 = ORIENTED_EDGE('',*,*,#1838,.T.);
#2444 = ORIENTED_EDGE('',*,*,#1869,.T.);
#2445 = ORIENTED_EDGE('',*,*,#1900,.T.);
#2446 = ORIENTED_EDGE('',*,*,#1931,.T.);
#2447 = ORIENTED_EDGE('',*,*,#1962,.T.);
#2448 = ORIENTED_EDGE('',*,*,#1993,.T.);
#2449 = ORIENTED_EDGE('',*,*,#2024,.T.);
#2450 = ORIENTED_EDGE('',*,*,#2055,.T.);
#2451 = ORIENTED_EDGE('',*,*,#2086,.T.);
#2452 = ORIENTED_EDGE('',*,*,#2117,.T.);
#2453 = ORIENTED_EDGE('',*,*,#2148,.T.);
#2454 = ORIENTED_EDGE('',*,*,#2179,.T.);
#2455 = ORIENTED_EDGE('',*,*,#2210,.T.);
#2456 = ORIENTED_EDGE('',*,*,#2241,.T.);
#2457 = ORIENTED_EDGE('',*,*,#2273,.T.);
#2458 = ORIENTED_EDGE('',*,*,#2296,.T.);
#2459 = FACE_BOUND('',#2460,.T.);
#2460 = EDGE_LOOP('',(#2461));
#2461 = ORIENTED_EDGE('',*,*,#2328,.T.);
#2462 = FACE_BOUND('',#2463,.T.);
#2463 = EDGE_LOOP('',(#2464));
#2464 = ORIENTED_EDGE('',*,*,#2361,.T.);
#2465 = FACE_BOUND('',#2466,.T.);
#2466 = EDGE_LOOP('',(#2467));
#2467 = ORIENTED_EDGE('',*,*,#2394,.T.);
#2468 = PLANE('',#2469);
#2469 = AXIS2_PLACEMENT_3D('',#2470,#2471,#2472);
#2470 = CARTESIAN_POINT('',(0.,0.,0.));
#2471 = DIRECTION('',(0.,0.,1.));
#2472 = DIRECTION('',(1.,0.,-0.));
#2473 = ADVANCED_FACE('',(#2474,#2527,#2530,#2533),#2536,.T.);
#2474 = FACE_BOUND('',#2475,.F.);
#2475 = EDGE_LOOP('',(#2476,#2477,#2478,#2479,#2480,#2481,#2482,#2483,
    #2484,#2485,#2486,#2487,#2488,#2489,#2490,#2491,#2492,#2493,#2494,
    #2495,#2496,#2497,#2498,#2499,#2500,#2501,#2502,#2503,#2504,#2505,
    #2506,#2507,#2508,#2509,#2510,#2511,#2512,#2513,#2514,#2515,#2516,
    #2517,#2518,#2519,#2520,#2521,#2522,#2523,#2524,#2525,#2526));
#2476 = ORIENTED_EDGE('',*,*,#733,.T.);
#2477 = ORIENTED_EDGE('',*,*,#764,.T.);
#2478 = ORIENTED_EDGE('',*,*,#795,.T.);
#2479 = ORIENTED_EDGE('',*,*,#826,.T.);
#2480 = ORIENTED_EDGE('',*,*,#857,.T.);
#2481 = ORIENTED_EDGE('',*,*,#888,.T.);
#2482 = ORIENTED_EDGE('',*,*,#919,.T.);
#2483 = ORIENTED_EDGE('',*,*,#950,.T.);
#2484 = ORIENTED_EDGE('',*,*,#981,.T.);
#2485 = ORIENTED_EDGE('',*,*,#1012,.T.);
#2486 = ORIENTED_EDGE('',*,*,#1043,.T.);
#2487 = ORIENTED_EDGE('',*,*,#1074,.T.);
#2488 = ORIENTED_EDGE('',*,*,#1105,.T.);
#2489 = ORIENTED_EDGE('',*,*,#1136,.T.);
#2490 = ORIENTED_EDGE('',*,*,#1167,.T.);
#2491 = ORIENTED_EDGE('',*,*,#1198,.T.);
#2492 = ORIENTED_EDGE('',*,*,#1229,.T.);
#2493 = ORIENTED_EDGE('',*,*,#1260,.T.);
#2494 = ORIENTED_EDGE('',*,*,#1291,.T.);
#2495 = ORIENTED_EDGE('',*,*,#1322,.T.);
#2496 = ORIENTED_EDGE('',*,*,#1353,.T.);
#2497 = ORIENTED_EDGE('',*,*,#1384,.T.);
#2498 = ORIENTED_EDGE('',*,*,#1415,.T.);
#2499 = ORIENTED_EDGE('',*,*,#1446,.T.);
#2500 = ORIENTED_EDGE('',*,*,#1477,.T.);
#2501 = ORIENTED_EDGE('',*,*,#1508,.T.);
#2502 = ORIENTED_EDGE('',*,*,#1539,.T.);
#2503 = ORIENTED_EDGE('',*,*,#1570,.T.);
#2504 = ORIENTED_EDGE('',*,*,#1603,.T.);
#2505 = ORIENTED_EDGE('',*,*,#1634,.T.);
#2506 = ORIENTED_EDGE('',*,*,#1667,.T.);
#2507 = ORIENTED_EDGE('',*,*,#1698,.T.);
#2508 = ORIENTED_EDGE('',*,*,#1729,.T.);
#2509 = ORIENTED_EDGE('',*,*,#1760,.T.);
#2510 = ORIENTED_EDGE('',*,*,#1791,.T.);
#2511 = ORIENTED_EDGE('',*,*,#1822,.T.);
#2512 = ORIENTED_EDGE('',*,*,#1853,.T.);
#2513 = ORIENTED_EDGE('',*,*,#1884,.T.);
#2514 = ORIENTED_EDGE('',*,*,#1915,.T.);
#2515 = ORIENTED_EDGE('',*,*,#1946,.T.);
#2516 = ORIENTED_EDGE('',*,*,#1977,.T.);
#2517 = ORIENTED_EDGE('',*,*,#2008,.T.);
#2518 = ORIENTED_EDGE('',*,*,#2039,.T.);
#2519 = ORIENTED_EDGE('',*,*,#2070,.T.);
#2520 = ORIENTED_EDGE('',*,*,#2101,.T.);
#2521 = ORIENTED_EDGE('',*,*,#2132,.T.);
#2522 = ORIENTED_EDGE('',*,*,#2163,.T.);
#2523 = ORIENTED_EDGE('',*,*,#2194,.T.);
#2524 = ORIENTED_EDGE('',*,*,#2225,.T.);
#2525 = ORIENTED_EDGE('',*,*,#2256,.T.);
#2526 = ORIENTED_EDGE('',*,*,#2289,.T.);
#2527 = FACE_BOUND('',#2528,.F.);
#2528 = EDGE_LOOP('',(#2529));
#2529 = ORIENTED_EDGE('',*,*,#2320,.T.);
#2530 = FACE_BOUND('',#2531,.F.);
#2531 = EDGE_LOOP('',(#2532));
#2532 = ORIENTED_EDGE('',*,*,#2353,.T.);
#2533 = FACE_BOUND('',#2534,.F.);
#2534 = EDGE_LOOP('',(#2535));
#2535 = ORIENTED_EDGE('',*,*,#2386,.T.);
#2536 = PLANE('',#2537);
#2537 = AXIS2_PLACEMENT_3D('',#2538,#2539,#2540);
#2538 = CARTESIAN_POINT('',(0.,0.,1.51));
#2539 = DIRECTION('',(0.,0.,1.));
#2540 = DIRECTION('',(1.,0.,-0.));
#2541 = ( GEOMETRIC_REPRESENTATION_CONTEXT(3) 
GLOBAL_UNCERTAINTY_ASSIGNED_CONTEXT((#2545)) 
GLOBAL_UNIT_ASSIGNED_CONTEXT((#2542,#2543,#2544)) REPRESENTATION_CONTEXT
('Context #1','3D Context with UNIT and UNCERTAINTY') );
#2542 = ( LENGTH_UNIT() NAMED_UNIT(*) SI_UNIT(.MILLI.,.METRE.) );
#2543 = ( NAMED_UNIT(*) PLANE_ANGLE_UNIT() SI_UNIT($,.RADIAN.) );
#2544 = ( NAMED_UNIT(*) SI_UNIT($,.STERADIAN.) SOLID_ANGLE_UNIT() );
#2545 = UNCERTAINTY_MEASURE_WITH_UNIT(LENGTH_MEASURE(1.E-07),#2542,
  'distance_accuracy_value','confusion accuracy');
#2546 = CONTEXT_DEPENDENT_SHAPE_REPRESENTATION(#2547,#2549);
#2547 = ( REPRESENTATION_RELATIONSHIP('','',#716,#10) 
REPRESENTATION_RELATIONSHIP_WITH_TRANSFORMATION(#2548) 
SHAPE_REPRESENTATION_RELATIONSHIP() );
#2548 = ITEM_DEFINED_TRANSFORMATION('','',#11,#19);
#2549 = PRODUCT_DEFINITION_SHAPE('Placement','Placement of an item',
  #2550);
#2550 = NEXT_ASSEMBLY_USAGE_OCCURRENCE('2','=>[0:1:1:3]','',#5,#711,$);
#2551 = PRODUCT_RELATED_PRODUCT_CATEGORY('part',$,(#713));
#2552 = MECHANICAL_DESIGN_GEOMETRIC_PRESENTATION_REPRESENTATION('',(
    #2553,#2563,#2572,#2581,#2590,#2599),#698);
#2553 = STYLED_ITEM('color',(#2554),#39);
#2554 = PRESENTATION_STYLE_ASSIGNMENT((#2555));
#2555 = SURFACE_STYLE_USAGE(.BOTH.,#2556);
#2556 = SURFACE_SIDE_STYLE('',(#2557,#2561));
#2557 = SURFACE_STYLE_FILL_AREA(#2558);
#2558 = FILL_AREA_STYLE('',(#2559));
#2559 = FILL_AREA_STYLE_COLOUR('',#2560);
#2560 = DRAUGHTING_PRE_DEFINED_COLOUR('white');
#2561 = SURFACE_STYLE_RENDERING_WITH_PROPERTIES(.NORMAL_SHADING.,#2560,(
    #2562));
#2562 = SURFACE_STYLE_TRANSPARENT(0.100000023842);
#2563 = STYLED_ITEM('color',(#2564),#206);
#2564 = PRESENTATION_STYLE_ASSIGNMENT((#2565));
#2565 = SURFACE_STYLE_USAGE(.BOTH.,#2566);
#2566 = SURFACE_SIDE_STYLE('',(#2567,#2570));
#2567 = SURFACE_STYLE_FILL_AREA(#2568);
#2568 = FILL_AREA_STYLE('',(#2569));
#2569 = FILL_AREA_STYLE_COLOUR('',#2560);
#2570 = SURFACE_STYLE_RENDERING_WITH_PROPERTIES(.NORMAL_SHADING.,#2560,(
    #2571));
#2571 = SURFACE_STYLE_TRANSPARENT(0.100000023842);
#2572 = STYLED_ITEM('color',(#2573),#283);
#2573 = PRESENTATION_STYLE_ASSIGNMENT((#2574));
#2574 = SURFACE_STYLE_USAGE(.BOTH.,#2575);
#2575 = SURFACE_SIDE_STYLE('',(#2576,#2579));
#2576 = SURFACE_STYLE_FILL_AREA(#2577);
#2577 = FILL_AREA_STYLE('',(#2578));
#2578 = FILL_AREA_STYLE_COLOUR('',#2560);
#2579 = SURFACE_STYLE_RENDERING_WITH_PROPERTIES(.NORMAL_SHADING.,#2560,(
    #2580));
#2580 = SURFACE_STYLE_TRANSPARENT(0.100000023842);
#2581 = STYLED_ITEM('color',(#2582),#495);
#2582 = PRESENTATION_STYLE_ASSIGNMENT((#2583));
#2583 = SURFACE_STYLE_USAGE(.BOTH.,#2584);
#2584 = SURFACE_SIDE_STYLE('',(#2585,#2588));
#2585 = SURFACE_STYLE_FILL_AREA(#2586);
#2586 = FILL_AREA_STYLE('',(#2587));
#2587 = FILL_AREA_STYLE_COLOUR('',#2560);
#2588 = SURFACE_STYLE_RENDERING_WITH_PROPERTIES(.NORMAL_SHADING.,#2560,(
    #2589));
#2589 = SURFACE_STYLE_TRANSPARENT(0.100000023842);
#2590 = STYLED_ITEM('color',(#2591),#588);
#2591 = PRESENTATION_STYLE_ASSIGNMENT((#2592));
#2592 = SURFACE_STYLE_USAGE(.BOTH.,#2593);
#2593 = SURFACE_SIDE_STYLE('',(#2594,#2597));
#2594 = SURFACE_STYLE_FILL_AREA(#2595);
#2595 = FILL_AREA_STYLE('',(#2596));
#2596 = FILL_AREA_STYLE_COLOUR('',#2560);
#2597 = SURFACE_STYLE_RENDERING_WITH_PROPERTIES(.NORMAL_SHADING.,#2560,(
    #2598));
#2598 = SURFACE_STYLE_TRANSPARENT(0.100000023842);
#2599 = STYLED_ITEM('color',(#2600),#648);
#2600 = PRESENTATION_STYLE_ASSIGNMENT((#2601));
#2601 = SURFACE_STYLE_USAGE(.BOTH.,#2602);
#2602 = SURFACE_SIDE_STYLE('',(#2603,#2606));
#2603 = SURFACE_STYLE_FILL_AREA(#2604);
#2604 = FILL_AREA_STYLE('',(#2605));
#2605 = FILL_AREA_STYLE_COLOUR('',#2560);
#2606 = SURFACE_STYLE_RENDERING_WITH_PROPERTIES(.NORMAL_SHADING.,#2560,(
    #2607));
#2607 = SURFACE_STYLE_TRANSPARENT(0.100000023842);
#2608 = MECHANICAL_DESIGN_GEOMETRIC_PRESENTATION_REPRESENTATION('',(
    #2609),#2541);
#2609 = STYLED_ITEM('color',(#2610),#717);
#2610 = PRESENTATION_STYLE_ASSIGNMENT((#2611));
#2611 = SURFACE_STYLE_USAGE(.BOTH.,#2612);
#2612 = SURFACE_SIDE_STYLE('',(#2613));
#2613 = SURFACE_STYLE_FILL_AREA(#2614);
#2614 = FILL_AREA_STYLE('',(#2615));
#2615 = FILL_AREA_STYLE_COLOUR('',#2616);
#2616 = COLOUR_RGB('',0.313304153717,0.484529207832,0.410020903123);
ENDSEC;
END-ISO-10303-21;
