:020000040800F2
:10000000000001200D350008B3280008B5280008BD
:10001000B7280008B9280008BB2800080000000025
:10002000000000000000000000000000BD280008E3
:10003000BF28000800000000C1280008C3280008ED
:100040005D3500085D350008C52800085D350008ED
:100050005D3500085D3500085D3500085D35000838
:100060005D3500085D3500085D350008D5280008BD
:10007000E5280008F52800085D3500085D35000812
:100080005D3500085D3500085D3500085D35000808
:10009000000000005D350008052900085D350008F6
:1000A0005D3500085D3500085D3500085D350008E8
:1000B0005D350008112900085D3500085D35000830
:1000C0005D3500085D3500085D3500085D350008C8
:1000D0005D3500085D350008212900085D35000800
:1000E0005D3500085D350008312900085D350008E0
:1000F0005D35000800000000000000005D350008CC
:100100005D3500085D350008412900085D350008AF
:100110005D3500085D3500085D3500085D35000877
:100120005D3500085D3500085D3500085D35000867
:080130005D3500085D35000893
:1001400010B5054C237833B9044B13B10448AFF311
:1001500000800123237010BDD803002000000000A0
:10016000449E010808B5034B1BB103490348AFF394
:10017000008008BD00000000DC030020449E010850
:1001800001F0FF01102A2BDB10F0070F08D010F848
:10019000013B013A8B422DD010F0070F42B3F6D14C
:1001A000F0B441EA012141EA014122F007047FF065
:1001B00000070023F0E80256083C85EA010586EABC
:1001C000010685FA47F5A3FA87F586FA47F6A5FAF8
:1001D00087F68EB9EED1F0BC01F0FF0102F0070204
:1001E00032B110F8013B013A83EA010313B1F8D1AF
:1001F0000020704701387047002D06BF3546033890
:10020000073815F0010F07D1013015F4807F02BFC8
:10021000013015F4C03F0130F0BC0138704700BF19
:10022000034613F8012B002AFBD1181A0138704736
:1002300081F0004102E000BF83F0004330B54FEA97
:1002400041044FEA430594EA050F08BF90EA020F04
:100250001FBF54EA000C55EA020C7FEA645C7FEA97
:10026000655C00F0E2804FEA5454D4EB5555B8BFBA
:100270006D420CDD2C4480EA020281EA030382EA2B
:10028000000083EA010180EA020281EA0303362DBD
:1002900088BF30BD11F0004F4FEA01314FF4801C90
:1002A0004CEA113102D0404261EB410113F0004FA2
:1002B0004FEA03334CEA133302D0524263EB430359
:1002C00094EA050F00F0A780A4F10104D5F1200EF7
:1002D0000DDB02FA0EFC22FA05F2801841F1000152
:1002E00003FA0EF2801843FA05F359410EE0A5F126
:1002F00020050EF1200E012A03FA0EFC28BF4CF057
:10030000020C43FA05F3C01851EBE37101F000450C
:1003100007D54FF0000EDCF1000C7EEB00006EEB19
:100320000101B1F5801F1BD3B1F5001F0CD34908A3
:100330005FEA30004FEA3C0C04F101044FEA4452FA
:1003400012F5800F80F09A80BCF1004F08BF5FEA81
:10035000500C50F1000041EB045141EA050130BD61
:100360005FEA4C0C404141EB0101013C28BFB1F573
:10037000801FE9D291F0000F04BF01460020B1FABE
:1003800081F308BF2033A3F10B03B3F120020CDA91
:100390000C3208DD02F1140CC2F10C0201FA0CF06F
:1003A00021FA02F10CE002F11402D8BFC2F1200CD4
:1003B00001FA02F120FA0CFCDCBF41EA0C0190408A
:1003C000E41AA2BF01EB0451294330BD6FEA0404D3
:1003D0001F3C1CDA0C340EDC04F11404C4F12002BE
:1003E00020FA04F001FA02F340EA030021FA04F3D0
:1003F00045EA030130BDC4F10C04C4F1200220FA27
:1004000002F001FA04F340EA0300294630BD21FA64
:1004100004F0294630BD94F0000F83F4801306BF2A
:1004200081F480110134013D4EE77FEA645C18BF1E
:100430007FEA655C29D094EA050F08BF90EA020FB5
:1004400005D054EA000C04BF1946104630BD91EAAD
:10045000030F1EBF0021002030BD5FEA545C05D1B0
:100460004000494128BF41F0004130BD14F58004EF
:100470003CBF01F5801130BD01F0004545F0FE4163
:1004800041F470014FF0000030BD7FEA645C1ABF98
:10049000194610467FEA655C1CBF0B46024650EACF
:1004A000013406BF52EA033591EA030F41F40021FB
:1004B00030BD00BF90F0000F04BF0021704730B581
:1004C0004FF4806404F132044FF000054FF0000156
:1004D00050E700BF90F0000F04BF0021704730B517
:1004E0004FF4806404F1320410F0004548BF4042EC
:1004F0004FF000013EE700BF42004FEAE2014FEA41
:1005000031014FEA02701FBF12F07F4393F07F4F1B
:1005100081F06051704732F07F4208BF704793F01E
:100520007F4F04BF41F40021704730B54FF4607431
:1005300001F0004521F000411CE700BF50EA010234
:1005400008BF704730B54FF000050AE050EA0102DD
:1005500008BF704730B511F0004502D5404261EB4D
:1005600041014FF4806404F132045FEA915C3FF48E
:10057000D8AE4FF003025FEADC0C18BF03325FEA2B
:10058000DC0C18BF033202EBDC02C2F1200300FADC
:1005900003FC20FA02F001FA03FE40EA0E0021FA01
:1005A00002F11444BDE600BF70B54FF0FF0C4CF4EF
:1005B000E06C1CEA11541DBF1CEA135594EA0C0FA1
:1005C00095EA0C0F00F0DEF82C4481EA030621EADC
:1005D0004C5123EA4C5350EA013518BF52EA033517
:1005E00041F4801143F4801338D0A0FB02CE4FF0C9
:1005F0000005E1FB02E506F00042E0FB03E54FF0F9
:100600000006E1FB03569CF0000F18BF4EF0010EF0
:10061000A4F1FF04B6F5007F64F5407404D25FEAEC
:100620004E0E6D4146EB060642EAC62141EA55519F
:100630004FEAC52040EA5E504FEACE2EB4F1FD0CE1
:1006400088BFBCF5E06F1ED8BEF1004F08BF5FEA5F
:10065000500E50F1000041EB045170BD06F0004611
:1006600046EA010140EA020081EA0301B4EB5C04BE
:10067000C2BFD4EB0C0541EA045170BD41F48011B6
:100680004FF0000E013C00F3AB8014F1360FDEBFDB
:10069000002001F0004170BDC4F10004203C35DAB7
:1006A0000C341BDC04F11404C4F1200500FA05F33A
:1006B00020FA04F001FA05F240EA020001F00042DB
:1006C00021F0004110EBD37021FA04F642EB060151
:1006D0005EEA430E08BF20EAD37070BDC4F10C047B
:1006E000C4F1200500FA04F320FA05F001FA04F23F
:1006F00040EA020001F0004110EBD37041F100012B
:100700005EEA430E08BF20EAD37070BDC4F1200535
:1007100000FA05F24EEA020E20FA04F301FA05F29D
:1007200043EA020321FA04F001F0004121FA04F245
:1007300020EA020000EBD3705EEA430E08BF20EA15
:10074000D37070BD94F0000F0FD101F0004640004F
:1007500041EB010111F4801F08BF013CF7D041EAD1
:10076000060195F0000F18BF704703F000465200D5
:1007700043EB030313F4801F08BF013DF7D043EAA6
:100780000603704794EA0C0F0CEA135518BF95EA5C
:100790000C0F0CD050EA410618BF52EA4306D1D1E3
:1007A00081EA030101F000414FF0000070BD50EA02
:1007B000410606BF1046194652EA430619D094EA8C
:1007C0000C0F02D150EA013613D195EA0C0F05D176
:1007D00052EA03361CBF104619460AD181EA0301CA
:1007E00001F0004141F0FE4141F470014FF0000082
:1007F00070BD41F0FE4141F4780170BD70B54FF01D
:10080000FF0C4CF4E06C1CEA11541DBF1CEA13559C
:1008100094EA0C0F95EA0C0F00F0A7F8A4EB05047E
:1008200081EA030E52EA03354FEA013100F0888075
:100830004FEA03334FF0805545EA131343EA12633E
:100840004FEA022245EA111545EA10654FEA0026F3
:100850000EF000419D4208BF964244F1FD0404F5AC
:10086000407402D25B084FEA3202B61A65EB030508
:100870005B084FEA32024FF480104FF4002CB6EBC5
:10088000020E75EB030E22BFB61A754640EA0C0045
:100890005B084FEA3202B6EB020E75EB030E22BF85
:1008A000B61A754640EA5C005B084FEA3202B6EBC6
:1008B000020E75EB030E22BFB61A754640EA9C0085
:1008C0005B084FEA3202B6EB020E75EB030E22BF55
:1008D000B61A754640EADC0055EA060E18D04FEA13
:1008E000051545EA16754FEA06164FEAC30343EAB3
:1008F00052734FEAC2025FEA1C1CC0D111F4801F80
:100900000BD141EA00014FF000004FF0004CB6E778
:1009100011F4801F04BF01430020B4F1FD0C88BF17
:10092000BCF5E06F3FF6AFAEB5EB030C04BFB6EB22
:10093000020C5FEA500C50F1000041EB045170BD15
:100940000EF0004E4EEA113114EB5C04C2BFD4EB42
:100950000C0541EA045170BD41F480114FF0000EC6
:10096000013C90E645EA060E8DE60CEA135594EA42
:100970000C0F08BF95EA0C0F3FF43BAF94EA0C0F45
:100980000AD150EA01347FF434AF95EA0C0F7FF4BA
:1009900025AF104619462CE795EA0C0F06D152EA0E
:1009A00003353FF4FDAE1046194622E750EA4106F2
:1009B00018BF52EA43067FF4C5AE50EA41047FF403
:1009C0000DAF52EA43057FF4EBAE12E74FF0FF3C68
:1009D00006E000BF4FF0010C02E000BF4FF0010C39
:1009E0004DF804CD4FEA410C7FEA6C5C4FEA430CB2
:1009F00018BF7FEA6C5C1BD001B050EA410C0CBF01
:100A000052EA430C91EA030F02BF90EA020F002062
:100A1000704710F1000F91EA030F58BF994208BFC9
:100A200090422CBFD8176FEAE37040F00100704786
:100A30004FEA410C7FEA6C5C02D150EA013C07D1DD
:100A40004FEA430C7FEA6C5CD6D152EA033CD3D028
:100A50005DF8040B704700BF8446104662468C4622
:100A60001946634600E000BF01B5FFF7B7FF002855
:100A700048BF10F1000F01BD4DF808EDFFF7F4FF7E
:100A80000CBF012000205DF808FB00BF4DF808ED09
:100A9000FFF7EAFF34BF012000205DF808FB00BF2C
:100AA0004DF808EDFFF7E0FF94BF012000205DF84E
:100AB00008FB00BF4DF808EDFFF7CEFF94BF012003
:100AC00000205DF808FB00BF4DF808EDFFF7C4FFFC
:100AD00034BF012000205DF808FB00BF4FEA410C45
:100AE0007FEA6C5C02D150EA013C0AD14FEA430C28
:100AF0007FEA6C5C02D152EA033C02D14FF0000065
:100B000070474FF0010070474FEA410212F50012A2
:100B100015D211D56FF47873B3EB625212D94FEA44
:100B2000C12343F0004343EA505311F0004F23FA2E
:100B300002F018BF404270474FF00000704750EA83
:100B4000013005D111F0004008BF6FF00040704740
:100B50004FF00000704700BF4A0011D212F500129A
:100B600011D20DD56FF47873B3EB62520ED44FEA05
:100B7000C12343F0004343EA505323FA02F0704785
:100B80004FF00000704750EA013002D14FF0FF30C3
:100B900070474FF0000070474FEA4102B2F1E04366
:100BA00024BFB3F5001CDCF1FE5C0DD901F0004C54
:100BB0004FEAC0024CEA5070B2F1004F40EB8300A4
:100BC00008BF20F00100704711F0804F21D113F1D0
:100BD0003872BCBF01F00040704741F480114FEA09
:100BE0005252C2F11802C2F1200C10FA0CF320FA92
:100BF00002F018BF40F001004FEAC1234FEAD323AF
:100C000003FA0CFC40EA0C0023FA02F34FEA430318
:100C1000CCE77FEA625307D150EA01331EBF4FF0A1
:100C2000FE4040F44000704701F0004040F0FE40BC
:100C300040F40000704700BF80F0004002E000BFB9
:100C400081F0004142001FBF5FEA410392EA030FB7
:100C50007FEA226C7FEA236C6AD04FEA1262D2EB01
:100C60001363C1BFD218414048404140B8BF5B4206
:100C7000192B88BF704710F0004F40F4000020F09F
:100C80007F4018BF404211F0004F41F4000121F0B5
:100C90007F4118BF494292EA030F3FD0A2F10102FF
:100CA00041FA03FC10EB0C00C3F1200301FA03F13D
:100CB00000F0004302D5494260EB4000B0F5000F60
:100CC00013D3B0F1807F06D340084FEA310102F11F
:100CD0000102FE2A51D2B1F1004F40EBC25008BFD1
:100CE00020F0010040EA03007047490040EB00009B
:100CF000013A28BFB0F5000FEDD2B0FA80FCACF19C
:100D0000080CB2EB0C0200FA0CF0AABF00EBC250C8
:100D100052421843BCBFD0401843704792F0000FB6
:100D200081F4000106BF80F400000132013BB5E709
:100D30004FEA41037FEA226C18BF7FEA236C21D07F
:100D400092EA030F04D092F0000F08BF08467047E4
:100D500090EA010F1CBF0020704712F07F4F04D1B2
:100D6000400028BF40F00040704712F100723CBFC5
:100D700000F50000704700F0004343F0FE4040F4EF
:100D8000000070477FEA226216BF08467FEA2363AD
:100D90000146420206BF5FEA412390EA010F40F498
:100DA000800070474FF0000304E000BF10F00043E4
:100DB00048BF40425FEA000C08BF704743F09643CB
:100DC00001464FF000001CE050EA010208BF7047E6
:100DD0004FF000030AE000BF50EA010208BF70476D
:100DE00011F0004302D5404261EB41015FEA010C82
:100DF00002BF84460146002043F0B64308BFA3F17A
:100E00008053A3F50003BCFA8CF2083AA3EBC2535B
:100E100010DB01FA02FC634400FA02FCC2F120027A
:100E2000BCF1004F20FA02F243EB020008BF20F0B1
:100E30000100704702F1200201FA02FCC2F1200217
:100E400050EA4C0021FA02F243EB020008BF20EA0C
:100E5000DC7070474FF0FF0C1CEAD0521EBF1CEA3A
:100E6000D15392EA0C0F93EA0C0F6FD01A4480EA28
:100E7000010C400218BF5FEA41211ED04FF0006311
:100E800043EA501043EA5111A0FB01310CF000403D
:100E9000B1F5000F3EBF490041EAD3715B0040EA63
:100EA000010062F17F02FD2A1DD8B3F1004F40EB33
:100EB000C25008BF20F00100704790F0000F0CF006
:100EC000004C08BF49024CEA502040EA51207F3ACA
:100ED000C2BFD2F1FF0340EAC250704740F40000A5
:100EE0004FF00003013A5DDC12F1190FDCBF00F096
:100EF00000407047C2F10002410021FA02F1C2F144
:100F0000200200FA02FC5FEA310040F1000053EADF
:100F10004C0308BF20EADC70704792F0000F00F02D
:100F2000004C02BF400010F4000F013AF9D040EA33
:100F30000C0093F0000F01F0004C02BF490011F4C7
:100F4000000F013BF9D041EA0C018FE70CEAD153C5
:100F500092EA0C0F18BF93EA0C0F0AD030F0004C45
:100F600018BF31F0004CD8D180EA010000F00040F9
:100F7000704790F0000F17BF90F0004F084691F0B7
:100F8000000F91F0004F14D092EA0C0F01D14202F1
:100F90000FD193EA0C0F03D14B0218BF084608D1BA
:100FA00080EA010000F0004040F0FE4040F4000004
:100FB000704740F0FE4040F4400070474FF0FF0C97
:100FC0001CEAD0521EBF1CEAD15392EA0C0F93EADE
:100FD0000C0F69D0A2EB030280EA010C49024FEA30
:100FE000402037D04FF0805343EA111143EA1013E9
:100FF0000CF000408B4238BF5B0042F17D024FF4A1
:10100000000C8B4224BF5B1A40EA0C00B3EB510F7B
:1010100024BFA3EB510340EA5C00B3EB910F24BF64
:10102000A3EB910340EA9C00B3EBD10F24BFA3EBE9
:10103000D10340EADC001B0118BF5FEA1C1CE0D1B1
:10104000FD2A3FF650AF8B4240EBC25008BF20F064
:10105000010070470CF0004C4CEA50207F32C2BFB8
:10106000D2F1FF0340EAC250704740F400004FF055
:101070000003013A37E792F0000F00F0004C02BF86
:10108000400010F4000F013AF9D040EA0C0093F050
:10109000000F01F0004C02BF490011F4000F013BAA
:1010A000F9D041EA0C0195E70CEAD15392EA0C0F12
:1010B00008D142027FF47DAF93EA0C0F7FF470AF4A
:1010C000084676E793EA0C0F04D14B023FF44CAF8D
:1010D00008466EE730F0004C18BF31F0004CCAD122
:1010E00030F000427FF45CAF31F000437FF43CAF5E
:1010F0005FE700BF4FF0FF3C06E000BF4FF0010C80
:1011000002E000BF4FF0010C4DF804CD4FEA400261
:101110004FEA41037FEA226C18BF7FEA236C11D0AB
:1011200001B052EA530C18BF90EA010F58BFB2EB5E
:10113000030088BFC81738BF6FEAE17018BF40F0DE
:10114000010070477FEA226C02D15FEA402C05D192
:101150007FEA236CE4D15FEA412CE1D05DF8040B17
:10116000704700BF844608466146FFE70FB5FFF7AA
:10117000C9FF002848BF10F1000F0FBD4DF808ED62
:10118000FFF7F4FF0CBF012000205DF808FB00BF53
:101190004DF808EDFFF7EAFF34BF012000205DF8AD
:1011A00008FB00BF4DF808EDFFF7E0FF94BF0120FA
:1011B00000205DF808FB00BF4DF808EDFFF7D2FFF7
:1011C00094BF012000205DF808FB00BF4DF808ED3A
:1011D000FFF7C8FF34BF012000205DF808FB00BF07
:1011E0004FEA40024FEA41037FEA226C02D15FEAF4
:1011F000402C08D17FEA236C02D15FEA412C02D156
:101200004FF0000070474FF0010070474FEA400276
:10121000B2F1FE4F0FD34FF09E03B3EB12620DD924
:101220004FEA002343F0004310F0004F23FA02F08E
:1012300018BF404270474FF00000704712F1610F35
:1012400001D1420205D110F0004008BF6FF000400C
:1012500070474FF00000704742000ED2B2F1FE4FCF
:101260000BD34FF09E03B3EB126209D44FEA002375
:1012700043F0004323FA02F070474FF0000070473C
:1012800012F1610F01D1420202D14FF0FF307047DD
:101290004FF00000704700BF53B94AB9002908BF9A
:1012A00000281CBF4FF0FF314FF0FF3000F088B92D
:1012B000ADF1080C6DE904CE00F006F8DDF804E0AD
:1012C000DDE9022304B070472DE9F047089D8E4602
:1012D00004468846002B4AD18A42174662D9B2FAA0
:1012E00082F64EB1C6F1200301FA06F820FA03F3A4
:1012F000B74043EA0808B4404FEA174E1FFA87FC8C
:10130000B8FBFEF1230C0EFB118843EA084301FBF6
:101310000CF29A4209D9FB1801F1FF3080F0EA8003
:101320009A4240F2E78002393B449A1AA3B2B2FBD8
:10133000FEF00EFB102243EA024300FB0CFC9C452E
:1013400009D9FB1800F1FF3280F0D6809C4540F2AD
:10135000D3803B44023840EA0140A3EB0C03002158
:101360001DB1F3400022C5E90032BDE8F0878B4291
:1013700005D90DB1C5E9000100210846F5E7B3FA2A
:1013800083F1002946D1734502D3824200F20581E0
:10139000841A6EEB030201209046002DE5D0C5E9CA
:1013A0000048E2E7002A00F09080B2FA82F6002EB0
:1013B00040F0A4808A1A030C4FEA174E80B2BCB2E8
:1013C0000121B2FBFEFC0EFB1C2243EA024304FB9C
:1013D0000CF29A4207D9FB180CF1FF3802D29A425C
:1013E00000F2E080C4469B1AB3FBFEF20EFB123300
:1013F00040EA034302FB04F49C4207D9FB1802F1C4
:10140000FF3002D29C4200F2CA8002461B1B42EA15
:101410000C40A5E7C1F120068B4022FA06F71F43D6
:101420000EFA01F420FA06F32EFA06FE4FEA1749E7
:10143000234300FA01F81FFA87FCBEFBF9F01C0CED
:1014400009FB10EE44EA0E4400FB0CFEA64502FA2E
:1014500001F209D93C1900F1FF3A80F09C80A645C1
:1014600040F2998002383C44A4EB0E041FFA83FE3C
:10147000B4FBF9F309FB13444EEA044403FB0CFCF0
:10148000A44508D93C1903F1FF3E80F08280A445B1
:101490007FD9023B3C4443EA0040A4EB0C04A0FB90
:1014A00002EC64457346E14662D35FD05DB1B8EBB0
:1014B000030264EB090404FA06F622FA01F31E4360
:1014C000CC40C5E9006400214FE7B1FBF2FC010C00
:1014D00041EA0E4180B240EA01423B4638463C4672
:1014E000B846BE462026B1FBF7F1A2EB080241EA5E
:1014F0000C4166E7014618E710462CE7C6F12002CA
:101500002EFA02F3B740B14020FA02F24FEA174E2A
:101510000A43B3FBFEF8BCB20EFB1833110C41EAD0
:10152000034108FB04F9B04089454FEA104380B2FB
:101530003ED9791808F1FF3C01D289451FD8A1EBAB
:101540000901B1FBFEF909FB04F80EFB191192B277
:1015500042EA0142424529D2BA1809F1FF31C4D208
:101560004245C2D2A9F102013A44BEE7F0459DD2FC
:10157000BEEB02036CEB070C0138E14696E7A7EBE4
:1015800009094944A8F1020CB1FBFEF909FB04F872
:10159000DBE773467FE7504666E70846FDE63B44D7
:1015A000023A33E7ACF1020C3B441CE749469CE7A6
:1015B000A1EB0901C446B1FBFEF909FB04F8C4E73D
:1015C000704700BF08B50A2001F0CEFA08BD08B583
:1015D0000A2001F0C9FA08BD10B5012014F05EF927
:1015E000204C2070022014F059F96070042014F08F
:1015F00055F9A070082014F051F9E070642001F052
:10160000B3FA0BF023FAA0B90446174B0022114697
:10161000022014F06DFC134B1B789BB1114B5B78CF
:10162000A3B1104B9B78ABB10E4BDB78B3B1204626
:1016300010BD0E4B00221146022014F059FC6FF031
:101640000104F4E7012014F01BF9E7E7022014F08D
:1016500017F9E6E7042014F013F9E5E7082014F081
:101660000FF9E4E7401900200C9F0108EC9E0108E7
:1016700010B5012014F012F9214C2070022014F052
:101680000DF96070042014F009F9A070082014F01E
:1016900005F9E070012108460AF0FEFD194B002211
:1016A0001146022014F024FC0A2001F05DFA237890
:1016B000012B15D0124B5B78012B15D0104B9B786A
:1016C000012B15D00E4BDB78012B15D00E4B0022D1
:1016D0001146022014F00CFC642001F045FA10BD04
:1016E000012014F0E9F8E5E7022014F0E5F8E5E759
:1016F000042014F0E1F8E5E7082014F0DDF8E5E750
:1017000040190020349F0108689F010838B5164C25
:1017100020460AF0DBFF0546201D0BF0D3F955FAF1
:1017200080F0C5B204F108000BF0A0F955FA80F57D
:10173000EDB242F21073236304F134000BF0F0F9C0
:1017400055FA80F5EDB204F1100108200BF0BEFA55
:1017500055FA80F5EDB204F1200109200BF0B6FA3C
:1017600055FA80F040B238BDF803002070B5194C2E
:1017700060680BF0BCF90546264616F9080B0BF01D
:10178000F1F955FA80F0C5B230460BF083F955FAFD
:1017900080F5EDB294F834000BF0CEF955FA80F5EF
:1017A000EDB204F1100108200BF0A7FA55FA80F50C
:1017B000EDB204F1200109200BF09FFA55FA80F5F3
:1017C0006DB2012108460AF067FD206B09F0ECFBC1
:1017D000284670BDF803002010B584B0FFF7FCFE6A
:1017E0000446FFF7C3FF54FA80F0C4B20DF10F00B6
:1017F0000BF0D4F954FA80F4E4B204208DF80F0011
:101800000BF04EFA54FA80F464B29DF90F30009355
:10181000054B00221146022014F06AFBFFF728FF57
:10182000204604B010BD00BF909F01082DE9F04F85
:10183000A3B0814B00221146022014F059FB18A9D5
:1018400008200BF043FA04461CA909200BF03EFACD
:1018500054FA80F0C3B211939DF8602012929DF863
:10186000611013919DF862309DF863209DF864101B
:101870009DF865009DF866409DF867509DF868608A
:101880009DF869709DF86AC09DF86BE09DF86C80CA
:101890009DF86D909DF86EA09DF86FB0CDF83CB0AE
:1018A000CDF838A0CDF83490CDF83080CDF82CE0CC
:1018B000CDF828C0099708960795069405900491DD
:1018C0000392029313990191129A00925B4B0022AA
:1018D0001146022014F00CFB9DF8702012929DF826
:1018E000711013919DF872309DF873209DF874105B
:1018F0009DF875009DF876409DF877509DF87860CA
:101900009DF879709DF87AC09DF87BE09DF87C8009
:101910009DF87D909DF87EA09DF87FB0CDF83CB0FD
:10192000CDF838A0CDF83490CDF83080CDF82CE04B
:10193000CDF828C00997089607950694059004915C
:101940000392029313990191129A00923C4B002248
:101950001146022014F0CCFA14A80AF0B7FE119B2D
:1019600053FA80F4E4B215A80BF0ACF854FA80F501
:10197000EDB216A80BF07AF855FA80F464B29DF82F
:1019800057309DF856209DF855109DF8540003904F
:101990000291019200932B4B00221146022014F079
:1019A000A7FA9DF858309DF859209DF85A109DF8D7
:1019B0005B009DF85C509DF85D609DF85E709DF841
:1019C0005FC0CDF81CC00697059604950390029160
:1019D000019200931C4B00221146022014F088FA59
:1019E0009DF884300BBB194B00221146022014F0E5
:1019F0007FFA09F0DDFA0090154B00221146022013
:101A000014F076FA9DF950300093124B00221146E3
:101A1000022014F06DFA104B00221146022014F03F
:101A200067FA204623B0BDE8F08F0C4B0022114628
:101A3000022014F05DFADCE7A49F0108DC9F010896
:101A400040A00108A4A00108D0A0010810A101082D
:101A500034A101084CA1010858A1010824A10108E2
:101A600030B585B0574B00221146022014F040FAE1
:101A7000002513E054494FF4237303FB0511534B26
:101A8000C1F88032524BC1F88432212008F03AF973
:101A90000134E4B2202CEDD90135EDB2072D01D887
:101AA0000024F7E74B4B00221146022014F020FAE5
:101AB000494BE8221A70494A6B4692E8030083E8D2
:101AC0000300082246490DEB020000F029FCD8B9BA
:101AD000082269460DEB020015F043F848BB3E4B67
:101AE0001A784049404800F01BFC88B9FFF774FEA3
:101AF000C0B93E4B00221146022014F0F9F9FFF75D
:101B000095FE002005B030BDFFF75CFD0120F9E730
:101B1000FFF758FD364B00221146022014F0E8F979
:101B20000120EFE7334B00221146022014F0E0F9C8
:101B3000DFE7314B00221146022014F0D9F90023CF
:101B40001AE0294903EB830201EB8202012082F8AB
:101B50003900002082F83A0082F838002748D06324
:101B60004FF0814010640020506403EB830201EBCE
:101B7000820188640133DBB2072BE2D900230DE038
:101B800003EB4301184A0A44012182F8D81082F875
:101B9000D910002182F8DA100133DBB2032BEFD920
:101BA000FFF7B4FD30B9164B00221146022014F0A5
:101BB0009FF9A4E7134B00221146022014F098F974
:101BC00001209FE798A10108E00400208400002084
:101BD00000000020D4A10108F503002028A301087B
:101BE00000FF030808FF0308F80300206CA20108A7
:101BF00010A201083CA2010890A201080000F042D6
:101C000000A30108CCA2010800B583B06B4683E8AD
:101C1000030093E8030013F063FC03B05DF804FBDA
:101C200000B583B0684613F07DFC009803B05DF802
:101C300004FB000010B5AAB0AF238DF8A73014281C
:101C400000F2EE80DFE810F0150020002B003300DA
:101C50006A007D008700EC00EC00EC00EC00EC007A
:101C6000EC00EC00EC00EC00AA00B200C200CA00DC
:101C7000DA00AB238DF83C30322000F075FF0121F3
:101C80000FA801F0F3FB47E04FF080730F930A2099
:101C900000F06AFF04210FA801F0E8FB3CE00A20F5
:101CA00000F062FF3821664801F0E0FB34E00A20D2
:101CB00000F05AFF01210DF1A70001F0D7FB3821F8
:101CC0005F4801F017FC142000F04EFF5D4A0FAB97
:101CD00092E8030083E80300082219465A4800F0FE
:101CE00003FB002840F0A380E8225549574800F044
:101CF000FBFA002840F09E800A2000F035FF012109
:101D00000DF1A70001F0B2FB0A2000F02DFFFFF754
:101D10002DFD002840F091802AB010BD03A907A82E
:101D200001F05CFDBDF80C20BDF81C3043EA024315
:101D30000F930A2000F018FF04210FA801F096FB72
:101D4000EAE700230F93FFF76BFF0F9004210FA822
:101D500001F08CFBE0E70A2000F006FF01210DF105
:101D6000A70001F083FB00240794042107A801F0D9
:101D7000C1FB079B0F93ADF840400FAB93E8030006
:101D8000FFF742FF0A2000F0EFFE01210DF1A7004E
:101D900001F06CFB0A2000F0E7FEBDE70A2000F02E
:101DA000E3FEA0212A4801F061FBB5E70A2000F01C
:101DB000DBFE01210DF1A70001F058FBA021244812
:101DC00001F098FB142000F0CFFE7FE70A2000F01E
:101DD000CBFE0C211F4801F049FB9DE70A2000F0D3
:101DE000C3FE01210DF1A70001F040FB0C211948B1
:101DF00001F080FB142000F0B7FE67E70A2000F036
:101E0000B3FE1FAB019317AB009303AB27AA07A93F
:101E10000FA801F0B5FF68210FA801F027FB7BE7B1
:101E20000D4B00221146022014F062F874E7FFF710
:101E3000C9FB59E7FFF7C6FB5EE7FFF7C8FB6BE797
:101E4000F803002028A3010800FF030808FF030887
:101E500030040020D004002034A3010810B5047819
:101E60000A2000F081FE2046FFF7E4FE10BD0000CE
:101E700038B50C4640F60973984225D840F64263BF
:101E8000984218D9C0F570600A30FEF78FFF0F49ED
:101E9000FFF794F80146FEF7D5FE4FF07E51FEF7AE
:101EA000D1FE05462046FEF77DFF2946FEF7D2FF0C
:101EB000FFF7D2F938BD0846FEF774FF0449FEF774
:101EC000C9FFFFF7C9F9F5E70846F3E70000484303
:101ED0000000404008B51648164B03604FF08043A1
:101EE000436000238360C360036104224261037680
:101EF000012242768376C26180F820304362836299
:101F000080F82C304FF480510163072141638163D5
:101F100080F83C201C2202644FF480724264836487
:101F2000C36402F001F800B908BD00F083FBFBE7D1
:101F3000441900200024014000B589B00023039318
:101F400004930593069307930268124B9A4202D0BA
:101F500009B05DF804FB4FF0B0431A6E42F4007212
:101F60001A661A6E02F400720292029ADA6C42F059
:101F70000202DA64DB6C03F002030193019B42F27C
:101F8000020303930323049303A9034803F004F912
:101F9000DEE700BF002401400004004808B50268E5
:101FA000074B9A4200D008BD4FF0B042136E23F4A5
:101FB0000073136642F20201024803F0BFF9F2E730
:101FC000002401400004004800B583B04FF0B04346
:101FD0009A6C42F004029A649A6C02F00402019234
:101FE000019A9A6C42F001029A649B6C03F001031F
:101FF0000093009B002211460B2002F0F1FC0B2005
:1020000002F0FEFC002211460C2002F0E9FC0C203C
:1020100002F0F6FC002211460D2002F0E1FC0D203A
:1020200002F0EEFC03B05DF804FB30B108B539B145
:1020300092B213F003FA002008BD6FF0050070475C
:102040006FF00500F8E7000008B502F07BFF78B9F3
:10205000094B9A6942F040429A614CF2FA321A6195
:1020600002F088FF08B9002008BD6FF00400FBE70C
:102070006FF00400F8E700BF0040005870B584B06E
:1020800000230393002839D00E460446FFF7DCFFF7
:10209000054610B1284604B070BD02F053FF80BB66
:1020A0000223009304F178431748D0F8E015174A4B
:1020B00002EA8121B3FBF1FC01FB1C33DB0A019333
:1020C000A11901F178410139D0F8E00502EA802236
:1020D000B1FBF2F002FB1011C3EBD12301330293E9
:1020E00003A9684603F018F818B1022804D06FF06D
:1020F000010502F03FFFCDE70125FAE76FF0050586
:10210000C8E76FF00405C5E70070FF1F00FCFF0380
:102110002DE9F04F8BB004461046049201940291D1
:1021200000220023CDE90823002C00F0BC80002908
:1021300000F0BD8010F0070F40F0BD8014F00703E1
:10214000059340F0BC80FFF77FFF039018B1039820
:102150000BB0BDE8F08F02F0F5FE002840F0B38030
:1021600004F178415A4BD3F8E0355A4A02EA832207
:10217000B1FBF2F302FB1311CB0A0693049BE318A5
:1021800003F17843013BB3FBF2F002FB1032D20AB9
:10219000A2EBD1220132012A0AD9C4F30A04C4F500
:1021A0000063DDF818B0CDF800B09B46079218E048
:1021B000049BF6E76FF003030393039B002B6BD1A3
:1021C000019B5B440193029B5B440293049BA3EB42
:1021D0000B0BBBF5006F28BF4FF4006B009B013366
:1021E0000093069B079A1344009A934254D9009B8C
:1021F00003F58034E402384B1868002849D04FF4C6
:1022000000622146FFF711FF334B1B68019AC2F3AE
:102210000A001FFA8BF20299184413F00FF94FF4D9
:1022200000612046FFF72AFF002838D12A4BD3F857
:1022300000A002F087FE10B16FF004030393059D28
:10224000B5F5006FB9D205EB0A0355F80A6000270F
:10225000CDE908675968DDE90823904641EA03099A
:10226000CDE90889DDE908232146012002F0D0FEEE
:1022700000289FD120686168DDE90823994208BFE2
:10228000904202D108340835DAE76FF00303039374
:1022900093E76FF00503039302F06CFE57E76FF0CE
:1022A00001030393F8E76FF0050303934FE76FF023
:1022B000050303934BE76FF00503039347E76FF0C4
:1022C0000503039343E76FF0040303933FE700BF65
:1022D0000070FF1F00FCFF03A8190020014B1860CD
:1022E00000207047A8190020B0F1006F0ED310B580
:1022F000094BD3F8E045094B03EA842303F100635B
:10230000013B984205D8FFF703FF10BD4FF0FF30A7
:1023100070474FF0FF30F8E70070FF1F00FCFF032D
:10232000B1F1006F0ED310B5094BD3F8E045094B5E
:1023300003EA842303F10063013B994205D8FFF7C8
:1023400074FE10BD4FF0FF3070474FF0FF30F8E7DC
:102350000070FF1F00FCFF032DE9F0418AB000244C
:10236000059406940794089409944FF0B043DA6CEE
:1023700042F00102DA64DA6C02F001020492049A7B
:10238000DA6C42F00202DA64DA6C02F002020392C2
:10239000039ADA6C42F00402DA64DA6C02F00402A6
:1023A0000292029ADA6C42F08002DA64DB6C03F08B
:1023B00080030193019B414E224645F604013046BD
:1023C00003F041F822464FF4F0614FF0904003F0E3
:1023D0003AF8DFF8EC8022460721404603F033F854
:1023E00048F21303059303250695079405A94FF0BA
:1023F000904002F0D1FE48F2F84305930695079409
:1024000005A9304602F0C8FE44F6040305930127EF
:1024100006970794089405A9304602F0BDFE42F2E3
:10242000780305930695079405A9404602F0B4FE8B
:102430004FF4F063059306970794089405A94FF0AD
:10244000904002F0A9FE072305930697079408948D
:1024500005A9404602F0A0FE4FF48053059306976D
:1024600002270797089405A9304602F095FE4023FD
:1024700005934FF444130693079405A94FF0904039
:1024800002F08AFE202305930694079705A94FF0D2
:10249000904002F081FE082305930695079405A954
:1024A000084802F079FE22463946162002F098FAD2
:1024B000162002F0A5FA0AB0BDE8F0810004004839
:1024C00000080048001C004808B51248124B036081
:1024D000124B4360002383600122C26003614361A9
:1024E0008361C361036203F090F950B90021094888
:1024F00003F0B4FB40B90021064803F0DDFB30B91E
:1025000008BD00F097F8F1E700F094F8F3E700F069
:1025100091F8F5E7AC19002000580040885D801064
:1025200010B596B0044600211191129113911491A7
:102530001591382203A814F024FB22681A4B9A4202
:1025400001D016B010BD802303934FF440230993AC
:1025500003A804F0EBF918BB4FF0B044E36C43F070
:102560000103E364E36C03F001030293029B4FF465
:10257000C053119312231293002313931493042333
:10258000159311A94FF0904002F006FEA36D43F49D
:102590008003A365A36D03F480030193019BD0E73F
:1025A00000F048F8D8E700BF0058004008B50268BE
:1025B0000B4B9A4200D008BD4FF0B042936D23F40C
:1025C000800393654FF480514FF0904002F0B6FEC7
:1025D0004FF400614FF0904002F0B0FEEBE700BF17
:1025E0000058004008B5114B00221146022013F09C
:1025F0007FFC00214FF4007001F0AEF907F019FAEA
:1026000007F0CCFC0021022001F0A6F900210120F6
:1026100001F0A2F9064803F05CF900F0BBFC00F001
:10262000C5FC0021102001F097F908BD50A3010856
:10263000AC19002072B6FEE710B59AB0482200210E
:1026400008A814F09EFA00240294039404940594BC
:102650000694079403F05CFB4FF0B042D2F8903040
:1026600023F01803C2F8903002F58062136823F457
:10267000C06343F400731360136803F4C0630193F1
:10268000019B2423089381230B930123109311941E
:10269000B0231293139408A803F0D4FC70B94F230D
:1026A0000293002303930493059306930793022157
:1026B00002A803F0F9FF18B91AB010BDFFF7BAFF6E
:1026C000FFF7B8FF00B5A9B001F0E0FBFFF7B4FFDA
:1026D000FFF742FEFFF778FC08F04CF9FFF7F4FE35
:1026E00000F0D2FA00F02CFB01F0FCF8FFF7B8F98B
:1026F0000024ADF89E40ADF89C40012227A90DF1C1
:102700009E0001F0EBF9FFF76DFF08211FA801F013
:1027100015FB082117A801F011FB0FAD0821284671
:1027200001F00CFB07AE0821304601F007FB104B0F
:1027300022462146022013F0DBFB0196009503ABF5
:1027400005AA17A91FA801F01BFB03A905A801F002
:102750003BFA0823009333462A4617A91FA801F025
:1027600057FAFFF73FFF01F0E7F808F009F9FCE737
:1027700084A3010800B58DB02C22002101A814F01B
:1027800000FA1948194B03601F238360002303617B
:10279000436183614FF08042C26103624FF48073F2
:1027A000436204F0A9FAA8B90F4804F0F3FBA0B9FA
:1027B00000220892029206924FF0005307934FF4C2
:1027C00080730B9301A9084804F008FB40B90DB0D1
:1027D0005DF804FBFFF72EFFE6E7FFF72BFFE7E7C7
:1027E000FFF728FFF3E700BF001A00200028004091
:1027F00010B590B004463822002102A814F0C1F9A7
:1028000022681A4B9A4201D010B010BD4FF48033A9
:1028100002934FF480730F9302A804F087F808BB6B
:102820004FF0B043D3F8902042F40042C3F8902018
:102830009A6D42F480629A659B6D03F48063019304
:10284000019B00221146022002F0CAF8022002F089
:10285000D7F8002202212A2002F0C2F82A2002F032
:10286000CFF8D1E7FFF7E6FEDAE700BF0028004027
:102870007047704708B501F01FFB0120024BC3F8F9
:10288000880003F0A9FA08BD0004005808B501F05B
:102890001AFB08BD08B501F016FB00F0F3FD08BDFA
:1028A00008B501F009FB0121002003F039FA08BD49
:1028B0007047FEE7FEE7FEE7FEE7FEE7704770477A
:1028C0007047704708B5024804F090FB08BD00BF90
:1028D000001A002008B5024802F096FA08BD00BFB1
:1028E000C41B002008B5024802F08EFA08BD00BFE4
:1028F000AC1A002008B5024802F086FA08BD00BFF5
:102900004C1A002008B5402002F0A2FD08BD0000CE
:1029100008B5024805F057F808BD00BF0C1B0020A1
:1029200008B5024805F0B0FD08BD00BF241C00201A
:1029300008B5024804F05AF908BD00BF001A00208B
:1029400008B5024804F006FE08BD00BF381A002092
:1029500008B505480823036004F07EFB00B908BDF4
:10296000FFF768FEFBE700BF381A002000B583B010
:102970004FF0B0435A6E42F001025A665B6E03F0AC
:1029800001030193019B00221146322002F028F836
:10299000322002F035F803B05DF804FB0CB400B54A
:1029A00083B004AB53F8042B019312F091FE03B0F3
:1029B0005DF804EB02B0704730B585B004460D46B3
:1029C00002A812F0AFFDBDF90C300093029B054A3E
:1029D00010212046FFF7E2FF2046FDF721FC28806A
:1029E00005B030BDB0A3010810B54FF0B0429368F8
:1029F00023F40043936013F031F801240D4B1C7055
:102A000000F0BBF813F0F8F90B4813F017FA0B4B72
:102A10004FF400421A61032013F016FA00F05EFE34
:102A200000F0D0F812F0B0FC2146204612F0CCFCA9
:102A300010BD00BF441A0020B9290008004000580A
:102A400008B512F0D7FC08BD08B500F04FFE40F6FF
:102A5000B83398420DD8B0F5E16F0CD3A0F5E16022
:102A6000C0EBC0104000054BA3FB0030C0F3C71003
:102A700000E0FE2008BD0020FCE700BFB5814E1B32
:102A800000B587B0684600F081F80198FEF7BEFBFC
:102A900000B207B05DF804FB38B50446184BD3F814
:102AA0008035B3F1FF3F13D0C3711A0A82711A0C3B
:102AB00042711B0E0371124BD3F88425C270D3F8F8
:102AC00084351A0A82701A0C42701B0E037038BDCE
:102AD00001F000FA054601F009FA054401F000FA98
:102AE0002B0EE3712B0CA3712B0A63712571030E5E
:102AF000E370030CA370030A63702070E7E700BF64
:102B00000070FF1F38B50A4BD3F880350360B3F16E
:102B1000FF3F00D038BD044601F0DCF9054601F066
:102B2000DFF9454001F0E2F945402560F2E700BFDA
:102B30000070FF1F08B50121022012F02FFC08BD14
:102B400008B50021022012F029FC08BD00207047C2
:102B500008B5044B1B780BB9002008BD00F05CFAE7
:102B6000FBE700BF441A002000B583B00190019834
:102B700000F038FB03B05DF804FB08B501F0BCF9C8
:102B800001F0C2F901F0C8F908BD000010B5044613
:102B900000F0CEFD40F30F20FEF708F9054BA360CF
:102BA0006060054B2360054BE360054B236100200B
:102BB00010BD00BF0000484200007A440D093E00ED
:102BC000AB030500002070470120704708B514F0E2
:102BD0002BF8162303604FF0FF3008BD08B54FF007
:102BE000FF31FFF7F3FFFEE770B50C4616460025F0
:102BF00006E0AFF30080214601F8010B01350C46D9
:102C0000B542F6DB304670BD70B50C461646002561
:102C100004E014F8010BAFF300800135B542F8DB96
:102C2000304670BD4FF0FF3070474FF400534B609B
:102C300000207047012070470020704710B5034600
:102C40000C4A0D490D48006840B10C480068034427
:102C5000521A934206D8094A136010BD0748084C1F
:102C60000460F2E713F0E0FF0C2303604FF0FF3045
:102C7000F3E700BF0000012000040000481A002014
:102C8000204900207047000030B585B00023009334
:102C90000193029303932448244A026043608360B3
:102CA0004FF6FF72C26003614361836104F0B4FFB9
:102CB00000282FD11C4804F0DFFF00282DD10A2363
:102CC0000093012301930022029203926946164861
:102CD00005F034F820BB03F01DF90446144B1860CE
:102CE000114B5868134B188080B20130FEF75EF824
:102CF00005462046FEF756F801462846FEF75EF9DF
:102D00000D49FEF7A7F80C49FEF7A4F80B4B186025
:102D100005B030BDFFF78EFCCCE7FFF78BFCCEE7AC
:102D2000FFF788FCD7E700BF581B00200044014094
:102D3000B81B0020B41B002000007A44B01B002008
:102D400030B585B000230093019302930393244888
:102D5000244A02608F22426083604FF6FF72C26095
:102D600003614361836104F057FF00282ED11C48A2
:102D700004F082FF00282CD100220092012301934D
:102D8000029203926946164804F0D8FF20BB03F074
:102D9000C1F80446144B1860114B5868134B188047
:102DA00080B20130FEF702F805462046FDF7FAFF33
:102DB00001462846FEF702F90D49FEF74BF80C498B
:102DC000FEF748F80B4B186005B030BDFFF732FC3A
:102DD000CDE7FFF72FFCCFE7FFF72CFCD7E700BFCD
:102DE0000C1B002000480140AC1B0020A81B002049
:102DF00000007A44A41B002030B58BB004460023A9
:102E0000059306930793089309930368414A9342F5
:102E100004D0414A93423AD00BB030BD4FF0B0439A
:102E20001A6E42F400321A661A6E02F400320292EE
:102E3000029ADA6C42F00202DA64DB6C03F00203FD
:102E40000193019B4FF480750595022306930E2391
:102E5000099305A9314802F09FF93148314B0360CD
:102E60002323436000238360C360802202614561A5
:102E70004FF480628261C361036201F039FE18B9C8
:102E8000274B63629C62C7E7FFF7D4FBF8E74FF07C
:102E9000B0431A6E42F480221A661A6E02F480223F
:102EA0000492049ADA6C42F00202DA64DB6C03F0FA
:102EB00002030393039B4FF40073059302230693CD
:102EC0000E23099305A9154802F066F91648174B19
:102ED00003602523436000238360C3608022026176
:102EE0004FF4807242614FF480628261C361036279
:102EF00001F0FEFD58B90C4B63629C620022012177
:102F00001D2001F06DFD1D2001F07AFD84E7FFF723
:102F100091FBF0E7004401400048014000040048F4
:102F2000AC1A00201C0002404C1A00203000024065
:102F300010B504460368144A934203D0134A9342DF
:102F40000FD010BD4FF0B042136E23F40033136660
:102F50004FF480710E4802F0F1F9606A01F038FE1A
:102F6000EFE74FF0B042136E23F4802313664FF463
:102F70000071074802F0E2F9606A01F029FE1D20A5
:102F800001F042FDDDE700BF004401400048014080
:102F90000004004808B5044804F047FC00B108BD2F
:102FA000014804F078FCFAE7581B002008B50448F3
:102FB00004F03BFC00B108BD014804F06CFCFAE7EA
:102FC0000C1B0020064B986801E0054B9868044BE9
:102FD0009B688342F9D1C043024B1860704700BF21
:102FE00000280040BC1B0020014B1868704700BF40
:102FF000BC1B0020064B986801E0054B9868044B09
:103000009B688342F9D1C043024B1B68C01A7047CA
:1030100000280040BC1B0020074B1B7853B1074B16
:10302000986801E0054B9868044B9B688342F9D18E
:10303000C043704700207047C01B0020002800409C
:103040000320704708B501464FF47A7200238002CE
:10305000890DFEF721F908BDC20E43011B1A62F16A
:103060000002920042EA93729B001B1842F100009A
:10307000C00040EA5370C3F3D51343EA8050704751
:1030800010B5074B0122DA65064C4FF480712046DB
:1030900003F06CFD4FF0FF332363002010BD00BF31
:1030A00000280040001A002008B50246022102480C
:1030B00003F0B1FF08BD00BF001A002038B50F4B68
:1030C0001B780BB1002038BD0D4C4FF0FF35256348
:1030D000FFF750FBFFF7D4FF4FF48071204603F059
:1030E00045FD2563204603F035FF0020FFF7DCFF98
:1030F000FFF768FF014B01221A70E3E7C01B0020B5
:10310000001A002008B502460021024803F083FFA0
:1031100008BD00BF001A002008B502460121024880
:1031200003F079FF08BD00BF001A002010B58CB075
:1031300004462C22002101A813F023FDFFF7A0FF75
:103140000C4B1B681C4400230893E4430294069331
:103150004FF0005307934FF480730B93012201A9A2
:10316000054803F03BFE10B900200CB010BDFFF77E
:1031700061FAF9E7BC1B0020001A002008B5022103
:10318000014803F04FFF08BD001A002038B505467E
:103190000B4B9C6801E00A4B9C68094A9268A2426A
:1031A000F9D1E443FFF7EAFF2346A40A44EA805436
:1031B000C3F30900FFF750FF2880204638BD00BF49
:1031C0000028004008B50021014803F02BFF08BD8E
:1031D000001A002008B50121014803F023FF08BDB3
:1031E000001A002008B5FFF72DFF0C4B996801E08D
:1031F0000A4B9968094B9B688B42F9D109E0074B50
:103200009B68064A92689A42F9D1CB1A984203D930
:1032100000BF024B9B68F4E708BD00BF00280040D8
:1032200008B512F03FFD08BD08B5FFF7A7FF013054
:10323000FFF73AFF08BD000008B51848184B0360B7
:103240004FF4E133436000238360C36003610C22C9
:10325000426183610362436283624FF000534366BD
:1032600006F0E8F870B900210C4806F098FA60B949
:1032700000210A4806F0B8FA50B9084806F06BFA7F
:1032800048B908BDFFF7D6F9EDE7FFF7D3F9EFE747
:10329000FFF7D0F9F1E7FFF7CDF9F2E7241C0020A2
:1032A0000080004030B597B0044600211191129182
:1032B000139114911591382203A813F062FC22682F
:1032C000284B9A4201D017B030BD2023039303A8A6
:1032D00003F02CFB00283ED14FF0B043DA6D42F0F2
:1032E0000102DA65DA6D02F001020292029ADA6CEA
:1032F00042F00102DA64DB6C03F001030193019BED
:103300000C2311930223129300251395149508237F
:10331000159311A94FF0904001F03EFF1248134B56
:1033200003601623436010238360C560802303611C
:1033300045618561C561056201F0DAFB70B90A4B30
:10334000E3679C6200220221262001F049FB26202F
:1033500001F056FBB7E7FFF76DF9BDE7FFF76AF934
:10336000EDE700BF00800040C41B002008000240C1
:1033700002680C4B9A4200D0704710B504464FF0DB
:10338000B042D36D23F00103D3650C214FF0904080
:1033900001F0D4FFE06F01F01BFC262001F034FBAC
:1033A00010BD00BF0080004008B5074B1860FEF755
:1033B0000BFEFFF741FF054AD2F8803043F08053FF
:1033C000C2F88030002008BDBC1C00200008005856
:1033D00008B54FF0B043DA6B42F00102DA63DA6B02
:1033E00022F00102DA630448FFF7C2FF0F2001F068
:1033F0000BFB002008BD00BF241C002008B50A46B6
:103400000146024804F00EFF002008BD241C0020E5
:1034100010B582B0124B18604FF40013009302AB4A
:1034200013E906000F4806F03EF90E4B1B68DA69F7
:1034300012F4803FF9D1DA6912F4800FFBD09A6858
:1034400042F480029A60074C204606F06DF9012292
:103450000549204606F0C0F8002002B010BD00BFAC
:10346000B81C0020241C0020C01C002008B50A46FF
:103470004FF47A730146024805F072FE08BD00BFA2
:10348000241C002008B5044801F032FB00B908BD37
:10349000FFF7D0F8FBE700BFC41B002008B50268A7
:1034A000044B9A4200D008BD034B1B68002098478C
:1034B000F9E700BF00800040BC1C002002680A4BF6
:1034C0009A4200D0704710B50446084B1B682BB1D8
:1034D000D0F8902012B901210548984701220449EB
:1034E000204606F079F810BD00800040B81C00208E
:1034F000C01C002008B50A464FF47A730146024802
:1035000005F09FFE08BD00BF241C00200D48854625
:10351000FFF7B8FB0C480D490D4A002302E0D458D0
:10352000C4500433C4188C42F9D30A4A0A4C00230D
:1035300001E013600432A242FBD313F07BFBFFF7E0
:10354000C1F8FEE70000012000000020D8030020A1
:1035500060BA0108D803002020490020FEE70000DF
:103560002DE9F84306460C46914698461E4800F061
:10357000B1F81E4BB3F8AA704FF6FF739F420CD000
:1035800040F6E44303FB07F7B7FBF0F7278098F812
:10359000000028B9002425460CE040F6E447F5E792
:1035A000FFF7E2FAF6E7484600F094F815FA80F5DE
:1035B0000134E4B298F80110A142F4D811B9012302
:1035C00088F8013098F80130B5FBF3F5ADB207FB90
:1035D00005F5074BA3FB0523ED1A03EB5503DB0AA7
:1035E0003380BDE8F88300BF002000B40075FF1FE2
:1035F000010110002DE9F04180460F4616460121D9
:103600004FF4007000F0A8F90120FFF7ADFA002494
:103610000CE0204606F0FAF92B46114A06EB44016D
:1036200007EB4400FFF79CFF0134E4B2032C0BD8F6
:1036300004EB44054544AB78002BEAD1002327F87E
:10364000143026F81430EFE700214FF4007000F03A
:1036500083F9032006F0DAF906F0EBF9BDE8F08112
:103660002000001430B585B0044600230193029376
:103670000393FEF72FFC164801F08EF8F8B9019479
:1036800000230293039301A9114800F0C7FDC8B9B4
:103690000F4800F085FFC0B90D4C4FF0FF312046B8
:1036A00000F05AFD204601F057F8204600F0B3FD27
:1036B0000546204600F0F0FF284605B030BDFEF775
:1036C000B9FFDCE7FEF7B6FFE2E7FEF7B3FFE3E79B
:1036D0004419002008B5FFF7C5FF08BD014B024A99
:1036E0001A607047441900200024014008B50D48B5
:1036F000FFF7B8FFA0B103460B4AB2F8AA004FF695
:10370000FF72904207D040F6E44202FB00F0B0FBAB
:10371000F3F080B205E00548B0FBF3F080B200E0C2
:10372000002008BD002000B40075FF1FD8084C0021
:1037300010B582B00023ADF80630FFF7D7FF04467E
:103740002148FFF78FFF214BB3F8C820B3F8A8102A
:103750008A421DD000FB04F39B081D48A0FB030315
:10376000C1EB5313642000FB03F3521A93FBF2F3F3
:103770001E331BB2ADF80630BDF806301BB21B027B
:103780001BB2ADF80630BDF8060000B202B010BDA5
:1037900004FB00F00F4BA3FB0023C41A03EB5403FC
:1037A000DB0A4FF47A7202FB03F3A3F53923A3F586
:1037B0000C63094A82FB0312DB17C3EBA2231E33FF
:1037C0001BB2ADF80630D7E7001000B00075FF1F40
:1037D0009F00EE0901011000AD8BDB682DE9F84375
:1037E00080460F462948FFF775FF294BB3F8AA908A
:1037F0004FF6FF73994545D040F6E44303FB09F9C2
:10380000B9FBF0F90121102000F0A6F81420FFF711
:10381000ABF90120FFF75EFF80B209FB00F01D4C01
:10382000A4FB0035401B05EB5005C5F3CF25002157
:10383000102000F091F8184ED6F8083723F0E07306
:1038400043F08073C6F808370120FFF78DF913485D
:10385000FFF740FF80B209FB00F0A4FB0034001B1F
:1038600004EB5004C4F3CF24D6F8083723F0E073F8
:10387000C6F808376D00A8F8005004EB44043C80FB
:10388000BDE8F88340F6E449BCE700BF002000B47F
:103890000075FF1F0101100000200140004000B82A
:1038A00000B587B00023019302930393049305931B
:1038B00001910323029301A901F06EFC07B05DF8AA
:1038C00004FB00B587B00023019302930393049394
:1038D000059301910123029301A901F05DFC07B05A
:1038E0005DF804FB10B582B04FF0B043DA6C42F0E3
:1038F0000202DA64DB6C03F002030193019B074CC4
:103900004FF400612046FFF7DCFF01224FF4006115
:10391000204601F098FD02B010BD00BF0004004831
:1039200008B54FF40061034801F086FD012800D07E
:10393000002008BD0004004810B5064C00224FF4DA
:103940000061204601F07FFD4FF400612046FFF743
:10395000A7FF10BD0004004870B504460D460129BC
:1039600014BF0026012610F0010F24D114F0020F1D
:1039700035D114F0040F49D114F0080F5AD114F0C6
:10398000100F5FD114F0200F70D114F0400F73D1DD
:1039900014F0800F76D114F4807F40F0878014F407
:1039A000007F40F08B80012D00F08E80042149487B
:1039B000FFF776FF70BD32464FF48041454801F075
:1039C00042FD012D05D04FF480414248FFF768FFCA
:1039D000CCE74FF480413F48FFF773FFC6E732461C
:1039E0004FF480614FF0904001F02DFD012D06D085
:1039F0004FF480614FF09040FFF752FFB9E74FF46A
:103A000080614FF09040FFF75CFFB2E732464FF421
:103A10000051304801F017FD012D05D04FF4005141
:103A20002C48FFF73DFFA7E74FF400512948FFF767
:103A300048FFA1E732464FF400714FF0904001F08B
:103A400002FD9CE732464FF48051224801F0FBFC16
:103A5000012D05D04FF480511E48FFF721FF91E75B
:103A60004FF480511B48FFF72CFF8BE732460221B1
:103A7000194801F0E8FC88E732460121164801F0B8
:103A8000E2FC85E732464FF40061124801F0DBFCAE
:103A9000012D05D04FF400610E48FFF701FF7AE7D2
:103AA0004FF400610B48FFF70CFF74E732464FF408
:103AB00080714FF0904001F0C6FC70E7324604215F
:103AC000044801F0C0FC6EE704210248FFF7F9FE4C
:103AD00070E700BF000400480008004870B584B0DB
:103AE00005460C4616460DF10E0103A8FFF776FEBB
:103AF0003EB9BDF80C302B80BDF80E30238004B0E9
:103B000070BD154B00221146022012F0F1F905207C
:103B1000FFF72AF8BDF80C300093104B0022114635
:103B2000022012F0E5F90520FFF71EF8BDF80E306F
:103B300000930B4B00221146022012F0D9F9052008
:103B4000FFF712F8074B00221146022012F0D0F9BD
:103B50006420FFF709F8CCE7BCA30108F8A301082B
:103B600018A4010834A4010838B50C4615460849C4
:103B7000FDF770F9FDF770FB2368E8542368013303
:103B80002360C0F30720E85423680133236038BD65
:103B90000000C84238B50C461546FCF79BFC0022D5
:103BA000084BFCF701FDFCF7D7FF2368E8542368B6
:103BB00001332360C0F30720E854236801332360F6
:103BC00038BD00BF0000244070B584B006460D46E5
:103BD00000240EE036F8143035F8142002920193D8
:103BE0000094094B00221146022012F081F90134A1
:103BF000E4B2032CEED9054B00221146022012F04C
:103C000077F904B070BD00BF48A4010880A4010882
:103C10002DE9F04FA5B082468946089209939DF898
:103C2000B8B000242BE05AF8246059F82470089B9F
:103C300053F824800BAD099B53F82400FCF75CFC7F
:103C4000CDE906014046FCF757FCCDE904013846B2
:103C5000FCF752FCCDE902013046FCF74DFCCDE902
:103C6000000122460849284612F016FF0095074B2E
:103C700000221146022012F03BF90134E4B25C4507
:103C8000D1D325B0BDE8F08FA0A40108F4A40108A9
:103C90002DE9F04F85B00290039192461F46DDF862
:103CA0003890DDF83C80002407E06B6849F8243048
:103CB000AB6848F824300134A4B2544538D204EB40
:103CC000840307EB830517F82330002BEDD003990D
:103CD000029B53F82400FCF7B3FF06461649E86838
:103CE000FDF7B8F8009014492869FDF7B3F8019082
:103CF000D5F804B000993046FDF7ACF84FF07E518E
:103D0000FCF7A0FF01465846FDF7A4F849F8240047
:103D1000AD6801993046FDF79DF84FF07E51FCF7F4
:103D200091FF01462846FDF795F848F82400C2E7C0
:103D300005B0BDE8F08F00BFBD378635002303E036
:103D4000002240F8232001338B42F9D370472DE93C
:103D5000F04180460D4617461E4600240BE006EB58
:103D6000840257F824104FF4237000FB048006F0FF
:103D700093F80134E4B2AC42F1D3BDE8F081000025
:103D80002DE9F04F9BB007468A4690469946259DFF
:103D9000FFF7C6FD0646012828D1DFF8DCB0002475
:103DA0000094249B52463946584606F079FB12ABE4
:103DB0003A4608213148FFF7CAFF02AF08213846CA
:103DC000FFF7BCFF0DF1280A08215046FFF7B6FFA8
:103DD00008212846FFF7B2FFCDF804A000975B4604
:103DE000082227492498FFF753FF31E0FFF77AFDB7
:103DF0000026D2E71AAB03EB840A5AF8600C01469E
:103E0000FCF720FF07465AF8200CFCF775FB18A3B7
:103E1000D3E90023FCF7C8FB00221A4BFCF7EEFCA9
:103E200014F076FFFCF7B8FE01463846FDF712F8AD
:103E3000074645F824005AF8400C0146FCF702FFFB
:103E400001463846FCF7FCFE45F824000134E4B294
:103E5000072CCFD94A4641460B48FFF7CBFB012E32
:103E600002D11BB0BDE8F08FFFF766FDF9E700BF98
:103E7000182D4454FB21094030040020E0040020A8
:103E80000000C84100806640D004002010B5032027
:103E900000F094FD02F0C6F8064B18600F20FEF704
:103EA00055FE10B10124204610BD0446FEF700FD6A
:103EB000F9E700BF080100204FF0E022136923F06A
:103EC0000203136170474FF0E022136943F00203CD
:103ED00013617047014BD3F8900570470070FF1FC6
:103EE000014BD3F8940570470070FF1F014BD3F8C6
:103EF000980570470070FF1F024A536823F00103C2
:103F000053607047002004E0024A536823F0020324
:103F100053607047002004E0024A536823F0040312
:103F200053607047002004E030B583B00023019354
:103F3000002800F004810446836DBBB122689368B9
:103F400013F0805F1FD1936823F0104323F0170311
:103F500043F0805393607B4B1B689B097A4AA2FB1A
:103F600003239B0901335B00019309E0FDF7E4FFA4
:103F70000023E36584F85430E0E7019B013B0193A3
:103F8000019B002BF9D12268936813F0805F40F009
:103F90009880A36D43F01003A365E36D43F0010324
:103FA000E3650120936813F0040300D00123A16DA1
:103FB00011F0100F40F0BC80002B40F0B980A36DD1
:103FC00023F4817343F00203A365936813F0010F98
:103FD0004DD1A368217E43EA8133617E43EAC13338
:103FE000A57E43EA4533216B09B14FF480510B4361
:103FF000E1680B432169002965DB4FF400110B4395
:1040000094F82C1043EA410394F8201001295DD064
:10401000616A21B101F4E071A56A29430B43D568B7
:104020004A4929401943D160636803F04043E26C78
:104030001A4394F83C10012955D021680D69444B6E
:104040002B4013430B616368B3F1404F0FD0B3F1C2
:10405000804F0CD0B3F1004F09D03E49D1F808276A
:1040600022F4701203F470131343C1F80837216867
:10407000636B4A6922F0070213434B612268A16B0C
:10408000536923F0700343EA011353612369002B42
:1040900033D12268936A63F00F03936223685B69EC
:1040A00003F00703626B9A4239D0A36D23F0120329
:1040B00043F01003A365E36D43F00103E3650120C2
:1040C0003BE000206EE721F0004198E715B943F48A
:1040D00080339DE7A16D41F02001A165E16D41F0C4
:1040E0000101E16594E7216C0B43616C0B43A16C0A
:1040F0000B431A4342F001029FE7B3F5001FCDD1F5
:1041000021688B6AE369013B9B0003F01C036FF09D
:104110000F0202FA03F3226E13438B62BEE7002301
:10412000E365A36D23F0030343F00103A36504E0FB
:10413000A36D43F01003A365012003B030BD01203F
:10414000FBE700BF08010020632D3E050102DEFFF2
:1041500002FCFF1F00200140F8B504460D464669E9
:10416000082E05D00368DB6813F0010F1ED104266A
:10417000FEF7EEFC074623681A6832421CD1B5F1FF
:10418000FF3FF8D0FEF7E4FCC31BAB4201D8002D83
:10419000F1D123681B683342EDD1A36D43F00403D2
:1041A000A365002384F85430032028E0836D43F096
:1041B00020038365012022E0A26D42F40072A26513
:1041C000DA6812F4406F15D1A27E9AB91A6812F01B
:1041D000080F0FD09A6812F0040F11D15A6822F01C
:1041E0000C025A60A36D23F4807323F0010343F0A3
:1041F0000103A365207E60B923680C221A60F8BD14
:10420000A36D43F02003A365E36D43F00103E36571
:10421000F0E70020F3E70368186C704770B483B0D0
:1042200000220192046990F85420012A00F00381D1
:104230000346012280F854200268906810F0040FB1
:104240000AD09A6D42F020029A650120002283F87C
:10425000542003B070BC70474868022800F09C806E
:10426000B4F1004F27D0754DAC4224D01C6E00F045
:104270001F000F25854024EA05050C68C4F31106CC
:10428000002E31D1C4F3846484402C431C664C68F6
:10429000A0080130DD69A84213D80D68906A04F0C7
:1042A0001F040F26A64020EA0600C5F38365A5403B
:1042B0002843906205E00C68906AC4F3110420431F
:1042C00090621C680D688A68606920EA052002EA2D
:1042D000052222F07C4222F0FF02024362610A685A
:1042E000002A09DB0020B1E794FAA4F414B1B4FA6F
:1042F00084F4C9E72024C7E75149D1F8080700F042
:10430000E071504CA24207D04F4CA24226D04F4CF5
:10431000A24232D0002099E710F4000FF4D141F40A
:1043200000014748D0F8082722F0E0721143C0F896
:104330000817474A126892094649A1FB02129209DE
:10434000013202EB42029200019202E0019A013A2C
:104350000192019A002AF9D1002077E710F0807FBE
:10436000D5D141F080713648D0F8082722F0E072AC
:104370001143C0F80817002068E710F4800F58D1E7
:1043800041F480022E48D0F8081721F0E0710A436A
:10439000C0F80827002059E7B4F1004F02D02748A1
:1043A000844206D10C68906AC4F3110420EA040028
:1043B00090620A68002A01DB002047E72049D1F813
:1043C00008172048824207D01F48824213D01F4856
:1043D00082421FD0002039E701F0A07100F11040A7
:1043E00000F58830D0F8082722F0E0721143C0F8B9
:1043F000081700202AE701F4400200F1084000F508
:104400006040D0F8081721F0E0710A43C0F808278F
:1044100000201BE701F0C07200F10C4000F5803075
:10442000D0F8081721F0E0710A43C0F808270020EF
:104430000CE700200AE702200BE700BF0400008021
:1044400000200140001000B0004000B8002000B47F
:1044500008010020632D3E0538B503689A6812F004
:10446000040F2AD004469A6812F0020F07D19A6806
:1044700022F0004222F0170242F010029A60FEF78A
:1044800067FB054623689B6813F0040F13D0FEF703
:104490005FFB431B022BF5D923689B6813F0040FC5
:1044A000F0D0A36D43F01003A365E36D43F0010367
:1044B000E365012002E0002000E0002038BD00009C
:1044C00030B583B00023019303689A6812F0010F9E
:1044D0005BD1044699682E4A114217D19A6822F09E
:1044E000004222F0170242F001029A60294BD3F8F1
:1044F000083713F4000F19D0274B1B689B09274A74
:10450000A2FB03239B09013301930CE0836D43F06D
:1045100010038365C36D43F00103C365012035E0DB
:10452000019B013B0193019B002BF9D1637E012B81
:1045300001D100202AE0FEF70BFB054623681A682C
:1045400012F0010F1FD19A6812F0010F07D19A687B
:1045500022F0004222F0170242F001029A60FEF7B8
:10456000F7FA401B0228E9D923681B6813F0010FF2
:10457000E4D1A36D43F01003A365E36D43F00103A1
:10458000E365012002E0002000E0002003B030BD20
:10459000170000800020014008010020632D3E0527
:1045A00003689B6813F0040F28D110B5044690F8F7
:1045B0005430012B24D0012380F85430FFF780FFC2
:1045C000C0B9A36D23F4706323F0010343F4807337
:1045D000A3650023E36522681C21116084F8543030
:1045E0002268936823F0004323F0170343F0040389
:1045F000936010BD002384F85430FAE7022070471E
:104600000220F6E738B504460268936813F0020307
:1046100000D00123916811F0010F39D0002B39D15E
:10462000936803F00503012B09D0A36D43F0100339
:10463000A365E36D43F00103E365012029E093687E
:1046400023F0004323F0170343F002039360236831
:1046500003221A60FEF77CFA054623689B6813F074
:10466000010F13D0FEF774FA401B0228F5D9236816
:104670009B6813F0010FF0D0A36D43F01003A36506
:10468000E36D43F00103E365012002E0002000E058
:10469000002038BD0020FCE770B5002856D0044645
:1046A000836D43F002038365FFF7D6FE06460028BC
:1046B0003DD02268536823F4677323F003035360EB
:1046C000236840F29F321A602268D168204B0B4069
:1046D000D3602268536923F00703536123689A6A01
:1046E00000259D622268136A03F0F023136222689A
:1046F000536A03F0F02353622268D36A03F0F02375
:10470000D3622268136923F040431361114AD2F83F
:10471000083723F0FE73C2F808372046FDF73EFC49
:104720002566E565A56584F85450304670BD204681
:10473000FFF768FF064608B90123A365226893685E
:1047400023F0104323F017039360B2E70126ECE750
:1047500000021E830020014090F85430012B19D034
:1047600010B50446012380F85430FFF775FE18B1E8
:10477000002384F8543010BD2046FFF743FF002883
:10478000F6D1A36D23F4807323F0010343F00103FA
:10479000A365EDE702207047F0B583B000230193D5
:1047A00090F85430012B00F0B0800446012380F8CB
:1047B0005430FFF727FF054623689A6812F001027C
:1047C00009D0A36D43F01003A365002384F854308F
:1047D000284603B0F0BDA16D21F4817141F00201C2
:1047E000A165DE6826F4FF4626F07C063604360C0A
:1047F000D96821F4004121F00301D960104605E099
:10480000D3F8B43003F07F0318440132072A1ED8CE
:1048100021688B6823F0004323F0170343F0004323
:104820008B60236899680029EADA019B01330193C0
:10483000019BB3F52E3FF4D3A36D23F0120343F095
:104840001003A365002384F854300125C0E7B0FBB2
:10485000F2F221688B6823F0004323F0170343F042
:1048600001038B6021680B69B3F1804F17D2284B8D
:10487000D3F8083703F47013B3F5E01F0FD39B0C84
:10488000033B012000FA03F30093009BC340009315
:1048900002E0009B013B0093009B002BF9D1D1F873
:1048A000B43023F07F031A43C1F8B4202268936820
:1048B00023F0004323F0170343F002039360FEF755
:1048C00047F9074623689A6812F0010F09D1DA68A0
:1048D0003243DA60A36D23F0030343F00103A365C1
:1048E00073E7FEF735F9C31B022BEBD923689B68EE
:1048F00013F0010FE6D0A36D43F01003A365E36D41
:1049000043F00103E365012562E7022560E700BF8C
:1049100000200140002807DB00F01F0240090123AE
:104920009340024A42F82030704700BF00E100E0A7
:1049300000280CDB00F01F024009012393402030C7
:10494000034A42F82030BFF34F8FBFF36F8F704799
:1049500000E100E0002808DB0901C9B200F1604075
:1049600000F5614080F80013704700F00F00090166
:10497000C9B2014B1954704714ED00E000B500F0C6
:104980000700C0F1070CBCF1040F28BF4FF0040C66
:10499000031D062B0FD9C31E4FF0FF3E0EFA0CF07D
:1049A00021EA000199400EFA03FE22EA0E0241EAD2
:1049B00002005DF804FB0023EEE70000074AD3681D
:1049C00023F4E0631B041B0C000200F4E0600343CB
:1049D00043F0BF6343F40033D360704700ED00E061
:1049E00010B50446054BD868C0F30220FFF7C6FF98
:1049F00001462046FFF7AEFF10BD00BF00ED00E00E
:104A000008B5FFF787FF08BD08B5FFF791FF08BDA0
:104A100010B4C46CD0F850C0C4F804C0446D24B1C4
:104A2000846DD0F85CC0C4F804C0446C04F01C0C65
:104A3000012404FA0CF4D0F840C0CCF80440046817
:104A400063608368102B05D0036899600368DA609F
:104A500010BC704703689A600368D960F8E70000EB
:104A60000368144A934216D8426C22F0030202F102
:104A7000804202F502328264DBB2083B0E4AA2FB9E
:104A800003231B090D4AC26403F01F03012202FA2B
:104A900003F303657047426C22F00301084A0A449D
:104AA0008264DBB2083B044AA2FB03231B090733E1
:104AB000E8E700BF07040240CDCCCCCC8008024020
:104AC0001C080240436803F07F03074A1A4492001F
:104AD0004265064A8265013B03F00303012202FAA4
:104AE00003F3C365704700BF3F82001040090240D6
:104AF00000285ED010B5044603682F4A934240D880
:104B00002E4A1A442E49A1FB021212099200426455
:104B10002C4A0264022284F825201A686FF30E12D0
:104B20001A6021680A68A368E068034320690343A8
:104B300060690343A0690343E0690343206A0343B8
:104B400013430B602046FFF78BFFA368B3F5804F3C
:104B500022D06368A26C03F07F031360E36C226DC4
:104B60005A606368013B032B19D900236365A36571
:104B7000E3650020E063012384F8253084F82400F5
:104B800010BD114A1A440E49A1FB021212099200EB
:104B900042640E4A0264BDE700236360D9E7204601
:104BA000FFF790FF636D00221A60A36DE26D5A60FB
:104BB000DFE70120704700BF07040240F8FFFDBF98
:104BC000CDCCCCCC00000240F8FBFDBF000402407D
:104BD00000284BD038B504460268136823F001035F
:104BE00013600268224B9A422CD8224B134422496C
:104BF000A1FB03131B099B004364204B03640025A6
:104C00001560636C03F01C02216C012393404B6020
:104C10002046FFF725FFA36C1D60E36C226D5A60F0
:104C20006368013B032B18D900206065A065E0652F
:104C3000E06220636063A063E06384F8250084F889
:104C4000240038BD0E4B13440B49A1FB03131B0971
:104C50009B0043640B4B0364D1E72046FFF732FF10
:104C6000636D1D60A36DE26D5A60DDE70120704742
:104C700007040240F8FFFDBFCDCCCCCC00000240C1
:104C8000F8FBFDBF0004024038B5044690F824004C
:104C9000012843D0012084F8240094F82500C0B2F4
:104CA000012806D08023E363002384F82430012008
:104CB00038BD022084F825000020E06325682868BC
:104CC00020F0010028602046FFF7A2FE236BD3B13D
:104CD0002268136843F00E031360A36C1A6812F481
:104CE000803F03D01A6842F480721A60636D1BB172
:104CF0001A6842F480721A602268136843F0010354
:104D000013600020D4E72268136823F004031360C3
:104D10002268136843F00A031360DEE70220C7E746
:104D20000346002834D090F82520D2B2022A06D0BB
:104D30000422C263002280F8242001207047016809
:104D40000A6822F001020A6001680A6822F00E0275
:104D50000A60816C0A6822F480720A60426C02F078
:104D60001C01006C01228A404260DA6C196D5160AE
:104D70005A6D32B1116821F4807111609A6DD96D4C
:104D80005160012283F82520002083F82400704719
:104D90000120704708B590F82530DBB2022B03D014
:104DA0000423C363012008BD0268136823F00103D4
:104DB00013600268136823F00E031360826C13689B
:104DC00023F480731360436C03F01C02016C012315
:104DD00093404B60C36C026D5A60436D33B11A68E7
:104DE00022F480721A60836DC26D5A60012380F8CC
:104DF0002530002380F82430836B13B198470020BE
:104E0000D1E70020CFE7000038B5036C19680468CB
:104E10002568436C03F01C0304229A400A4215D013
:104E200015F0040F12D0236813F0200F03D123686C
:104E300023F004032360436C03F01C02016C042381
:104E400093404B60036B03B1984738BD02229A40F0
:104E50000A4228D015F0020F25D0236813F0200F46
:104E600006D1236823F00A032360012380F825304C
:104E700002681C4B9A420ED9436C03F01C020223B9
:104E80009340194A5360002380F82430C36A002BF2
:104E9000DBD09847D9E7436C03F01C020223934010
:104EA000124A5360EFE7082202FA03F30B42CCD018
:104EB00015F0080FC9D0236823F00E032360436C5C
:104EC00003F01C03016C012202FA03F34B60C2637E
:104ED00080F82520002380F82430436B002BB4D0C9
:104EE0009847B2E780000240000402400000024000
:104EF00010B4054C616941F0010161610260BFF3CA
:104F00006F8F436010BC7047004000580C4A5369D3
:104F100043F480235361EFF3108C72B6402351F8B1
:104F2000042B40F8042B013B13F0FF03F7D1044B93
:104F30001B6913F4803FFAD18CF31088704700BFCF
:104F400000400058094B5B69002B01DB00207047D3
:104F5000064B074A9A6002F188329A605B69002B1F
:104F600001DB002070470120704700BF004000585F
:104F700023016745054B5A6942F000425A615B695B
:104F8000002B01DB012070470020704700400058D3
:104F900038B50546FDF7DCFD04461B4B1B6913F4D1
:104FA000803F06D0FDF7D4FD001BA842F5D30320B7
:104FB00038BD154B1B6913F0010F15D123F4705345
:104FC00023F005031B041B0C0BB10F4A1361ABB993
:104FD0000D4B1B6913F4802F14D0FDF7B9FD001B96
:104FE000A842F5D30320E3E7074A0121116123F426
:104FF000705323F005031B041B0CE5E7034A5360C1
:105000000120D5E70020D3E700400058C41C002051
:10501000F8B51F46154B1B78012B25D004460D46CD
:105020001646124B01221A7000225A604FF47A7011
:10503000FFF7AEFF70B9012C10D031462846FFF7BC
:1050400065FF4FF47A70FFF7A3FF094A536923EA1B
:1050500004035361054B00221A70F8BD32463B46EB
:105060002846FFF745FFECE70220F6E7C41C0020C6
:1050700000400058034A536943F4803343F004036B
:105080005361704700400058164B1B6813F4007FB3
:1050900010D0144B1A6822F400721A601A6842F495
:1050A00000621A601A6822F400621A601A6842F4F8
:1050B00000721A600B4B1B6813F4806F10D0094B01
:1050C0001A6822F480621A601A6842F480521A60E8
:1050D0001A6822F480521A601A6842F480621A60D8
:1050E000704700BF00400058034A536923F47E73A1
:1050F00023F002035361704700400058054A53698A
:1051000023F47E7343EAC00040F4803040F0020094
:105110005061704700400058F8B51E4B1B78012BBA
:1051200035D005460F461B4B01221A7000225A60EB
:105130004FF47A70FFF72CFF064618BB2B68042B40
:1051400013D04FF0FF333B606C686B68AA68134460
:10515000A34213D92046FFF7D1FF4FF47A70FFF72F
:1051600017FF064648B90134EFE7FFF783FF4FF416
:105170007A70FFF70DFF064602E03C60FFF7B4FFD0
:10518000FFF782FF034B00221A703046F8BD02265B
:10519000FBE700BFC41C002070B5002369E08568F0
:1051A0005E000324B44025EA0405CC68B4402C43D7
:1051B0008460456825EA0C054C68C4F300149C40E3
:1051C0002C43446066E0DD08083550F8254003F0C4
:1051D000070C4FEA8C0C4FF00F0E0EFA0CFE24EA6F
:1051E0000E0E0C6904FA0CF444EA0E0440F8254053
:1051F00067E0022400E0002404FA0EF42C430CF1D2
:10520000020C4B4D45F82C404A4C2568D44325EA06
:105210000206D1F804C01CF4801F01D042EA050642
:10522000444D2E606D6804EA0506D1F804C01CF4F4
:10523000001F01D042EA05063E4D6E60D5F8805051
:1052400004EA0506D1F804C01CF4803F01D042EA0C
:105250000506384DC5F88060D5F884502C404E685E
:1052600016F4003F01D042EA0504324AC2F88440F5
:1052700001330A6832FA03F458D04FF0010C0CFAEB
:1052800003FC1CEA0202F3D04C6804F00304013C66
:10529000012C84D94C6804F00304032C0CD0C4689E
:1052A0005D004FF0030C0CFA05FC24EA0C0C8C6832
:1052B000AC4044EA0C04C4604C6804F00304022CC3
:1052C00081D004684FEA430E4FF0030C0CFA0EFC39
:1052D00024EA0C0C4C6804F0030404FA0EF444EACB
:1052E0000C0404604C6814F4403FC1D04FEA930CA6
:1052F0000CF102050E4C54F8255003F0030E4FEA52
:105300008E0E072404FA0EF425EA0405B0F1904F3E
:105310003FF471AF084CA04206D004F58064A0426F
:105320003FF467AF072467E7012465E770BD00BF5E
:10533000000001400008005800040048002331FA32
:1053400003F271D0F0B52EE0022500E0002505FA49
:105350000CF5A54249D004685D004FF0030C0CFA2F
:1053600005FC44EA0C0404604FEAD30E0EF1080E6B
:1053700050F82E4003F00706B6000F25B54024EA8A
:10538000050440F82E40846824EA0C0484604468D4
:1053900024EA02024260C26822EA0C02C2600133BF
:1053A00031FA03F23FD001229A4012EA0107F6D007
:1053B0009E08B51C1D4C54F8254003F0030C4FEA21
:1053C0008C0C4FF0070E0EFA0CFE0EEA0404B0F13E
:1053D000904FBBD0164DA84205D005F58065A84278
:1053E000B2D00725B3E70125B1E7124CD4F88050BD
:1053F00025EA0705C4F88050D4F8845025EA07054B
:10540000C4F88450256825EA07052560656825EA03
:1054100007056560054D023655F8264024EA0E045E
:1054200045F8264097E7F0BD704700BF00000140F7
:1054300000040048000800580369194201D0012007
:105440007047002070470AB18161704781627047E0
:1054500008B5054BDB68034200D108BD024BD8609C
:1054600005F05EFEF9E700BF0008005803689A697E
:1054700012F0020F01D000229A6203689A6912F0BA
:10548000010F03D19A6942F001029A61704710B48A
:10549000019CC1F3090141EA02411943214321F072
:1054A000004102685368640D04F4806444F07F7422
:1054B00044F4583444F47F7444F0030423EA0403AE
:1054C0000B43536010BC70472DE9F041044603685C
:1054D0009E6916F010067CD00D4690461022DA61C7
:1054E000002637462368986910F0200F30D17FBB23
:1054F000B5F1FF3FF6D0FDF72BFBA0EB0800A8426B
:1055000001D8002DEED121684B6803F4804394F854
:105510004220D2B2886910F4004F02D00BB9202A81
:105520000ED123689B6913F0200FDBD1FDF710FB30
:10553000A0EB08001928F4D946F020060127D1E78E
:105540004B6843F480434B60FDF702FB8046E8E77D
:105550000FB92022DA6146F004060125226893691A
:1055600013F4807F05D046F001064FF48071D161BD
:10557000012513F4806F06D046F0080622684FF428
:105580008061D161012513F4007F24D046F002062A
:1055900023684FF40072DA6101252046FFF766FFA9
:1055A0002268536823F0FF7323F48B3323F4FF73D3
:1055B00023F001035360636C33436364202384F856
:1055C0004130002384F8423084F840302846BDE85A
:1055D000F0810025C2E7002DF8D0DEE770B5044663
:1055E0000D46164623689B6913F0020F22D13246FE
:1055F00029462046FFF768FFF0B9B5F1FF3FF1D02B
:10560000FDF7A6FA801BA84201D8002DEAD1236835
:105610009B6913F0020FE5D1636C43F020036364D0
:10562000202384F84130002384F8423084F840304D
:10563000012000E0002070BD0120FCE72DE9F843C7
:105640000546884617461E46DDF820902B689C6963
:1056500038EA04040CBF01230023BB4227D14A4689
:1056600031462846FFF730FF20BBB6F1FF3FEDD0B3
:10567000FDF76EFAA0EB0900B04201D8002EE5D18B
:105680002B689B6938EA03030CBF01230023BB424C
:10569000DCD16B6C43F020036B64202385F8413030
:1056A000002385F8423085F84030012000E00020DA
:1056B000BDE8F8830120FBE72DE9F04182B0044604
:1056C00090461D46089E099F194B00934FF080732A
:1056D000EAB2FFF7DCFE3A4631462046FFF77EFF8E
:1056E000F8B9012D0ED123685FFA88F29A6200970B
:1056F0003346002280212046FFF7A0FFA8B902B060
:10570000BDE8F08123684FEA18229A623A46314692
:105710002046FFF763FF30B923685FFA88F29A6288
:10572000E5E70120EBE70120E9E70120E7E700BF1B
:10573000002000802DE9F04182B0044690461D46CD
:10574000089E099F184B00930023EAB2FFF79FFEC3
:105750003A4631462046FFF741FFF8B9012D0ED1F8
:1057600023685FFA88F29A6200973346002240214C
:105770002046FFF763FFA8B902B0BDE8F0812368B7
:105780004FEA18229A623A4631462046FFF726FF32
:1057900030B923685FFA88F29A62E5E70120EBE707
:1057A0000120E9E70120E7E70020008070B504460A
:1057B0000D46164604E023689B6913F0200F12D0B3
:1057C00023689B6913F0200F1BD1324629462046DF
:1057D000FFF77AFEB8B9FDF7BBF9801BA842EAD8FB
:1057E000002DEDD1E7E7636C43F0200363642023D1
:1057F00084F84130002384F8423084F8403001209E
:1058000000E0002070BD0120FCE700285FD010B54B
:10581000044690F84130002B48D0242384F84130CE
:105820002268136823F0010313606368226823F081
:10583000706313612268936823F400439360E36804
:10584000012B38D0A368226843F404439360E368D3
:10585000022B36D02268536823F400635360226819
:10586000536843F0007343F4004353602268D368E5
:1058700023F40043D360236962691343A16922685A
:1058800043EA0123D360E369216A22680B43136072
:105890002268136843F00103136000206064202332
:1058A00084F84130206384F8420010BD80F8403015
:1058B000FCF736FEB1E7A368226843F40043936027
:1058C000C5E72268536843F400635360C7E70120CB
:1058D0007047A8B110B50446242380F8413002680F
:1058E000136823F001031360FCF760FE002060647E
:1058F00084F84100206384F8420084F8400010BD21
:10590000012070472DE9F04F83B00E46BDF834A05A
:105910000E9D90F84110C9B2202940F0BB8004468A
:10592000904699460C9BCBB1BAF1000F16D090F877
:105930004030012B00F0B2804FF0010B80F840B0F6
:10594000FDF706F90746009019235A464FF4004127
:105950002046FFF773FE30B101209CE04FF4007346
:105960006364012097E0212384F84130402384F8C8
:105970004230002363640C9A6262A4F82AA0636335
:10598000019700954B46424631462046FFF794FE6C
:1059900070B9638D9BB2FF2B0FD9FF2222850023A4
:1059A00000934FF0807331462046FFF770FD21E0F1
:1059B000002384F8403058466DE0628D92B2228513
:1059C000002300934FF00073D2B231462046FFF718
:1059D0005EFD0FE0628D92B22285002300934FF0AE
:1059E0000073D2B231462046FFF751FD638D9BB262
:1059F000002B33D03A4629462046FFF7EFFD00281A
:105A00004ED1626A236812789A62636A01336362D4
:105A1000638D9BB2013B9BB26385238D013B9BB29F
:105A20002385628D92B2002AE0D0002BDED1009750
:105A30002B46002280212046FFF700FE90BB638D9D
:105A40009BB2FF2BC6D9FF222285002300934FF083
:105A5000807331462046FFF71AFDC7E73A462946CC
:105A60002046FFF7A3FEF8B923682022DA612168F7
:105A70004B6823F0FF7323F48B3323F4FF7323F07D
:105A800001034B6084F84120002384F8423084F8FD
:105A9000403000E0022003B0BDE8F08F0220FAE7BA
:105AA0000120F8E70120F6E70120F4E72DE9F04FA7
:105AB00083B00E46BDF834A00E9D90F84110C9B2D7
:105AC000202940F0BC800446904699460C9BCBB1FF
:105AD000BAF1000F16D090F84030012B00F0B380DF
:105AE0004FF0010B80F840B0FDF732F80746009008
:105AF00019235A464FF400412046FFF79FFD30B16D
:105B000001209DE04FF400736364012098E022239C
:105B100084F84130402384F84230002363640C9AB7
:105B20006262A4F82AA06363019700954B4642463F
:105B300031462046FFF7FEFD70B9638D9BB2FF2B07
:105B40000FD9FF222285444B00934FF080733146DA
:105B50002046FFF79CFC21E0002384F840305846A3
:105B60006EE0628D92B222853B4B00934FF0007342
:105B7000D2B231462046FFF78AFC0FE0628D92B226
:105B80002285002300934FF00073D2B231462046A5
:105B9000FFF77DFC638D9BB2002B34D000972B4622
:105BA000002204212046FFF749FD00284DD123683B
:105BB0005A6A636A1A70636A01336362228D013A1A
:105BC00092B22285638D9BB2013B9BB26385638D4C
:105BD0009BB2002BDED0002ADCD100972B4680211F
:105BE0002046FFF72BFD90BB638D9BB2FF2BC5D9E1
:105BF000FF222285002300934FF080733146204618
:105C0000FFF745FCC6E73A4629462046FFF7CEFD9A
:105C1000F8B923682022DA6121684B6823F0FF730A
:105C200023F48B3323F4FF7323F001034B6084F8D8
:105C30004120002384F8423084F8403000E0022004
:105C400003B0BDE8F08F0220FAE70120F8E7012059
:105C5000F6E70120F4E700BF00240080034690F837
:105C60004120D2B2202A23D190F84020012A21D00D
:105C7000012280F84020242280F841200068026838
:105C800022F0010202601868026822F48052026069
:105C9000186802681143016019680A6842F001023D
:105CA0000A60202283F84120002083F840007047DA
:105CB0000220704702207047034690F84120D2B27C
:105CC000202A21D190F84020012A1FD0012280F8FB
:105CD0004020242280F841200068026822F001025E
:105CE00002601868026822F4706242EA01220260CF
:105CF00019680A6842F001020A60202283F84120F4
:105D0000002083F84000704702207047022070474F
:105D1000024A136843F4807313607047000400580C
:105D200010B50C46A0B90F4B5B6913F4007F0AD184
:105D30000D4A136923F004031361012C10D040BFF6
:105D400020BF20BF10BD00F021F80028F0D0F9E7F7
:105D5000044B5B6913F4007FEAD100F00FF8E7E72A
:105D600030BFEFE70004005800ED00E0024B186878
:105D700000F4C060704700BF00040058024A136876
:105D800043F4804313607047000400580F4A1368BF
:105D900023F4804313600E4B1B68322202FB03F393
:105DA0000C4AA2FB03239B0C00E0013B074A52690B
:105DB00012F4007F01D0002BF7D1044B5B6913F480
:105DC000007F01D100207047032070470004005875
:105DD0000801002083DE1B430C4A136823F00703ED
:105DE00043F0020313600A4A136943F0040313618A
:105DF000012808D040BF20BF20BF054A136923F007
:105E000004031361704730BFF7E700BF0004005878
:105E100000ED00E030B589B004468C462A4B93E88B
:105E200003000690ADF81C1003F1080292E803008D
:105E30000490ADF8141001AD103393E8070085E825
:105E40000700BCF5007F07D0002314E008AA02EB8E
:105E5000830353F81C5C1EE00023022B08D808AA19
:105E600002EB430232F8082CA242EFD20133F4E7EE
:105E7000002510E00133022B0CD808AA02EB4302E4
:105E800032F8102CA242F5D308AA02EB830353F890
:105E90001C5C00E000250D4A136823F007032B4328
:105EA0001360FCF755FE0446084B1B6803F007031C
:105EB000AB4206D0FCF74CFE001B0228F4D90320AD
:105EC00000E0002009B030BD609E0108004000588D
:105ED00010B5C0F303100C4B53F820404FF0B04303
:105EE000D3F8083103F00F03084A52F82330B4FB0B
:105EF000F3F4FFF73BFF0146054BA3FB0434A00C72
:105F0000FFF788FF10BD00BF34AE010894AE010852
:105F100083DE1B434FF0B0439968DB6803F0030353
:105F200011F00C010AD00C2906D0042947D0082909
:105F30003BD00022104626E0012BF6D14FF0B043B3
:105F40001B6813F008030DD04FF0B0431B6813F02B
:105F5000080324D14FF0B042D2F894202E4A52F8D0
:105F600023200EE04FF0B042126812F0080F12D159
:105F70004FF0B043D3F89430C3F30323264A52F8CA
:105F80002320D1B100204FF0B0439B6803F00C03F5
:105F90000C2B1AD070474FF0B0421268EEE74FF06A
:105FA000B0431B68C3F30313D8E74FF0B0431A683C
:105FB00012F4801206D11948E5E71046E3E7002203
:105FC0001748E0E700221648DDE74FF0B043DB68F2
:105FD00003F00303022B09D0032B08D14FF0B04389
:105FE0001B6813F4801F15D10C4A00E00C4A4FF0D7
:105FF000B041CB68C3F3062303FB02F2CB68C3F3C3
:1060000002130133B2FBF3F2C868400F0130B2FB58
:10601000F0F0BFE7024AEAE734AE01080048E801C1
:106020000024F40008B5FFF775FF4FF0B0439B68FC
:10603000C3F30313024A52F82330B0FBF3F008BD58
:1060400094AE0108002800F01183F8B504464FF023
:10605000B0439D6805F00C05DE6806F00306036892
:1060600013F0200F2AD0002D65D00C2D61D0236AAB
:10607000002B00F0BF804FF0B042136843F00103E3
:106080001360FCF765FD07464FF0B0431B6813F043
:10609000020F00F0A7804FF0B0431A6842F00802E8
:1060A0001A601A6822F0F002A16A0A431A60616A53
:1060B0005A6822F47F4242EA01225A60236813F0B0
:1060C000010F00F0B580082D00F0AE800C2D00F01F
:1060D000A8804FF0B042136823F48013A1680B43EB
:1060E00013606368B3F5803F00F0C480B3F5041F0C
:1060F00000F0C5804FF0B0431A6822F480321A6075
:106100001A6822F400121A606368002B00F0C28043
:10611000FCF71EFD07464FF0B0431B6813F4003F29
:1061200040F08680FCF714FDC01B6428F3D90320DF
:10613000A9E2012E9BD1236A002B00F09982A06A6C
:106140004FF0B0431B6813F0080F29D04FF0B04355
:106150001B6803F0F00398422AD9FFF7B9FE002824
:1061600040F088824FF0B0431A6842F008021A608B
:106170001A6822F0F002A16A0A431A60616A5A683A
:1061800022F47F4242EA01225A60FFF74BFFBA4BEA
:106190001860BA4B1868FCF7D9FC00288ED072E260
:1061A0004FF0B043D3F894301B0903F0F003D2E76B
:1061B0004FF0B0431A6842F008021A601A6822F0E1
:1061C000F002A16A0A431A60616A5A6822F47F42A7
:1061D00042EA01225A60A06AFFF77AFE0028D4D072
:1061E000012050E2FCF7B4FCC01B02287FF64CAF44
:1061F000032048E24FF0B042136823F0010313601C
:10620000FCF7A6FC07464FF0B0431B6813F0020FE3
:106210003FF454AFFCF79CFCC01B0228F3D90320C9
:1062200031E2032E7FF455AF6368002B00F0248227
:10623000236813F0020F56D0042D3DD00C2D39D019
:106240002369002B00F08A804FF0B042136843F4BA
:1062500080731360FCF77CFC06464FF0B0431B686C
:1062600013F4806F36D1FCF773FC801B0228F4D93D
:10627000032008E2136843F48033136044E74FF0CF
:10628000B0431A6842F400121A601A6842F480326D
:106290001A6039E7FCF75CFC07464FF0B0431B6817
:1062A00013F4003FC4D0FCF753FCC01B6428F4D99E
:1062B0000320E8E1022EC3D12369002B00F0DE8128
:1062C00061694FF0B042536823F0FE4343EA016333
:1062D000536008E061694FF0B042536823F0FE4319
:1062E00043EA01635360236813F0080F7ED0A3696B
:1062F000002B62D04FF0B043D3F89430E16903F043
:106300001002914211D003F00302022A00F0B8817A
:1063100013F0010F38D14FF0B042D2F8943023F08F
:106320001003E1690B43C2F894304FF0B042D2F849
:10633000943043F00103C2F89430FCF709FC0646A0
:106340004FF0B043D3F8943013F0020F4ED1FCF766
:10635000FFFB801B1128F3D9032094E14FF0B042DA
:10636000136823F480731360FCF7F2FB06464FF0CA
:10637000B0431B6813F4806FB5D0FCF7E9FB801BBA
:106380000228F4D903207EE14FF0B042D2F89430D5
:1063900023F00103C2F89430FCF7DAFB06464FF015
:1063A000B043D3F8943013F0020FB4D0FCF7D0FB15
:1063B000801B1128F3D9032065E14FF0B042D2F8D9
:1063C000943023F00103C2F89430FCF7C1FB064679
:1063D0004FF0B043D3F8943013F0020F06D0FCF71F
:1063E000B7FB801B1128F3D903204CE1236813F07D
:1063F000040F00F0B880224B1B6813F4807F10D18B
:10640000FFF786FCFCF7A4FB06461D4B1B6813F444
:10641000807F06D1FCF79CFB801B0228F5D9032066
:1064200031E1E368002B68D0852B01D0052B07D123
:106430004FF0B042D2F8903043F00403C2F89030ED
:10644000FCF786FB06464FF0B042D2F8903043F09E
:106450000103C2F890304FF0B043D3F8903013F0FE
:10646000020F0FD1FCF774FB801B41F28833984276
:10647000F1D9032007E100BF080100200C01002032
:1064800000040058E368812B01D0852B1AD1FCF75A
:106490005FFB06464FF0B042D2F8903043F08003E5
:1064A000C2F890304FF0B043D3F8903013F4006F3F
:1064B00059D1FCF74DFB801B41F288339842F1D94A
:1064C0000320E0E0FCF744FB06464FF0B042D2F870
:1064D000903023F08003C2F890304FF0B043D3F8EF
:1064E000903013F4006F3ED0FCF732FB801B41F27A
:1064F00088339842F1D90320C5E0FCF729FB064612
:106500004FF0B042D2F8903023F08003C2F89030C0
:106510004FF0B043D3F8903013F4006F08D0FCF77D
:1065200017FB801B41F288339842F1D90320AAE07F
:10653000FCF70EFB06464FF0B042D2F8903023F045
:106540000103C2F890304FF0B043D3F8903013F00D
:10655000020F08D0FCF7FCFA801B41F28833984206
:10656000F1D903208FE0E36A002B00F08B800C2D23
:1065700060D0022B16D04FF0B042136823F0807326
:106580001360FCF7E5FA04464FF0B0431B6813F0C4
:10659000007F48D14FF0B042D168414B0B40D360EF
:1065A000002070E04FF0B042136823F08073136056
:1065B000FCF7CEFA05464FF0B0431B6813F0007F9E
:1065C0002AD14FF0B042D36836491940236B606B33
:1065D0000343A06B43EA0023E06B0343206C0343B7
:1065E000606C03431943D160136843F080731360F8
:1065F000D36843F08053D360FCF7AAFA04464FF007
:10660000B0431B6813F0007F3ED1FCF7A1FA001BDA
:106610000A28F4D9032036E0FCF79AFA401B0A282E
:10662000C9D903202FE0FCF793FA001B0A28ABD945
:10663000032028E0012B29D04FF0B043DB6803F0A2
:106640000301226B914223D103F07002616B8A42F5
:1066500020D103F4FE42A16BB2EB012F1CD103F059
:106660006043626C934219D100200CE00120704716
:10667000012008E0012006E0012004E0012002E002
:10668000012000E00020F8BD0020FCE70120FAE72F
:106690000120F8E70120F6E70120F4E70120F2E706
:1066A000FCFFFEEE8C80C111002800F0048170B563
:1066B0000C460546824B1B6803F007038B4227D329
:1066C0002B6813F0020F39D12B6813F0400F4DD116
:1066D0002B6813F0040F65D12B6813F0080F79D1E4
:1066E0002B6813F0010F00F0C1806B68022B00F0E3
:1066F0008B80032B00F09080002B40F095804FF0B2
:10670000B042126812F0020F40F094800120D1E0F4
:106710006B4A136823F007030B431360FCF718FA66
:106720000646674B1B6803F00703A342C8D0FCF77B
:106730000FFA801B0228F4D90320BBE0AB684FF0AE
:10674000B0418A6822F0F00213438B60FCF700FA34
:1067500006464FF0B0439B6813F4803FB4D1FCF77A
:10676000F7F9801B0228F4D90320A3E069694FF0F0
:10677000B042D2F8083123F00F0343EA1113C2F8F4
:106780000831FCF7E5F906464FF0B043D3F808317D
:1067900013F4803F9CD1FCF7DBF9801B0228F3D96E
:1067A000032087E0EB684FF0B0418A6822F4E06292
:1067B00013438B60FCF7CCF906464FF0B0439B685F
:1067C00013F4003F88D1FCF7C3F9801B0228F4D9E9
:1067D00003206FE029694FF0B042936823F46053BF
:1067E00043EAC1039360FCF7B3F906464FF0B043A8
:1067F0009B6813F4802F7FF473AFFCF7A9F9801B1B
:106800000228F3D9032055E04FF0B042126812F489
:10681000003F0FD101204DE04FF0B042126812F05E
:10682000007F07D1012045E04FF0B042126812F41A
:10683000806F42D04FF0B0418A6822F003021343C8
:106840008B60FCF785F906464FF0B0439B6803F078
:106850000C036A68B3EB820F08D0FCF779F9801B50
:1068600041F288339842EFD9032023E0144B1B6890
:1068700003F00703A34215D9114A136823F0070355
:1068800023431360FCF764F905460D4B1B6803F0C6
:106890000703A34206D0FCF75BF9401B0228F4D99A
:1068A000032007E0FFF7BEFB064B1860064B186895
:1068B000FCF74CF970BD012070470120FAE700BFDA
:1068C00000400058080100200C01002008B5FFF727
:1068D000A9FB4FF0B0439B68C3F30223024A52F86E
:1068E0002330D84008BD00BF74AE010808B5FFF7DB
:1068F00099FB4FF0B0439B68C3F3C223024A52F89E
:106900002330D84008BD00BF74AE01084FF0B0413D
:10691000D1F88830020902F47F2223EA0203000141
:1069200000F47F200343C1F88830704770B50446F7
:10693000036813F4803F40F0AA800025236813F019
:10694000010F0AD062684FF0B041D1F8883023EAD5
:10695000124392B21343C1F88830236813F0020F38
:106960000AD0A2684FF0B041D1F8883023EA124330
:1069700092B21343C1F88830236813F0200F09D076
:1069800023694FF0B041D1F8882022F440621343CC
:10699000C1F88830236813F4007F0CD0216A4FF0CF
:1069A000B042D2F88830080C000423EA000343EA1E
:1069B0000143C2F88830236813F4806F0CD0616AF9
:1069C0004FF0B042D2F88830080C000423EA0003EC
:1069D00043EA0143C2F88830236813F4006F0CD0F7
:1069E000A16A4FF0B042D2F88830080C000423EAC4
:1069F000000343EA0143C2F88830236813F0400FD4
:106A000040F09B80236813F0800F40F09A80236849
:106A100013F4807F40F09980236813F0100F0ED09C
:106A2000E3684FF0B041D1F8882022F4407213435C
:106A3000C1F88830E368B3F5807F00F08A8023686E
:106A400013F4004F0FD0236B4FF0B041D1F88820E2
:106A500022F040421343C1F88830236B1BB9CB6846
:106A600043F08073CB60236813F4804F0DD0E36A4A
:106A70004FF0B041D1F8882022F040521343C1F8C2
:106A80008830E36AB3F1005F68D0284670BDFFF735
:106A90003FF9FCF75DF80546334B1B6813F4807F24
:106AA00006D1FCF755F8401B0228F5D9032500E074
:106AB0000025002D7FF442AF4FF0B043D3F8903063
:106AC00003F44073626B9A4216D04FF0B043D3F890
:106AD000901021F44070D3F8902042F48032C3F833
:106AE0009020D3F8902022F48032C3F89020C3F88D
:106AF000900011F0020F0DD1002D7FF41FAF636BDA
:106B00004FF0B041D1F8902022F440721343C1F805
:106B1000903013E7FCF71CF806464FF0B043D3F86B
:106B2000903013F0020FE7D1FCF712F8831B41F20B
:106B300088329342F1D90325DEE76069FFF7E6FE6C
:106B400060E7A069FFF7E2FE61E7E069FFF7DEFEBC
:106B500062E7CB6843F08073CB6070E7CB6843F4A7
:106B60008033CB6091E700BF00040058034690F8E3
:106B70002C20012A35D0012280F82C20022280F816
:106B80002D20194ACA20506253205062B1F5807FEF
:106B900018D0154A916921F408519161D16C21F006
:106BA0000041D164196B21F0020119630221D16502
:106BB0000D4AFF215162012283F82D20002083F825
:106BC0002C007047916921F488519161516C21F03A
:106BD00000415164196B21F0010119630121D16554
:106BE000E6E70220704700BF0028004038B50446A1
:106BF0000D4B5D6D036B1D4015F0010F06D115F0B7
:106C0000020F09D1012384F82D3038BD064B012233
:106C1000DA65FCF705FBF2E7034B0222DA65204652
:106C200000F0F8F9EEE700BF0028004010B50B4A6D
:106C3000D36823F02003D360FBF78AFF0446074B99
:106C4000DB6813F0200F07D1FBF782FF001BB0F5C4
:106C50007A7FF4D9032000E0002010BD0028004016
:106C600070B5114BDB6813F0400F02D000242046B2
:106C700070BD06460C4AD36843F08003D360FBF72F
:106C800067FF05460024084BDB6813F0400FEED188
:106C9000032CECD0FBF75CFF431BB3F57A7FF2D9F2
:106CA000032486F82D40EEE70028004010B5044686
:106CB000104BDA6822F08002DA609B6913F0200F33
:106CC00006D1FFF7B3FF98B1032084F82D000FE041
:106CD000084A936923F020039361FFF7A7FF10B1DF
:106CE000032084F82D00034A936943F02003936145
:106CF00010BD00BF0028004000285ED038B5044613
:106D000090F82D3083B1022384F82D302C4BDB68B2
:106D100013F0100F4CD12A4BDB6803F44073B3F52A
:106D2000807F06D1002044E080F82C30FBF760FD26
:106D3000E9E7234BCA225A6253225A622046FFF7E0
:106D40008FFF18B11E4BFF225A6235E01C4B9A6927
:106D500022F08E6222F040029A619969626820698D
:106D60000243A06902430A439A61E268A16842EAC9
:106D700001421A61DA6822F4F852616AA06A01439A
:106D80000A43DA602046FFF791FF18B10C4BFF224F
:106D90005A6211E00A498B6923F06043226AE5696F
:106DA0002A4365692A4313438B61FF234B6200E04A
:106DB0000020012384F82D3038BD0120704700BF2A
:106DC00000280040002302E001330A38C0B209283D
:106DD000FAD81B01DBB218437047000090F82C3042
:106DE000012B00F0B0802DE9F04105460C4601234F
:106DF00080F82C30022380F82D30544BDE6806F4E6
:106E00004076B6F5807F43D012BB9B6913F0400FEC
:106E100001D10023CB70D4F814802078FFF7D2FF83
:106E200007046078FFF7CEFF47EA0027A078FFF756
:106E3000C9FF0743E37847EA835794F82400FFF734
:106E4000C1FF47EA0060236A184348EA000020E0D7
:106E50004869B0F1803F09D0B0F5000F06D03B4B38
:106E60009B6913F0400F01D10023CB702278637827
:106E70001B0243EA0243A2781343E27843EA8253B7
:106E800094F8242043EA0263226A1343184300E083
:106E900000202E4BCA225A6253225A62A36AB3F5CB
:106EA000807F2AD0294B9A6922F408529A610222E3
:106EB000DA65B6F5807F40D0244B9864A269DA6425
:106EC0006268224B5A672A6B42F002022A639A696F
:106ED00042F408529A611E4AD2F8803043F40033DB
:106EE000C2F88030194BFF225A62012385F82D30F9
:106EF000002085F82C00BDE8F081144B9A6922F43B
:106F000088529A610122DA65B6F5807F0FD00F4B67
:106F10001864A2695A6462680C4B1A672A6B42F0C3
:106F200001022A639A6942F488529A61D3E7A369FD
:106F3000E2691343054A5364EDE7A369E269134329
:106F4000024AD364BCE70220704700BF002800401B
:106F50000008005890F82C30012B17D0012180F840
:106F60002C10022380F82D30094BCA225A6253227A
:106F70005A629A6942F020029A61FF225A6280F8AE
:106F80002D10002380F82C301846704702207047DF
:106F90000028004090F82C30012B20D010B40121A3
:106FA00080F82C10022380F82D300E4BCA225A6232
:106FB00053225A629A6942F080029A610A4CD4F8CC
:106FC000802042F48022C4F88020FF225A6280F898
:106FD0002D10002380F82C30184610BC704702207A
:106FE000704700BF002800400008005810B5044654
:106FF000074B5B6D13F0400F03D1012384F82D3054
:1070000010BD034B4022DA65FCF70EF9F5E700BF2F
:10701000002800407047890001F1804101F53141AD
:107020000A607047890001F1804101F5314108682B
:1070300070470000074B1A6822F040021A6040F4C3
:10704000417018604FF4B8525A601A6842F040021A
:107050001A6070470000015830B583B000285DD039
:107060000446837903F0FF050BB1032D0BD10023F8
:1070700063712046FBF77AFC294AD2F8903043F43A
:107080008053C2F8903085B1264B4FF400629A616C
:1070900000252068FFF7CEFF012323710023A360A2
:1070A0000123A371284603B030BD0223A3714FF022
:1070B000B042D2F8943023F40043C2F894301A4B13
:1070C0001B68C3EBC303C3F34C43642202FB03F30B
:1070D000019314E00125A560124BD3F8902042F4EF
:1070E0000042C3F890209A6842F400629A604FF41C
:1070F00000629A61002DD3D1CBE7002BECD0019B2D
:10710000002BE7D0019B013B01934FF0B043D3F834
:10711000943013F48043F0D00123EEE70125C1E75A
:1071200000080058000400580801002082B0024600
:107130001A4B1B68C3EBC303C3F34C43642000FB2F
:1071400003F30193019B4BB1019B013B0193144B52
:107150009B6813F0020FF5D0002001E00120906041
:107160000F4B19730D4B1B68C3EBC303C3F34C43A5
:10717000642101FB03F30193019B43B1019B013B9C
:107180000193074B9B6813F0010FF5D001E001203C
:107190009060034BDB6802B0704700BF080100201D
:1071A0000000015882B002461C4B1B68C3EBC303AE
:1071B000C3F34C43642000FB03F30193019B4BB1E9
:1071C000019B013B0193164B9B6813F0020FF5D016
:1071D000002001E001209060114B4FF0FF0C83F87C
:1071E0000CC00E4B1B68C3EBC303C3F34C434FF0FF
:1071F000640C0CFB03F30193019B43B1019B013B26
:107200000193074B9B6813F0010FF5D001E00120BB
:107210009060034BDB680B7002B0704708010020E0
:107220000000015882B0134B1B6803EB4303C3F308
:107230004B43642202FB03F3019306E002238360C5
:10724000012002B07047134212D00B4B5B6913F060
:10725000040300D00123019A002AEFD0019A013AD9
:107260000192054A526912F00202ECD00122EAE7CB
:107270000020E6E7080100200004005800B583B0B4
:107280000379012B04D0FFF7CDFF03B05DF804FBB9
:107290000B4B5B8801930B4AD2F8903023F40043E8
:1072A000C2F89030019B013B0193019B002BF9D167
:1072B000044AD2F8903043F40043C2F89030E2E739
:1072C00008010020000400582DE9F04105468079AE
:1072D0005FFA80F8B8F1010F3ED10C4617461E4602
:1072E0006B79012B3BD001236B710223AB712846D4
:1072F000FFF7C4FF1B4AD2F8903023F40043C2F8D2
:1073000090300D212846FFF711FF210A2846FFF78C
:107310000DFFE1B22846FFF709FF002405E0395DC3
:107320002846FFF703FF0134A4B2B442F7D30D4A55
:10733000D2F8903043F40043C2F890302846FFF76B
:1073400071FFAB680BB94FF000080123AB7100234C
:107350006B714046BDE8F0814FF00208F9E74FF04D
:107360000208F6E7000400582DE9F041064680794E
:107370005FFA80F8B8F1010F41D10C4615461F465F
:107380007379012B3ED0012373713046FFF776FFEE
:107390001E4AD2F8903023F40043C2F890301D21E9
:1073A0003046FFF7C3FE210A3046FFF7BFFEE1B2C9
:1073B0003046FFF7BBFE00213046FFF7B7FE002442
:1073C00006E029463046FFF7EDFE01350134A4B250
:1073D000BC42F6D30D4AD2F8903043F40043C2F8D1
:1073E00090303046FFF71EFFB3680BB94FF000082E
:1073F0000123B371002373714046BDE8F0814FF063
:107400000208F9E74FF00208F6E700BF0004005851
:107410002DE9F843054680795FFA80F9B9F1010F4B
:1074200043D1884617461E466B79012B40D0012375
:107430006B712846FFF722FFB8F1840F05D0B8F131
:10744000940F02D000232B7101E001232B711A4A03
:10745000D2F8903023F40043C2F8903041462846D9
:10746000FFF764FE002405E0395D2846FFF75EFE65
:107470000134A4B2B442F7D30F4AD2F8903043F4A7
:107480000043C2F89030B8F1840F0AD1AB680BB951
:107490004FF000090123AB7100236B714846BDE832
:1074A000F8832846FFF7BEFEF0E74FF00209F5E744
:1074B0004FF00209F2E700BF000400582DE9F04147
:1074C000064680795FFA80F8B8F1010F39D10C4691
:1074D00015461F467379012B36D001237371304650
:1074E000FFF7CCFE1A4AD2F8903023F40043C2F8DA
:1074F000903021463046FFF719FE00213046FFF755
:1075000015FE002406E029463046FFF74BFE013504
:107510000134A4B2BC42F6D30D4AD2F8903043F401
:107520000043C2F890303046FFF77CFEB3680BB9D9
:107530004FF000080123B371002373714046BDE88A
:10754000F0814FF00208F9E74FF00208F6E700BFBC
:107550000004005870B582B005460023ADF8043031
:10756000022301AA1221FFF7A9FF9DF804309DF81C
:10757000054044EA032426B2022301AA19462846FC
:10758000FFF746FF16F0010F2DD114F0020F09D0BE
:1075900014F0400F03D0AB6843F00403AB602846FF
:1075A0000DF028FE14F0040F21D114F0080F22D1A1
:1075B00014F0100F23D114F0200F24D114F0400F39
:1075C00025D114F0800F06D014F4807F23D0012140
:1075D00028460DF01FFE14F4007F21D114F4804FD3
:1075E00022D102B070BD28460DF0FCFDCDE7284643
:1075F0000DF034FED9E728460DF038FED8E72846CE
:107600000DF03CFED7E728460DF020FED6E72846D1
:107610000DF0F8FDD5E7002128460DF0FBFDDAE777
:1076200028460DF009FED9E728460DF02FFED8E7D1
:107630002DE9F041054680795FFA80F8B8F1010F35
:1076400038D10C4617461E466B79012B35D00123E5
:107650006B712846FFF712FE194AD2F8903023F4D6
:107660000043C2F890300E212846FFF75FFD214607
:107670002846FFF75BFD002405E0395D2846FFF74B
:1076800055FD0134A4B2B442F7D30D4AD2F890307C
:1076900043F40043C2F890302846FFF7C3FDAB68BF
:1076A0000BB94FF000080123AB7100236B7140460A
:1076B000BDE8F0814FF00208F9E74FF00208F6E765
:1076C000000400582DE9F041064680795FFA80F801
:1076D000B8F1010F3DD10C4615461F467379012BB9
:1076E0003AD0012373713046FFF7C8FD1C4AD2F827
:1076F000903023F40043C2F890301E213046FFF74B
:1077000015FD21463046FFF711FD00213046FFF7F9
:107710000DFD002406E029463046FFF743FD013504
:107720000134A4B2BC42F6D30D4AD2F8903043F4EF
:107730000043C2F890303046FFF774FDB3680BB9D0
:107740004FF000080123B371002373714046BDE878
:10775000F0814FF00208F9E74FF00208F6E700BFAA
:107760000004005830B4056A046A24F0100404626E
:107770000D4CA04213D0846924F4407C4CEA0222D0
:1077800022F470421B039BB2134325F0A0020901AF
:1077900001F0A00111438361016230BC7047046AAB
:1077A00024F040040462E6E7002C014030B4056A8E
:1077B000046A24F4807404620D4CA04213D0C4699E
:1077C00024F0030C4CEA020222F0F0021B01DBB2AF
:1077D000134325F42062090201F420611143C361BF
:1077E000016230BC7047046A24F480640462E6E7F6
:1077F000002C014030B4056A046A24F48054046209
:10780000C46924F4407C4CEA022C2CF4704C1B0319
:107810009BB243EA0C0325F42045090301F42041FF
:107820002943C361016230BC704710B5044602238E
:1078300080F83D300268136A03F0113323F0885357
:1078400043B9116A40F24443194203D1136823F04B
:10785000010313602046FBF76BFB002084F848000F
:1078600084F83E0084F83F0084F8400084F841002A
:1078700084F8420084F8430084F8440084F845000A
:1078800084F8460084F8470084F83D0084F83C0002
:1078900010BD7047704710B50446022380F83D3094
:1078A0000268136A03F0113323F0885343B9116A55
:1078B00040F24443194203D1136823F001031360DB
:1078C0002046FFF7E7FF002084F8480084F83E00D8
:1078D00084F83F0084F8400084F8410084F84200B6
:1078E00084F8430084F8440084F8450084F8460096
:1078F00084F8470084F83D0084F83C0010BD7047D0
:10790000704710B5846A636A83420ED0A36A8342CB
:1079100016D0E36A83421ED0236B834226D02046D2
:1079200002F044FF0023237710BD01232377C369AE
:10793000002BF4D1012384F83E3084F84430EEE784
:1079400002232377C369002BE9D1012384F83F3058
:1079500084F84530E3E704232377C369002BDED1A5
:10796000012384F8403084F84630D8E70823237791
:10797000C369002BD3D1012384F8413084F8473008
:10798000CDE7704710B5846A636A83420BD0A36A5F
:10799000834210D0E36A834210D0236B834204D128
:1079A0000823237701E0012323772046FFF7E9FF2F
:1079B0000023237710BD02232377F6E704232377E0
:1079C000F3E77047704770B504460368DE681D69C9
:1079D00015F0020F10D016F0020F0DD06FF002025A
:1079E0001A610123037703689B6913F0030F64D0C6
:1079F00002F0DCFE0023237715F0040F12D016F0FE
:107A0000040F0FD023686FF004021A61022323775A
:107A100023689B6913F4407F55D0204602F0C6FED0
:107A20000023237715F0080F12D016F0080F0FD09F
:107A300023686FF008021A61042323772368DB6947
:107A400013F0030F46D0204602F0B0FE0023237748
:107A500015F0100F12D016F0100F0FD023686FF032
:107A600010021A61082323772368DB6913F4407F2F
:107A700037D0204602F09AFE0023237715F0010F3D
:107A800002D016F0010F33D115F4025F02D016F0C8
:107A9000800F35D115F4807F02D016F0800F37D1DA
:107AA00015F0400F02D016F0400F39D115F0200F1D
:107AB00002D016F0200F3BD170BDFFF721FF20460A
:107AC000FFF77FFF96E72046FFF71AFF2046FFF7F4
:107AD00078FFA5E72046FFF713FF2046FFF771FF69
:107AE000B4E72046FFF70CFF2046FFF76AFFC3E725
:107AF00023686FF001021A612046FFF700FFC3E719
:107B000023686FF402521A61204600F045FBC1E77A
:107B100023686FF480721A61204600F03EFBBFE7D5
:107B200023686FF040021A612046FFF74BFFBDE764
:107B300023686FF020021A61204600F02CFBBBE79F
:107B4000704710B5846A636A83420CD0A36A83428B
:107B500013D0E36A834216D0236B834219D00123EA
:107B600084F83D3003E00123237784F83E3020463B
:107B7000FFF7E6FF0023237710BD022323770123BD
:107B800084F83F30F3E704232377012384F840305F
:107B9000EDE708232377012384F84130E7E700006D
:107BA00003681C4A904202D0B0F1804F03D123F009
:107BB00070034A681343174A90420AD0B0F1804FCD
:107BC00007D002F5C052904203D002F58062904285
:107BD00003D123F44073CA68134323F080034A6936
:107BE00013438A68C2620A6882620A4A904207D0D6
:107BF00002F5C052904203D002F58062904201D15A
:107C00000A690263026842F00402026001224261D2
:107C100003607047002C014060B310B5044690F833
:107C20003D3013B3022384F83D30214651F8040B54
:107C3000FFF7B6FF012384F8483084F83E3084F81B
:107C40003F3084F8403084F8413084F8423084F882
:107C5000433084F8443084F8453084F8463084F862
:107C6000473084F83D30002010BD80F83C30FBF7F1
:107C7000C3F8D7E70120704760B310B5044690F809
:107C80003D3013B3022384F83D30214651F8040BF4
:107C9000FFF786FF012384F8483084F83E3084F8EB
:107CA0003F3084F8403084F8413084F8423084F822
:107CB000433084F8443084F8453084F8463084F802
:107CC000473084F83D30002010BD80F83C30FFF78D
:107CD000E0FDD7E70120704770B4056A046A24F01C
:107CE00001040462144CA04207D004F5E054A04201
:107CF00003D0A4F58064A04203D1046A24F00404F4
:107D0000046284690C4EB04205D0B0F1804F02D0BD
:107D100044F0010202E024F00304224322F0F002C6
:107D20001B01DBB2134325F00A0201F00A011143E3
:107D30008361016270BC7047002C014038B590F837
:107D40003C30012B5ED004460D46012380F83C30C8
:107D50000C2A52D8DFE802F0075151511951515104
:107D60002C5151513E00CB684A6809680068FFF702
:107D7000B3FF2268936923F00C039361226893692F
:107D8000A9680B439361002038E0CB684A68096812
:107D90000068FFF7E7FC2268936923F4406393616E
:107DA00022689369A96843EA01239361002025E0D2
:107DB000CB684A6809680068FFF7F8FC2268D36955
:107DC00023F00C03D3612268D369A9680B43D36104
:107DD000002013E0CB684A6809680068FFF70AFDD5
:107DE0002268D36923F44063D3612268D369A96808
:107DF00043EA0123D361002000E00120002384F83E
:107E00003C3038BD0220FCE701F01F014FF0010CAF
:107E10000CFA01FC036A23EA0C030362036A8A403A
:107E200013430362704700002DE9F04105460C46FC
:107E300016461F4610294AD8DFE801F0094949498A
:107E4000114949493D49494941494949450090F845
:107E50003E00C0B295F844805FFA88F80AE090F8D6
:107E60003F00C0B2042C36D0082C39D095F847809A
:107E70005FFA88F8022800F0F080B8F1020F00F0F5
:107E8000E980012840F0E880B8F1010F40F0E5807A
:107E9000002E00F0E480002F00F0E380102C50D87A
:107EA000DFE804F0234F4F4F294F4F4F434F4F4FC1
:107EB000474F4F4F4B0090F84000C0B2D2E790F8C8
:107EC0004110C8B2CEE790F84210C8B2CAE790F8A5
:107ED0004310C8B2C6E795F845805FFA88F8C9E74D
:107EE00095F846805FFA88F8C4E7022385F83E30AB
:107EF00085F8443009E0022385F83F30042C24D073
:107F0000082C26D0022385F8473001222146286814
:107F1000FFF77AFF0C2C38D8DFE804F01F3737372B
:107F2000443737375D3737377600022385F84030DE
:107F3000E4E7022385F84130E0E7022385F8423088
:107F4000DCE7022385F84330D8E7022385F8453083
:107F5000DBE7022385F84630D7E76B6A484ADA62E6
:107F60006B6A484A1A636B6A474A5A6329683B46F8
:107F700032463431686AFCF787FE002873D12A68DC
:107F8000D36843F40073D36080462B683F4A934222
:107F900052D0B3F1804F4FD01A6842F001021A60FC
:107FA00040465AE0AB6A364ADA62AB6A354A1A632F
:107FB000AB6A354A5A6329683B4632463831A86A6B
:107FC000FCF762FE002850D12A68D36843F480632E
:107FD000D3608046D9E7EB6A294ADA62EB6A294A1C
:107FE0001A63EB6A284A5A6329683B4632463C3199
:107FF000E86AFCF749FE002839D12A68D36843F4BF
:108000000063D3608046C0E72B6B1D4ADA622B6B9E
:108010001C4A1A632B6B1C4A5A6329683B4632463A
:108020004031286BFCF730FE18BB2A68D36843F454
:108030008053D3608046A8E79968154A0A40062A0B
:1080400019D0B2F5803F18D01A6842F001021A60C8
:10805000404602E0404600E00120BDE8F081404695
:10806000FBE74046F9E74046F7E74046F5E740467C
:10807000F3E74046F1E74046EFE74046EDE700BF53
:108080000379000885790008437B0008002C014033
:108090000700010038B504460D4600220068FFF7CE
:1080A000B3FE0C2D75D8DFE805F0077474742C74DA
:1080B0007474357474743E002268D36823F40073BA
:1080C000D360606AFCF766FE2268136A03F011331E
:1080D00023F0885343B9116A40F24443194203D153
:1080E000136823F001031360102D44D8DFE805F076
:1080F000244343432B434343374343433B4343439B
:108100003F002268D36823F48063D360A06AFCF741
:1081100041FED9E72268D36823F40063D360E06AA4
:10812000FCF738FED0E72268D36823F48053D3608D
:10813000206BFCF72FFEC7E7012384F83E3084F85C
:108140004430002026E0012384F83F30042D16D06F
:10815000082D19D0012384F8473000201AE00123AC
:1081600084F84030F2E7012384F84130EEE7012340
:1081700084F84230EAE7012384F84330E6E701233C
:1081800084F84530002005E0012384F846300020C3
:1081900000E0012038BD704770477047026852E820
:1081A000003F23F0C00342E800310029F6D1026805
:1081B00002F1080353E8003F23F40003083242E8C9
:1081C00000310029F3D12023C0F8883070470268BD
:1081D00052E8003F23F4907342E800310029F6D1C1
:1081E000026802F1080353E8003F23F0805323F0B4
:1081F0000103083242E800310029F1D1C36E012B9E
:1082000006D02023C0F88C300023C3664367704734
:10821000026852E8003F23F0100342E800310029D1
:10822000F6D1EEE71346D0F88820202A3DD110B5CC
:10823000044600293BD0002B3BD00165A0F8543008
:10824000A0F856300022C0F890202122C0F88820E3
:10825000C26FCAB11849D162C26F18491163C26FA7
:1082600017495163C26F0021916302682832016D82
:10827000C06FFCF709FD38B11023C4F890302023FB
:10828000C4F8883001200FE0236840221A62226877
:1082900002F1080353E8003F43F08003083242E84C
:1082A00000310029F3D1002010BD022070470120C9
:1082B000FAE70120F8E700BFC58200082D83000817
:1082C0003983000808B50346806A1B681B6813F0F1
:1082D000200F15D1026802F1080353E8003F23F094
:1082E0008003083242E800310029F3D1026852E8E5
:1082F000003F43F0400342E800310029F6D108BDB9
:10830000FBF7CCF8FBE708B5026852E8003F23F022
:10831000400342E800310029F6D12023C0F888301C
:1083200000238367FBF7BAF808BD704708B5806A79
:10833000FFF7FBFF08BD704738B5846AD4F8882082
:10834000D4F88C5023689B6813F0800F01D0212A49
:1083500010D023689B6813F0400F01D0222D0DD060
:10836000D4F8903043F01003C4F890302046FFF763
:10837000E2FF38BD2046FFF711FFEAE72046FFF78E
:1083800026FFEDE708B5806AFFF7D5FF08BD704707
:1083900010B50446226852E8003F23F4907342E887
:1083A00000310029F6D1226802F1080353E8003FAA
:1083B00023F0805323F00103083242E80031002902
:1083C000F1D1E36E012B1FD023689A6812F0400FA1
:1083D00036D0226802F1080353E8003F23F040033F
:1083E000083242E800310029F3D1D4F88030ABB133
:1083F0001A4A9A63D4F88000FCF7CCFC58B3D4F83E
:108400008000836B984726E0226852E8003F23F003
:10841000100342E800310029F6D1D5E70022A26519
:1084200023680F21196221688B6943F008038B616F
:108430002023C4F88C30E2662046FFF7A8FF0AE04C
:108440000022A2650F2119622023C4F88C30E26655
:108450002046FFF79CFF002010BD00BF618400088C
:1084600008B5806A03680F221A620268936943F0B4
:10847000080393612023C0F88C300023C366FFF704
:1084800086FF08BD7047000070B504460268D369D6
:108490001068916840F60F0C13EA0C0F0DD113F021
:1084A000200F10D010F0200F02D111F0805F0AD001
:1084B000636F93B3204698472FE09D4D0D402DD11B
:1084C0009C4E30422AD1E56E012D00F0C08013F49D
:1084D000801F03D011F4800F40F06C8113F0800FE7
:1084E00007D010F0800F40F06C8111F4000F40F0C5
:1084F000688113F0400F03D010F0400F40F0688106
:1085000013F4000F03D010F0804F40F0658113F09A
:10851000807F02D00028C0F2638170BD13F0010F8C
:1085200009D010F4807F06D001261662D4F890207E
:108530003243C4F8902013F0020F0BD011F0010F5A
:1085400008D0226802261662D4F8902042F0040275
:10855000C4F8902013F0040F0BD011F0010F08D0D5
:10856000226804261662D4F8902042F00202C4F871
:10857000902013F0080F0BD010F0200F00D13DB168
:10858000226808251562D4F890202A43C4F8902068
:1085900013F4006F0CD010F0806F09D022684FF4F4
:1085A00000651562D4F8902042F02002C4F89020B3
:1085B000D4F89020002AB0D013F0200F09D010F08A
:1085C000200F02D111F0805F03D0636F0BB1204602
:1085D0009847D4F8902023689B6813F0400F02D18D
:1085E00012F0280F2CD02046FFF7F1FD23689B687E
:1085F00013F0400F20D0226802F1080353E8003F37
:1086000023F04003083242E800310029F3D1D4F8C6
:1086100080306BB1484A9A63D4F88000FCF7BAFB0B
:1086200000283FF47AAFD4F88000836B984774E752
:108630002046FFF780FE70E72046FFF77CFE6CE7E0
:108640002046FFF778FE0023C4F8903065E713F06A
:10865000100F3FF43CAF10F0100F3FF438AF102371
:10866000136223689B6813F0400F67D0D4F8801022
:108670000A6853689BB2002B4AD0B4F85C00984259
:1086800046D9A4F85E300B681B6813F0200F32D176
:10869000226852E8003F23F4807342E80031002949
:1086A000F6D1226802F1080353E8003F23F00103EA
:1086B000083242E800310029F3D1226802F10803B0
:1086C00053E8003F23F04003083242E8003100291C
:1086D000F3D12023C4F88C300023E366226852E8EB
:1086E000003F23F0100342E800310029F6D1D4F80E
:1086F0008000FCF715FB02232367B4F85C10B4F884
:108700005E309BB2C91A89B22046FFF7BBFE04E770
:10871000B4F85C1099427FF400AF136813F0200F97
:108720003FF4FBAE022323672046FFF7ABFEF4E6DF
:10873000010000102001000485830008B4F85C10DB
:10874000B4F85E309BB2C91A89B2B4F85E309BB2FD
:10875000002B3FF4E2AE00293FF4DFAE226852E87E
:10876000003F23F4907342E800300028F6D12268DD
:1087700002F1080353E8003F23F0805323F0010384
:10878000083242E800300028F1D12023C4F88C30B0
:108790000023E3666367226852E8003F23F010037A
:1087A00042E800300028F6D1022323672046FFF775
:1087B00069FEB2E64FF480131362204600F070FFAA
:1087C000ABE6A36F002B3FF4A8AE20469847A4E683
:1087D0002046FFF798FDA0E6204600F063FF9CE6E8
:1087E000204600F05EFF98E608B5B0F86030D0F89B
:1087F0008C20222A05D00268936943F00803936114
:1088000008BD0268516ADBB2826D0B401370836D44
:1088100001338365B0F85E309BB2013B9BB2A0F898
:108820005E30B0F85E309BB2002BE9D1026852E8AE
:10883000003F23F4907342E800310029F6D102682A
:1088400002F1080353E8003F23F00103083242E835
:1088500000310029F3D12023C0F88C300023436776
:1088600003670368164A93420CD05B6813F4000F49
:1088700008D0026852E8003F23F0806342E80031EC
:108880000029F6D1C36E012B16D10023C3660268FE
:1088900052E8003F23F0100342E800310029F6D1EE
:1088A0000368DA6912F0100F01D010221A62B0F8D2
:1088B0005C10FFF7E7FDA3E7FAF700FEA0E700BFB3
:1088C0000080004008B5B0F86020D0F88C30222B32
:1088D00005D00268936943F00803936108BD0368FB
:1088E0005B6A816D13400B80836D02338365B0F842
:1088F0005E309BB2013B9BB2A0F85E30B0F85E30B8
:108900009BB2002BEAD1026852E8003F23F4907337
:1089100042E800310029F6D1026802F1080353E869
:10892000003F23F00103083242E800310029F3D16F
:108930002023C0F88C300023436703670368164A7E
:1089400093420CD05B6813F4000F08D0026852E821
:10895000003F23F0806342E800310029F6D1C36E66
:10896000012B16D10023C366026852E8003F23F0B2
:10897000100342E800310029F6D10368DA6912F0E9
:10898000100F01D010221A62B0F85C10FFF77AFDC8
:10899000A4E7FAF793FDA1E7008000402DE9F84332
:1089A000B0F860500368D3F81C90D3F800809F683B
:1089B000D0F88C20222A05D09A6942F008029A61E8
:1089C000BDE8F8830446B0F8686008E0D4F8903059
:1089D000002B4DD1B4F85E309BB2002B4FD0002E4F
:1089E00000F0958019F0200F00F091802368596AFB
:1089F000EBB2A26D0B401370A36D0133A365B4F805
:108A00005E309BB2013B9BB2A4F85E302368D3F882
:108A10001C9019F0070FDDD019F0010F09D018F4E0
:108A2000807F06D001221A62D4F890301343C4F834
:108A3000903019F0020F0BD017F0010F08D0236807
:108A400002221A62D4F8903043F00403C4F8903044
:108A500019F0040FBAD017F0010FB7D02368042221
:108A60001A62D4F8903043F00203C4F89030ADE7B6
:108A70002046FFF760FC0023C4F89030AAE7226884
:108A800052E8003F23F4807342E800310029F6D118
:108A9000226802F1080353E8003F23F0805323F0DB
:108AA0000103083242E800310029F1D12023C4F843
:108AB0008C300023636723672368284A93420CD0D5
:108AC0005B6813F4000F08D0226852E8003F23F0DF
:108AD000806342E800310029F6D1E36E012B39D1E1
:108AE0000023E366226852E8003F23F0100342E8C7
:108AF00000310029F6D12368DA6912F0100F01D095
:108B000010221A62B4F85C102046FFF7BBFCB4F8E0
:108B10005E309BB2002B3FF453AFB4F868209A420A
:108B20007FF64EAF226802F1080353E8003F23F0BE
:108B30008053083242E800310029F3D1084B6367C3
:108B4000226852E8003F43F0200342E80031002948
:108B5000F6D135E72046FAF7B1FCD8E700800040AF
:108B6000E98700082DE9F843B0F860500368D3F8AE
:108B70001C90D3F800809F68D0F88C20222A05D062
:108B80009A6942F008029A61BDE8F8830446B0F899
:108B9000686008E0D4F89030002B4CD1B4F85E3017
:108BA0009BB2002B4ED0002E00F0948019F0200FC5
:108BB00000F0908023685B6AA26D2B401380A36D48
:108BC0000233A365B4F85E309BB2013B9BB2A4F8BC
:108BD0005E302368D3F81C9019F0070FDED019F02F
:108BE000010F09D018F4807F06D001221A62D4F850
:108BF00090301343C4F8903019F0020F0BD017F0E7
:108C0000010F08D0236802221A62D4F8903043F092
:108C10000403C4F8903019F0040FBBD017F0010F13
:108C2000B8D0236804221A62D4F8903043F00203CB
:108C3000C4F89030AEE72046FFF77DFB0023C4F870
:108C40009030ABE7226852E8003F23F4807342E89B
:108C500000310029F6D1226802F1080353E8003FF1
:108C600023F0805323F00103083242E80031002949
:108C7000F1D12023C4F88C30002363672367236875
:108C8000284A93420CD05B6813F4000F08D0226886
:108C900052E8003F23F0806342E800310029F6D11A
:108CA000E36E012B39D10023E366226852E8003FCE
:108CB00023F0100342E800310029F6D12368DA6975
:108CC00012F0100F01D010221A62B4F85C10204686
:108CD000FFF7D8FBB4F85E309BB2002B3FF454AFE3
:108CE000B4F868209A427FF64FAF226802F1080379
:108CF00053E8003F23F08053083242E80031002956
:108D0000F3D1094B6367226852E8003F43F0200328
:108D100042E800310029F6D136E72046FAF7CEFBCB
:108D2000D8E700BF00800040C588000870B5044641
:108D300083680269134342691343C269134301689C
:108D400008689D4A02401A430A602268536823F467
:108D50004053E1680B435360A1692268974B9A42E4
:108D600001D0236A1943936823F06E4323F43063E0
:108D70000B4393602268D36A23F00F03616A0B43AD
:108D8000D36223688E4A93421CD08E4A934231D0DC
:108D90008A4A93424BD0102288498B4268D0E069BE
:108DA000B0F5004F00F0A580082A00F21F81DFE82F
:108DB00012F0D300F500D1001D01F8001D011D01C6
:108DC0001D01FB004FF0B042D2F8882002F00302F0
:108DD00042F44032A2F54032032A09D8DFE802F01B
:108DE00002043C060122D7E70422D5E70822D3E794
:108DF0001022D1E74FF0B042D2F8882002F00C02E6
:108E000042F44022A2F540220C2A0ED8DFE802F0FC
:108E1000070D0D0D090D0D0D260D0D0D0B0000227A
:108E2000BAE70422B8E70822B6E71022B4E74FF009
:108E3000B042D2F8882002F44062B2F5006F0FD041
:108E400005D87AB1B2F5806F0ED10422A4E7B2F54D
:108E5000406F0BD108229FE702229DE702229BE789
:108E6000022299E7002297E7102295E7102293E764
:108E7000082A00F29C80DFE802F0089A3A9A379AB2
:108E80009A9A05004FF4004004E0FDF71FFD00280A
:108E900000F08F80626A4C4B33F81220B0FBF2F383
:108EA000656805EB4501994200F29480B3EB053FFC
:108EB00000F29280002633463146F8F7EDF90902B8
:108EC00041EA106100026B08C0182A46334641F19E
:108ED0000001F8F7E1F9A0F540723C4B9A427DD8C9
:108EE0002368D860304650E0FDF714F8CFE73848E3
:108EF000D0E7082A74D8DFE802F0072705732A7341
:108F000073730B00324803E0FDF7E0FC002869D0E2
:108F1000626A2D4B33F81230B0FBF3F062685308ED
:108F200003EB4003B3FBF2F3A3F110014FF6EF7232
:108F3000914259D89AB222F00F02C3F3420313436D
:108F40002268D360002020E0FDF7D0FCDEE7FCF7CC
:108F5000E1FFDBE71E4803E0FDF7B8FC002847D03F
:108F6000626A194B33F81230B0FBF3F0636800EB20
:108F70005300B0FBF3F0A0F110024FF6EF739A42EA
:108F800038D8236880B2D86000200123A4F86A3062
:108F9000A4F8683000236367A36770BDFDF7A6FCE3
:108FA000DCE7FCF7B7FFD9E74FF40040D8E7012032
:108FB000EBE70020E9E700BFF369FFCF0080004046
:108FC000003801400044004024AF0108FFFC0F00BE
:108FD0000024F4000120D8E70120D6E70120D4E7DF
:108FE0000120D2E70020D0E70120CEE70120CCE726
:108FF0000020CAE70120C8E7836A13F0080F06D0F3
:109000000268536823F40043816B0B435360836A07
:1090100013F0010F06D00268536823F40033C16ACD
:109020000B435360836A13F0020F06D00268536843
:1090300023F48033016B0B435360836A13F0040FF6
:1090400006D00268536823F48023416B0B435360BE
:10905000836A13F0100F06D00268936823F48053DC
:10906000C16B0B439360836A13F0200F06D0026834
:10907000936823F40053016C0B439360836A13F0ED
:10908000400F0AD00268536823F48013416C0B43ED
:109090005360436CB3F5801F0BD0836A13F0800FCD
:1090A00006D00268536823F40023C16C0B4353605D
:1090B00070470268536823F4C003816C0B4353600C
:1090C000EBE72DE9F84305460E4617469946DDF8CD
:1090D00020802B68DC6936EA04040CBF01240024DC
:1090E000BC4236D1B8F1FF3FF3D0F9F731FDA0EB28
:1090F0000900404530D8B8F1000F2FD02B681A680E
:1091000012F0040FE5D0802EE3D0402EE1D0DA69D2
:1091100012F0080F11D1DA6912F4006FD9D04FF4B0
:1091200000621A622846FFF752F82023C5F89030F3
:10913000002385F8843003200CE008241C622846B4
:10914000FFF745F8C5F89040002385F884300120EA
:1091500000E00020BDE8F8830320FBE70320F9E7E7
:109160002DE9F04182B01E46D0F88830202B60D126
:1091700004460D46904600295FD00AB9012059E007
:109180000023C0F890302123C0F88830F9F7E0FCC4
:109190000746A4F85480A4F85680A368B3F5805F0E
:1091A00002D04FF000081CE0236973B34FF00008B1
:1091B00017E02023C4F8883003203BE038F8023B56
:1091C0002268C3F308039362D4F8883003F02103C4
:1091D000212B34D1B4F8562092B2013A92B2A4F8BD
:1091E0005620B4F856309BB293B100963B4600220D
:1091F00080212046FFF765FF0028DAD1002DDDD061
:1092000015F8012B23689A62DEE7A8460025E8E7F7
:1092100000963B46002240212046FFF752FF18B936
:109220002023C4F8883005E02023C4F888300320C8
:1092300000E0022002B0BDE8F0810120FAE7012041
:10924000F8E72DE9F04383B01E46D0F88C30202B90
:1092500040F0838004460D469046002900F081804E
:109260000AB901207AE00023C0F890302222C0F829
:109270008C20C366F9F76CFC0746A4F85C80A4F860
:109280005E80A368B3F5805F06D0A3B9226972B986
:10929000FF22A4F8602014E0226922B940F2FF12F4
:1092A000A4F860200DE0FF22A4F8602009E07F22EE
:1092B000A4F8602005E0B3F1805F0AD00022A4F892
:1092C0006020B4F86080B3F5805F0CD04FF00009E7
:1092D00027E022691AB97F22A4F86020F1E73F2233
:1092E000A4F86020EDE7236913B14FF0000918E0FE
:1092F000A946002515E02023C4F88C3003202DE07A
:1093000023685B6A08EA030329F8023BD4F88C302F
:10931000222B28D1B4F85E2092B2013A92B2A4F87E
:109320005E20B4F85E309BB293B100963B460022BB
:1093300020212046FFF7C5FE0028DCD1002DDFD01C
:1093400023685A6A5FFA88F3134005F8013BDDE7AA
:109350002023C4F88C30002000E0022003B0BDE8D8
:10936000F0830120FAE70120F8E730B583B0044626
:109370000023C0F89030F9F7EBFB0546226812682D
:1093800012F0080F10D123681B6813F0040F28D1C6
:109390002023C4F88830C4F88C300020E0662067B1
:1093A00084F8840003B030BD6FF07E430093034621
:1093B00000224FF400112046FFF783FE0028E2D080
:1093C000226852E8003F23F0800342E80031002980
:1093D000F6D12023C4F88830002384F88430032099
:1093E000E0E76FF07E4300932B4600224FF48001AC
:1093F0002046FFF766FE0028CAD0226852E8003FE8
:1094000023F4907342E800310029F6D1226802F17A
:10941000080353E8003F23F00103083242E800311B
:109420000029F3D12023C4F88C30002384F8843041
:109430000320B7E778B310B50446D0F888300BB3F3
:109440002423C4F888302268136823F001031360D2
:10945000A36AE3B92046FFF769FC012811D022680E
:10946000536823F4904353602268936823F02A03DF
:1094700093602268136843F0010313602046FFF7EE
:1094800074FF10BD80F88430F9F70CFFD8E7204650
:10949000FFF7B2FDDEE701207047000010B48165E0
:1094A000A0F85C20A0F85E20002343678368B3F532
:1094B000805F06D0A3B9036973B9FF23A0F86030B9
:1094C00014E0036923B940F2FF13A0F860300DE007
:1094D000FF23A0F8603009E07F23A0F8603005E0AA
:1094E000B3F1805F2DD00023A0F860300023C0F8D6
:1094F00090302223C0F88C30016801F1080353E852
:10950000003F43F00103083141E80034002CF3D15F
:10951000436EB3F1005F1ED08368B3F5805F42D025
:10952000294B43670369002B43D0026852E8003F90
:1095300043F4907342E800310029F6D1002010BCBA
:10954000704703691BB97F23A0F86030CEE73F2343
:10955000A0F86030CAE7B0F868309342DCD883687E
:10956000B3F5805F19D0194B4367036943B10268B3
:1095700052E8003F43F4807342E800310029F6D1FD
:10958000026802F1080353E8003F43F080530832B9
:1095900042E800310029F3D1D0E70369002BE2D182
:1095A0000B4B4367E1E70369002BB9D1094B4367D4
:1095B000B8E7026852E8003F43F0200342E8003178
:1095C0000029F6D1BAE700BFE98700089D890008A5
:1095D000658B0008C588000838B5D0F88C30202B82
:1095E00017D1C1B1CAB10023C36603680C4CA342B2
:1095F0000CD05B6813F4000F08D0046854E8003FF7
:1096000043F0806344E80035002DF6D1FFF746FFB4
:1096100000E0022038BD0120FCE70120FAE700BF8E
:109620000080004082B002AB03E906000268536884
:1096300023F01003BDF804100B4353600268536815
:1096400023F07F439DF8061043EA0163536002B0A4
:1096500070470000436E2BB90123A0F86A30A0F8D0
:109660006830704730B403689A68C2F34262996800
:10967000490F094D6B5CDB00084C615C93FBF1F317
:10968000A0F86A30AB5CDB00A25C93FBF2F3A0F8BD
:10969000683030BC704700BF44AF01083CAF0108E0
:1096A00070477047704710B584B004AB03E90600FB
:1096B00090F88430012B35D00446012380F88430A3
:1096C0002423C0F888300268136823F00103136074
:1096D00001688B6823F44013029A13438B60AAB18C
:1096E0002268136843F001031360F9F731FA034667
:1096F0006FF07E42009200224FF480012046FFF777
:10970000E0FC48B92023C4F8883006E004AB13E934
:109710000600FFF787FFE3E70320002384F8843087
:1097200004B010BD0220FBE790F88430012B10D06C
:10973000012380F88430026852E8003F43F00203BE
:1097400042E800310029F6D1002380F88430184621
:1097500070470220704790F88430012B1DD010B55F
:109760000446012380F884302423C0F8883002683E
:109770001368116821F00101116043F000534FF0AC
:109780000052426602681360FFF764FF2023C4F8AA
:109790008830002084F8840010BD0220704738B55E
:1097A00090F88430012B1DD00446012380F88430CA
:1097B0002423C0F8883003681D681A6822F001026B
:1097C0001A600268936823F0604319439160FFF7C1
:1097D00041FF23681D602023C4F88830002084F8EE
:1097E000840038BD0220FCE738B590F88430012BA6
:1097F0001DD00446012380F884302423C0F888302B
:1098000003681D681A6822F001021A6002689368F2
:1098100023F0606319439160FFF71CFF23681D600C
:109820002023C4F88830002084F8840038BD02204A
:10983000FCE708B54FF47A70F9F796F908BD30B532
:1098400085B09DF82040082C02D9002005B030BD1D
:10985000099D0295019400930123FCF753F80546F6
:1098600028B90134A54214BF00200120EEE70020F2
:10987000FFF7DFFFF5E700B585B08DF80F108368BF
:109880000193012300930DF10F0303220179006876
:10989000FFF7D5FF05B05DF804FB00B585B08DF886
:1098A0000F1083680193012300930DF10F0302222F
:1098B00001790068FFF7C3FF05B05DF804FB10B540
:1098C00084B004468DF80F10836801930122009242
:1098D0000DF10F0301790068FFF7B1FF10B19DF89A
:1098E0000F30237304B010BD10B584B0079C0294F0
:1098F0009DF81840019400930123FCF7D7F810B9A4
:10990000012004B010BDFFF794FF0020F9E700B577
:1099100083B00B46826801920122009200220179F5
:109920000068FFF7E1FF03B05DF804FB08B590F8AD
:109930000CC0012A06D0CB435BB20CEA0301FFF74F
:10994000BEFF08BD4CEA0101F9E770B582B00546DB
:109950000C4616460DF10701FFF7D9FF68B1012E3D
:109960000DD0E14349B29DF807300B408DF8073028
:109970009DF807102846FFF790FF02B070BD9DF8D4
:10998000073044EA03018DF80710F1E770B582B0A3
:1099900005460C4616460DF10701FFF7B8FF68B102
:1099A000012E0DD0E14349B29DF807300B408DF8F0
:1099B00007309DF807102846FFF75DFF02B070BD25
:1099C0009DF8073044EA03018DF80710F1E7000025
:1099D00038B50160520002718360002404730120D5
:1099E000F9F7C2F8084D2246FF212846FFF7CEFFBF
:1099F0002246FF212846FFF7A8FF2246FF212846DE
:109A0000FFF794FF38BD00BFDC1C002010B50446F2
:109A100000F001024FF480714FF09040FBF713FD0E
:109A2000C4F340024FF400714FF09040FBF70BFD80
:109A300010BD08B50320FFF7E9FF08BD2DE9F84385
:109A4000064690464FF07E52C8F8002001EB810395
:109A50005B01A03B43444F1E43F8272001241BE039
:109A60004FEA840904EB840508EB4515621E04F1F6
:109A70008043013B56F8230045F8220056F8241095
:109A8000F7F7E0F80146F7F7DDF845F82400013470
:109A900056F8093045F82430A742E1DCBDE8F883E8
:109AA0002DE9F04F83B083468A4617461E460022B2
:109AB000026003F18043013B40F82320012423E0AE
:109AC00004F1010857F82490494657F82800F7F7A1
:109AD000B7F85AF82410F7F771FA019004F18045AD
:109AE000013D57F825104846F7F7AAF85AF825100F
:109AF000F7F764FA01460198F7F7A2F80649F7F775
:109B0000A9F94BF824004446731EA342D8DC5846FA
:109B100003B0BDE8F08F00BF000040402DE9F04FDA
:109B200085B000AF82460E463A60501E78609200C3
:109B3000073222F00702ADEB020DEB46ADEB020D52
:109B40006D46ADEB020DE846ADEB020DC7F80CD04B
:109B50004FF07E522A600021C8F800104BF8201008
:109B600045F82020012212E002EB820103EB4111B3
:109B7000501E51F820004BF8220051F8220045F801
:109B80002200501C51F8201048F822100246796833
:109B90009142E9DC01242AE004F1FF3955F829104B
:109BA0005BF82400F7F70AFAFB6843F8240055F83D
:109BB0002420BA6058F82910F7F74CF90146B86824
:109BC000F7F73EF845F8240056F8249004F1804356
:109BD000013B56F82310FB6853F82400F7F73AF9D5
:109BE00001464846F7F72CF846F8240001343B6854
:109BF0009C42D1DB994603F18044013C7B6855F8D7
:109C0000231056F82400F7F7D9F94AF82400A9F1EF
:109C1000020413E056F82490631C5AF8231058F8F5
:109C20002400F7F717F901464846F7F709F855F801
:109C30002410F7F7C3F94AF82400013C002CE9DAB4
:109C400050461437BD46BDE8F08F00002DE9F04FB7
:109C500083B081468B46924698460C9D002421E0B5
:109C60005BF8246031465AF82400F7F7A7F9019011
:109C700010493046F7F7A2F9064658F82400014685
:109C8000F6F7E0FF671C58F82710F6F7DBFF0146F0
:109C90003046F7F7DFF801460198F6F7D1FF49F8AB
:109CA00024003C466B1EA342DADC484603B0BDE804
:109CB000F08F00BF000040402DE9F04780468A4603
:109CC00017469946002413E0661C57F8241057F8ED
:109CD0002600F6F7B5FF054609495AF82400F7F7BC
:109CE000B9F801462846F7F769F948F824003446E0
:109CF00009F1FF33A342E7DC4046BDE8F08700BF2F
:109D000000004040022868DD2DE9F041ADF5D75D47
:109D100007460D46C1F88802012420E0D5F88032BC
:109D200004F18046013E04F1FF3853F8261053F841
:109D30002400F6F785FF0DF5D75303EB880343F8AE
:109D40009C0CD5F8843253F8261053F82400F6F70B
:109D500077FF0DF5CD53083343F828000134BC429A
:109D6000DCDB002206E0D5F8843253F8223045F8D7
:109D700022300132BA42F6DB2AAA39460DF5D2501A
:109D80000430FFF75BFE3B462A460DF5D251043105
:109D900002A8FFF785FE05F5A0742AAB3A4602A992
:109DA0002046FFF7BBFE009723460DF5CD52083243
:109DB0000DF5D251043105F1A000FFF747FF3B46F6
:109DC00022460DF5D251043105F5F070FFF774FF0E
:109DD00028460DF5D75DBDE8F081002070472DE9DC
:109DE000F84306460846144656F8229002F1280326
:109DF00056F82370D6F8803253F82210F6F720FF79
:109E0000054601463846F7F725F8804604F1500329
:109E100056F823102846F7F71DF801462846F7F7AD
:109E200019F80746783456F824102846F7F712F840
:109E300001462846F7F70EF801462846F7F70AF8D4
:109E4000044641464846F6F7FDFE3946F6F7FAFE67
:109E50002146F6F7F7FEBDE8F88300000000000099
:109E600010B5F6F7EDFE04460021F7F791F950B969
:109E70002046F6F741FB06A3D3E90023F6F706FEDA
:109E800020B1012010BD04F10044F1E70020F9E702
:109E90003A8C30E28E79453E2DE9F04F85B083460D
:109EA0000D460392D0F88082D8F80000F7F78EF9BB
:109EB000002853D1DBF888A20AF18043013B2946F0
:109EC00058F82300F7F764F900284BD1002410E07C
:109ED000DBF8843253F82430039A13600023019393
:109EE00038E0DBF8843253F82930039A136031E00C
:109EF00001340AF1FF33A34229DD58F824603146CA
:109F00002846FFF7ADFF01900028E1D104F10109D7
:109F100058F8297039462846FFF7A2FF029000281A
:109F2000DFD129463046F7F733F90028E0D029463B
:109F30003846F7F74BF90028DAD02246294658462A
:109F4000FFF74DFF039B1860029B019302E06FF047
:109F500002030193019805B0BDE8F08F4FF0FF3385
:109F60000193F7E76FF001030193F3E738B5044677
:109F7000094D00F0010201212846FBF764FAC4F301
:109F8000400202212846FBF75EFAC4F38002042156
:109F90002846FBF758FA38BD0008004808B50720E6
:109FA000FFF7E4FF08BD00001A284AD92DE9F8435D
:109FB000054640F69143984245D8002400E001341C
:109FC000132C3BD8214B33F82400A842F7D8661C49
:109FD00033F82670AF42F2D3F6F7E4FE80463846F7
:109FE000F6F7E0FE8146194F07EB8404B4F902004E
:109FF000F6F7DCFE044607EB8607B7F90200F6F732
:10A00000D5FE06462846F6F7D1FE4146F6F718FE7D
:10A01000054621463046F6F713FE01462846F6F778
:10A0200019FF054641464846F6F70AFE014628460E
:10A03000F6F7C4FF2146F6F705FE00E00020BDE874
:10A04000F883034870470348F9E700BF4CAF0108A5
:10A05000000048C20000164330B5ADF5004D8DB08C
:10A0600042F208010DF58040203000F059FC00213B
:10A07000574B197042F208030DF5804220325548C3
:10A08000FDF7D2FE28B1544C20460DF5004D0DB021
:10A0900030BD4F4B00221A70F8F75AFD4F4B186035
:10A0A00005E04B4B1B7893B94D4B1B787BB90120D6
:10A0B000F8F75AFDF8F74CFD484B1B68C01AC82842
:10A0C000EFD9434B01221A7000F03AFBE9E700F0A8
:10A0D00037FB444B1868F6F70FFA02460B4638A1D7
:10A0E000D1E90001F6F78AFB37A3D3E90023F6F79D
:10A0F000A5F8F6F731FD84B20134A4B2052101A818
:10A1000000F00EFC42F2070104A800F009FC002355
:10A11000184609E0521A013A0CA901EB430121F853
:10A12000202C1AE001339BB242F20602934225D85A
:10A130009C465A1C0DF58041303101EB420232F849
:10A14000102C01EB430131F8101C8A42E2D3521A61
:10A150000CA901EB430121F8202C0CAA02EB4C02C4
:10A1600032F8202CA242DDD90CAA02EB400222F8E0
:10A170002C3C0328D6D8013080B2D3E7BDF8063096
:10A1800013B9BDF80420B2B10CAD35F82C2D9B1AD3
:10A1900098B2FFF709FF04460023114A13700C4AD6
:10A1A00013700521284600F0BBFB42F2070104A80A
:10A1B00000F0B6FB68E70C4C66E700BFAFF3008029
:10A1C000E17A14AE47E1EA3FB81E85EB51B826406C
:10A1D000EC1C00200C1B00200000C841F01C0020DB
:10A1E00030210020A41B00200000C04110B504460F
:10A1F000C821044800F094FB1821204600F09AFB87
:10A2000010BD00BF9C1F002000B585B084460E4BDA
:10A210000FCB0DF1100E0EE90F00002205230AE00E
:10A2200010336B4413F8101C1CF802304B4003F041
:10A230000F030132D2B2052AF2D910336B4413F85E
:10A24000100C05B05DF804FB7C9E010808B5034BBB
:10A250000022114602200BF04BFE08BDF8A40108B5
:10A260002DE9F04387B080468946824B06221A705A
:10A27000814B1C88013CA4B20A2101A800F050FBCC
:10A2800000231F4601E00133DBB219467A4A1288E7
:10A29000033A93421BDA794A32F81320052AF2D1A5
:10A2A0004A1C764830F81220332AECD18A1CA21AB4
:10A2B000704909780231B2EB410FE4DB9A1C06A920
:10A2C00001EB470121F8142C0137FFB2DBE7002630
:10A2D0006B4B1E70A5E062451ED0032B28D8DFF81B
:10A2E000A4C105EB45024FEA420E3CF812201201D0
:10A2F00092B22CF80E200738C0B202442CF80E207F
:10A30000DFF884C19CF80020DFF880E10EF802003D
:10A3100001328CF800202EE005EB450C594A02EB87
:10A320004C024FF0000C82F805C00738507122E053
:10A3300005EB4502DFF84CE10EEB420EBEF802C021
:10A340004FEA0C1C1FFA8CFCAEF802C0C21FD2B23E
:10A350009444AEF802C0DFF830C19CF80000DFF88A
:10A360002CE10EF8002001308CF8000003E0464A92
:10A370000020107001240133DBB28A1C91B23D4AE7
:10A38000127801329C469A421BDB3C4830F811009F
:10A390000528ECD1481CDFF8E4E03EF81000062860
:10A3A000E5D91628E3D8002B95D105EB450C354AA5
:10A3B00002EB4C024FF0000C82F804C00738107119
:10A3C000D9E73248FFF720FF2F4B00221A7005EB28
:10A3D00045022C4B03EB42035B79834201D00134ED
:10A3E000E4B2002C3DD12A4B1B782A4A11788B42CB
:10A3F0000ED2294A12785AB905EB4505214A32F89E
:10A400001510264A22F813100133214A137002E076
:10A41000214B1B78CBB11A4A1378013313700136E4
:10A42000F6B2B74220D906AB03EB460333F8141C4F
:10A43000134B1D78134A05EB4503580002EB430309
:10A44000002414525C80234699E74B464246134849
:10A4500000F016F90E4B00221A700F4B01221A70F1
:10A46000D9E7FFF7F3FEDAE7054B187807B0BDE848
:10A47000F08300BF3E1D00202C2100200C1E002078
:10A48000F61C0020F81C0020341D0020381D002080
:10A490003F1D0020F51C0020F41C0020401D002062
:10A4A0002DE9F04FA1B00646894690469B469DF89F
:10A4B000A8A0F8F7E9FBF8F743FC01210220F9F71F
:10A4C0004BFA01210846F9F747FAF7F7FDFF614C0F
:10A4D0004FF47A73202260492046FFF779FA002270
:10A4E000FF212046FFF722FA00255F465346B24679
:10A4F0001E4666E00024594A14705A78584B1A7068
:10A500002846FFF733FD0395012202FA05F3DBB27B
:10A51000049319464F48FFF709FA059517E04BB128
:10A5200066BB4E4B00221A7008EB8B0109EB8B00C7
:10A53000FFF796FE3CB156BB00F0F6F8002349F851
:10A540002B3048F82B30474B1B784BBB44BBB42017
:10A55000FFF74CFEF8F7FCFA0546404B1B78002B42
:10A56000DDD1002CDBD10120F8F7FEFAF8F7F0FA84
:10A57000401BB0F5FA6FF0D90124EEE7039B00937E
:10A58000394B0022114602200BF0B2FCC9E7039BB5
:10A590000093364B0022114602200BF0A9FCCBE7BA
:10A5A000059DFFF759FD47F82B002EBB00220499AB
:10A5B0002848FFF7BBF92B4B00221A706EBB013500
:10A5C000EDB2072D31D8AB4605EB85030AEB8303CB
:10A5D0009A78012A8ED0002349F8253048F8253092
:10A5E00047F82530002EEAD00095214B0022114675
:10A5F00002200BF07DFCE2E7F5F77EFF02460B46FA
:10A6000007AC1C4920460CF047FA00941A4B002274
:10A61000114602200BF06CFCC8E7039B0093174B1C
:10A62000114602200BF064FCC9E700210120F9F774
:10A6300093F900210220F9F78FF9FFF7AFFCF8F743
:10A64000A9FCF8F7B3FC0448FBF743F921B0BDE8D7
:10A65000F08F00BFDC1C0020AC190020312100204D
:10A66000F51C0020F41C002014A5010854A50108C5
:10A67000E0A5010894A50108F4A40108ACA501080F
:10A680002DE9F0479146984631B106460F4618B17C
:10A6900042B10025002417E0B9F1000F02D00023D9
:10A6A000C9F80030B8F1000F02D00023C8F800301C
:10A6B000BDE8F08736F81500F6F778FB014620462E
:10A6C000F6F7C0FA04460135AF42F3D83846F6F73C
:10A6D00069FB054601462046F6F770FC8246C9F83C
:10A6E0000000B8F1000FE3D04FF00009002410E0A3
:10A6F00036F81900F6F75AFB5146F6F7A1FA01466B
:10A70000F6F7A8FB01462046F6F79CFA044609F145
:10A7100001094F45ECD829462046F6F74FFC0EF0CC
:10A720003DFBC8F80000C3E708B500210348FDF76A
:10A73000B1FC00B908BDF7F77DFFFBE7581B00200F
:10A7400008B500210348FDF7A5FC00B908BDF7F7DF
:10A7500071FFFBE70C1B002008B5F6F723FB064B47
:10A760001968F6F777FBF5F7C7FE0EF021FCF6F750
:10A77000F3F980B208BD00BFB01B002008B5F6F7A2
:10A7800011FB084B1968F6F765FB074B1968F6F7DC
:10A7900015FCF5F7B1FE0EF00BFCF6F7DDF980B213
:10A7A00008BD00BFB01B0020081E00202DE9F84F97
:10A7B000064602684D4B9A4206D032684C4B9A428C
:10A7C00000F08C80BDE8F88F037F012B19D0494B36
:10A7D0001888F6F7E7FA04464749F6F7EFFB4749CA
:10A7E000F6F738FB054601462046F6F729FA0746F4
:10A7F00029462046F6F726FA81460024A046A246BE
:10A800000DE0FFF791FF3E4A137801331370DEE746
:10A810009D1AADB2013DADB210E00134E4B2394B46
:10A820001D88013DAC4229DA631C374A32F81330E7
:10A8300032F814209342EBD99B1A9DB22846FFF7B9
:10A840008BFFF6F7B3FA834630493846F6F702FB3A
:10A8500001465846F6F7B0FC0028DED02B494846A2
:10A86000F6F7F8FA01465846F6F79CFC0028D4D0D3
:10A87000AA4408F101081FFA88F8CEE75046F6F717
:10A8800091FA04464046F6F78DFA01462046F6F75F
:10A8900095FB1E49F6F792FB1D4B1968F6F7DAFA9D
:10A8A0001C4B186000240AE09B1A9BB2013B98B233
:10A8B000FFF764FF184B23F817000134E4B2274672
:10A8C000A5427FF77AAF631C0F4A32F8133032F893
:10A8D00014209342E8D9981A80B2E9E7FFF730FFD5
:10A8E0000E4A1378013313706CE700BF0044014037
:10A8F000004801402E2100200000C84200002041F5
:10A90000312100202C2100209C1F002000004C42FF
:10A91000B01B0020081E00200C1E0020302100204B
:10A92000002303E0002220F8132001338B42F9D3E7
:10A930007047000070B504460D460A4EC8213046E7
:10A94000FFF7EEFF084B1D80084B1C802346324664
:10A9500000210748FDF768FA00B970BDF7F76AFEF5
:10A96000FBE700BF9C1F00202E2100202C2100208F
:10A97000581B002008B5F8F737F800F01FFB08BD9A
:10A9800008B54FF0FF300AF0C3FF08BDBFF34F8F8B
:10A990000549CA6802F4E062044B1343CB60BFF37D
:10A9A0004F8F00BFFDE700BF00ED00E00400FA0597
:10A9B00070470000014BD870704700BF1C01002099
:10A9C000014B1874704700BF1C01002010B5094BE3
:10A9D000186010B942F210721A60074C20460BF052
:10A9E000A7F8044B196820460BF042F920460BF0FB
:10A9F000F9F810BD18010020442A002000283FD09B
:10AA00002DE9F0418CB003464278022A0AD0032A8D
:10AA10002FD01C4B0022114602200BF069FA0CB01B
:10AA2000BDE8F081027CB0F9121090F914009C7D11
:10AA3000DD7D1E7E5F7E93F81AC093F81BE093F8CD
:10AA40001C80CDF82C80CDF828E0CDF824C00897E4
:10AA50000796069505945C680494DB68039302905E
:10AA600001910092084B0022114602200BF040FA9F
:10AA7000D5E7064B0022114602200BF039FACEE74B
:10AA8000704700BF14A601082CA60108A0A6010863
:10AA900000B583B0054B1B5C0093054B00221146AB
:10AAA00002200BF025FA03B05DF804FBDCA60108D8
:10AAB000C0A60108002839D010B584B00446037838
:10AAC0000BB904B010BD1A4B0022114602200BF046
:10AAD0000FFA237C94F90A2094F91810039102923A
:10AAE0000193E3680093134B0022114603200BF0FF
:10AAF000FFF9114B0022114603200BF0F9F9237ADC
:10AB0000012B0CD1637A43B10C4B00930C4B002208
:10AB1000114603200BF0ECF9D3E70A4BF5E70A4B9B
:10AB20000022114603200BF0E3F9CAE7704700BF8B
:10AB3000ECA6010820A7010854A70108E0A6010817
:10AB400064A70108E4A6010878A7010808B5012850
:10AB500006D0074B0022114602200BF0C9F908BDB0
:10AB6000044B0022114602200BF0C2F9F7E700BFA8
:10AB70009CA7010888A7010808B5002102200AF057
:10AB80006BFE02480BF02EF808BD00BF442A0020DF
:10AB9000A8B310B5044690F90630D3B900210420BB
:10ABA0000AF05AFE164B0022114602200BF0A0F9C3
:10ABB000E379012B06D0134B0022114602200BF043
:10ABC00097F90FE0104B0022114602200BF090F98C
:10ABD00008E00E4B0022114602200BF089F9E379C0
:10ABE000022B00D010BD0A4B0022114602200BF0B0
:10ABF0007FF90121074B187801F04EFBF2E770470F
:10AC0000B0A70108E8A70108C8A7010808A801081B
:10AC100024A801088001002008B5002101200AF0C5
:10AC20001BFE08BD08B5054B1B78012B00D008BDE5
:10AC3000002108200AF010FEF9E700BF8001002083
:10AC400008B501F00BFF00B108BD01F0B7FB01280A
:10AC5000FAD1FFF79BFE0000002955D030B587B030
:10AC60000C460D78A5B390B30578436883B3022DE5
:10AC700016D0032D2CD14278012A29D11B78012B23
:10AC800006D0022B08D01BBB002001F069FC1FE09E
:10AC9000012001F065FC1BE0022001F061FC17E0DF
:10ACA0004278012A14D11B7803F00103174A13706C
:10ACB00033B9174B0022114603200BF019F907E0B6
:10ACC000144B0022114603200BF012F900E000257E
:10ACD000237C052B01D907B030BD94F9082094F9E5
:10ACE000091094F90A00059004910B4951F823309A
:10ACF000039302920195E3680093084B00221146EA
:10AD000003200BF0F5F8E6E7704700BF3429002078
:10AD100048A8010854A80108A0AF010860A80108CC
:10AD200008B50A4601460248F7F7DEFA08BD00BF3B
:10AD300000F0030808B50A460149F7F7F1FA08BD23
:10AD400000F0030810B514480AF0F2FE01F07EFE90
:10AD500048B1124B0022114602200BF0C9F81048EE
:10AD60000AF040FF10BD0F4B0022114602200BF0ED
:10AD7000BFF80D4C022020700C4B002211460BF046
:10AD8000B7F80B4801F0CCFC0121207801F084FADF
:10AD900001480AF027FFE2E7442A0020EC9E010860
:10ADA0002C2A0020A8A8010880010020BCA80108C6
:10ADB0001C01002008B501F0C3FF10F1080F03D0FB
:10ADC000B0F1FF3F07D008BD064B0022114602201C
:10ADD0000BF08EF8F7E7044B0022114602200BF02F
:10ADE00087F8F0E7DCA80108F4A8010870B5A8B05E
:10ADF0000023ADF89E30ADF89C30604B1D6801F02B
:10AE0000EFFA80B100265E4C20460AF091FE3146F2
:10AE1000AE4238BF294620460AF02AFF20460AF0F3
:10AE2000E1FE28B070BD00220292564B022119703B
:10AE300027A90DF19E00F8F751FEBDF89E2040F6BF
:10AE400041639A4207D8504B0022114602200BF072
:10AE50004FF80026D7E74D4B0022114602200BF099
:10AE600047F81FAD019517AC009405AB03AA0FA9D5
:10AE700007A8F8F785FFF7F7B5FB05A903A8F8F7CA
:10AE8000A3FE082300932B4622460FA907A8F8F734
:10AE9000BFFE00240BE028AB03EB8403394A526861
:10AEA00002A953F8840CF8F75FFE0134E4B2072CD2
:10AEB000F1D900240BE028AB03EB4403314A52687C
:10AEC00002A933F8940CF8F765FE0134E4B2032CC0
:10AED000F1D92C4B5C68BDF89E00F5F763FF224664
:10AEE00002A9F8F741FE254C2168BDF89E00F6F74F
:10AEF000BFFF0546BDF89E300093254B012200217F
:10AF000010460AF0F5FF2368AB4211D11D4C029B9D
:10AF100063701420F7F728FE00221E4BD9782046D4
:10AF200001F074FA80B110F1060F15D000266AE71F
:10AF3000194BA3FB05239B090093184B0122002109
:10AF400010460AF0D5FFE1E7154B0122002110461B
:10AF50000AF0CEFF002656E701F02AFA064600283E
:10AF60003FF451AF0C4BA3FB00239B0900930D4B07
:10AF70000122002110460AF0BBFF44E7180100201F
:10AF8000442A0020100100200CA9010858A901083A
:10AF90008CA901081C010020D34D62109CA9010856
:10AFA000CCA90108DCA9010808B5FFF70FFD08BD11
:10AFB000014B1868704700BF1801002070B586B0BB
:10AFC000002405940294019401260096424B2246E7
:10AFD000214602200AF08CFF0225029506230193E8
:10AFE00000953E4B2246214628460AF081FF0296F4
:10AFF0000323019300963A4B2246214628460AF045
:10B0000077FF05A9204601F00BFD059B1A0EC3F33F
:10B0100007210291C3F3074301930092314B22466B
:10B02000214628460AF064FF05A9304601F0F8FCE5
:10B03000059B1A0ED9B20391C3F307210291C3F302
:10B04000074301930092284B2246214628460AF0E6
:10B050004FFF2648F7F742F9002839D10024009421
:10B06000234B22464FF4FA6122480AF003FD224A9C
:10B07000214601200AF0E2FC204A214602200AF083
:10B08000DDFC1F4A214604200AF0D8FC1D4A214657
:10B0900008200AF0D3FC00F087F84FF080711A48BE
:10B0A00001F072FC194801F03BFB0121184B1878A4
:10B0B00001F0F2F8174D0094174B22461749096822
:10B0C00028460AF0D7FC28460AF08CFD06B070BD71
:10B0D000F7F7B0FAC2E700BFFCA9010820AA0108EF
:10B0E00044AA010868AA01088CAA0108342100209A
:10B0F00025AC00082C2A002019C50008EDAD000879
:10B10000B5AD000845AD0008340100201C01002049
:10B1100080010020442A002079AB0008180100209B
:10B12000402800D0704710B53220F7F71DFD4021B0
:10B130004FF09040FAF780F901280DD01548FDF73F
:10B1400027F9F6F795FA0021134B197001200AF040
:10B1500025F9F8F7F1FB10BDF6F73EFA0028FAD111
:10B160000E4B0022114602200AF0C2FE01240A4BB7
:10B170001C700B480AF05AFE0A4B002211460220AE
:10B180000AF0B6FE214620460AF008F9F8F7AAFBB5
:10B19000E1E700BF241C0020F4030020B0AA01084E
:10B1A0005D1E0008D8AA0108054B00221A605A60EB
:10B1B0009A60DA6020225A6001221A60704700BF4C
:10B1C0005C2A0020004870475C2A002070B588B0D7
:10B1D0000024039404940594069407944FF0B0431C
:10B1E000DA6C42F00102DA64DA6C02F001020292D7
:10B1F000029ADA6C42F00102DA64DB6C03F00103BC
:10B200000193019B0125039504950323069303A94C
:10B210004FF09040F9F7C0FF0226039603A94FF0C4
:10B220009040F9F7B9FF224631464FF09040FAF7C7
:10B230000AF9224629464FF09040FAF704F92046D1
:10B2400008B070BD08B503280FD8DFE800F0021081
:10B250001D2A002201214FF09040FAF7F4F8002255
:10B2600002214FF09040FAF7EEF8002008BD0122CD
:10B2700011464FF09040FAF7E6F8002202214FF015
:10B280009040FAF7E0F8F0E7002201214FF09040FB
:10B29000FAF7D9F8012202214FF09040FAF7D3F8DB
:10B2A000E3E7002201214FF09040FAF7CCF80122A9
:10B2B00002214FF09040FAF7C6F8D6E70220704717
:10B2C000012070470120704708B90F2070471620F1
:10B2D000704710B5044610220021F13007F0A9FE96
:10B2E0000021C4F81411F022204607F0A2FE10BD80
:10B2F00008B502460846102100F03AFB08BD2DE9CA
:10B30000F04184B004460D461646D0F81431002BA7
:10B3100054D0C3F110084746904528BF174600F2A5
:10B320000110BAB2184407F06CFED4F814313B4453
:10B33000C4F814310F2B4DD9B0454BD2002308E08F
:10B34000E21892F8F11092F80101414082F8F110F0
:10B3500001330F2BF4DD04F1F10810224146684659
:10B3600007F04FFE22466946684600F083FB102234
:10B370006946404607F045FE3D44F61B1EE004EBDF
:10B38000030E9EF8F1C0EA5C8CEA020C8EF8F1C064
:10B3900001330F2BF3DD04F1F10710223946684623
:10B3A00007F02FFE22466946684600F063FB102234
:10B3B0006946384607F025FE1035103E102E01D99B
:10B3C0000023E6E7B2B2294604F2011007F019FEA5
:10B3D000C4F8146104B0BDE8F08130B589B0054609
:10B3E0000C46102200210DEB020007F022FE22463F
:10B3F00004A9084600F03EFB9DF91030002B01DB4C
:10B40000002330E000230E2B11DC03F120020DEBB2
:10B41000020111F8102C013303F12000684410F8E8
:10B42000100C520042EAD01201F8102CEBE79DF804
:10B430001F305B00DBB28DF81F3083F087038DF87F
:10B440001F3017E003F120020DEB020111F8102C60
:10B45000013303F12000684410F8100C520042EA56
:10B46000D01201F8102C0E2BECDD9DF81F305B0084
:10B470008DF81F30D4F81401102814D09DF9103025
:10B48000002B30DB002341E0E11891F8012103F1AA
:10B490002000684410F8100C424081F8012101336B
:10B4A0000F2BF1DD59E00023FAE703F120020DEB49
:10B4B000020111F8102C013303F1200CEC441CF8AC
:10B4C00010CC520042EADC1201F8102C0E2BECDDFD
:10B4D0009DF81F305B00DBB28DF81F3083F08703CF
:10B4E0008DF81F3019E00023F0E703F120020DEB87
:10B4F000020111F8102C013303F1200CEC441CF86C
:10B5000010CC520042EADC1201F8102C0E2BECDDBC
:10B510009DF81F305B008DF81F302044802380F899
:10B52000013103E02344002283F80121D4F81431CF
:10B530000133C4F814310F2BF4D900230BE0E118C8
:10B5400091F8012103F12000684410F8100C4240EA
:10B5500081F8012101330F2BF1DD002309E0E2180E
:10B5600092F8F1C092F801118CEA010C82F8F1C056
:10B5700001330F2BF3DD102204F1F101684607F0CF
:10B5800040FD22462946684600F074FA1022002148
:10B590000DEB020007F04DFD09B030BD0B780370D4
:10B5A0004B7843708B788370CB78C3700B790371C1
:10B5B0004B7943718B798371CB79C3710B7A0372A9
:10B5C0004B7A43728B7A8372CB7AC3720B7B037391
:10B5D0004B7B43738B7B8373CB7BC373704704E0DC
:10B5E00011F8012B00F8012B1A46531EDBB2002A7A
:10B5F000F6D1704703780A785340037043784A784D
:10B600005340437083788A7853408370C378CA78F4
:10B610005340C37003790A795340037143794A79DF
:10B620005340437183798A7953408371C379CA79CE
:10B630005340C371037A0A7A53400372437A4A7AB9
:10B6400053404372837A8A7A53408372C37ACA7AA8
:10B650005340C372037B0A7B53400373437B4A7B93
:10B6600053404373837B8A7B53408373C37BCA7B82
:10B670005340C37370470B7892F800C083EA0C0301
:10B6800003704B7892F801C083EA0C0343708B7807
:10B6900092F802C083EA0C038370CB7892F803C05F
:10B6A00083EA0C03C3700B7992F804C083EA0C039D
:10B6B00003714B7992F805C083EA0C0343718B79CF
:10B6C00092F806C083EA0C038371CB7992F807C025
:10B6D00083EA0C03C3710B7A92F808C083EA0C0367
:10B6E00003724B7A92F809C083EA0C0343728B7A97
:10B6F00092F80AC083EA0C038372CB7A92F80BC0EB
:10B7000083EA0C03C3720B7B92F80CC083EA0C0330
:10B7100003734B7B92F80DC083EA0C0343738B7B5E
:10B7200092F80EC083EA0C038373CB7BD27B534029
:10B73000C373704708B5FFF75DFF08BD0278184B6B
:10B740009A5C027002799A5C0271027A9A5C0272C7
:10B75000027B9A5C027342784179595C4170417A6C
:10B76000595C4171417B595C41729A5C42738278A9
:10B77000817A595C81709A5C82728279817B595C92
:10B7800081719A5C8273C27BC17A595CC173C17941
:10B79000595CC172C178595CC1719B5CC3707047C0
:10B7A000B8B101082DE9F04784B004460146684667
:10B7B000FFF7F4FE9DF800C06A4B13F80C009DF8EB
:10B7C0000580694A12F808909DF80AE0674911F867
:10B7D0000E509DF80F70CE5D80EA09006840704001
:10B7E000207011F80C0013F808A012F80E9080EAEF
:10B7F0000A0A89EA0A0986EA0906667011F80880C9
:10B8000013F80EE0D65D80EA08008EEA0000704072
:10B81000A07012F80C60D85D86EA08067540684092
:10B82000E0709DF804C013F80C009DF8098012F830
:10B8300008909DF80EE011F80E509DF80370CE5D53
:10B8400080EA090068407040207111F80C0013F87C
:10B8500008A012F80E9080EA0A0A89EA0A0986EA24
:10B860000906667111F8088013F80EE0D65D80EACB
:10B8700008008EEA00007040A07112F80C60D85DDC
:10B8800086EA080675406840E0719DF808C013F824
:10B890000C009DF80D8012F808909DF802E011F858
:10B8A0000E509DF80770CE5D80EA09006840704038
:10B8B000207211F80C0013F808A012F80E9080EA1C
:10B8C0000A0A89EA0A0986EA0906667211F80880F6
:10B8D00013F80EE0D65D80EA08008EEA00007040A2
:10B8E000A07212F80C60D85D86EA080675406840C0
:10B8F000E0729DF80C60985D9DF8018012F8089048
:10B900009DF8067011F807C09DF80B5011F805E07E
:10B9100080EA09008CEA00008EEA00002073885D4E
:10B9200013F808A012F8079080EA0A0A89EA0A09BF
:10B930008EEA090E84F80DE011F8081013F807E0FC
:10B94000575D48408EEA00007840A073925D5B5DD1
:10B9500051408CEA010C83EA0C03E37304B0BDE8A8
:10B96000F08700BFB8B00108B8AF0108B8B101084E
:10B970002DE9F8431446A1F11003DBB2102B1AD8BD
:10B980000D463A4A22FA03F313F0010F13D00A4688
:10B9900001462046FFF723FE05F11C03DBB29B00A6
:10B9A0005FFA83FEC3F30313013B84F8F0302B46A8
:10B9B0004FF0010C29E0002384F8F030FF20BDE8AF
:10B9C000F883182D01D9102A47D05A1BD2B214F887
:10B9D000029089EA080804F8008002F1010814F8CE
:10B9E000088000F1010988EA070704F80970971C2C
:10B9F000E75D00F102087E4004F808600332A65CAF
:10BA0000C21C7140A1540433DBB273452CD21846DA
:10BA10001A1F14F80280DA1EA75C9A1EA65C5A1E32
:10BA2000A15CB3FBF5F205FB123212F0FF02C8D1A4
:10BA30000F4A12F8079089EA0C09975D565C12F8D4
:10BA400008104FEADC1202EB420202EBC20282EA69
:10BA50004C025FFA82FCC846B7E7054A12F8088034
:10BA6000D75D965D515CB0E70020A8E701010100B9
:10BA7000B8B1010892F8F0301BB370B584B00E462F
:10BA8000154601466846FFF7F6FD012409E06846C1
:10BA9000FFF788FE05EB04116846FFF74BFE013403
:10BAA000E4B295F8F030A342F1D86846FFF746FEBD
:10BAB00005EB041269463046FFF7DDFD002004B0B7
:10BAC00070BDFF207047000000230A2B16D810B469
:10BAD0000B4A146803EB03122244127E824206D002
:10BAE0000133DBB20A2BF3D9032010BC704703EB00
:10BAF000031318331C440C600020F6E70320704742
:10BB00006C2A00202DE9F041CCB0529DA9B3074624
:10BB100016461C46884695B302A8FFF7DAFB01A932
:10BB20002046FFF7D1FF044618B120464CB0BDE8CF
:10BB3000F0810199013102A8FFF7DAFB27B1102249
:10BB4000394602A8FFF7DBFB3246414602A8FFF761
:10BB5000D6FB02A948A8FFF740FC9DF820319DF8CC
:10BB6000212143EA02239DF8222143EA02439DF862
:10BB7000232143EA02632B60D7E70224D5E702249E
:10BB8000D3E7000040B108B5044A1060D822044948
:10BB900007F037FA002008BD022070476C2A002009
:10BBA00000E5030800230A2B16D810B40B4A1468CA
:10BBB00003EB03122244127E824206D00133DBB231
:10BBC0000A2BF3D9032010BC704703EB031318337F
:10BBD0001C440C600020F6E7032070476C2A00200C
:10BBE0002DE9F04F99B0044617A9FFF7DBFF034694
:10BBF000002842D019B0BDE8F08F03EB430301EBFE
:10BC000083039B681393179B5A7814929978159124
:10BC1000DA78197958799C79DD791E7A5F7A93F808
:10BC20000AC093F80BE093F80C8093F80D9093F80A
:10BC30000EA093F80FB01B7C1093CDF83CB0CDF85C
:10BC400038A0CDF83490CDF83080CDF82CE0CDF888
:10BC500028C00997089607950694059004910392C9
:10BC600015990291149A0192139B0093094B00229B
:10BC7000114602200AF03CF9BCE70A2BBAD803EBC4
:10BC80004302054911F82220A242B6D00133DBB2AB
:10BC9000F3E700BF38AB0108B8B201080B2B0AD894
:10BCA00000B583B0DDF810C0CDF800C0FFF72AFF63
:10BCB00003B05DF804FB0320704790B110B584B069
:10BCC0008C46144601460020039003AA0092624667
:10BCD000FFF718FF18B9039BA34200D0012004B05E
:10BCE00010BD022070472DE9F041BEB048B30D46AB
:10BCF00014461E4607463BB311F00F0F27D1F02222
:10BD0000002101A807F095F969462046FFF7DCFEFF
:10BD1000804618B140463EB0BDE8F08101AA10212E
:10BD200000980130FFF724FE444607E001AA3119CC
:10BD30003819FFF79FFE1034E4B2103D002DF5D105
:10BD4000E8E74FF00208E5E74FF00208E2E74FF0BE
:10BD50000508DFE730B585B0002938D08C460023D0
:10BD60000A2B30D81B4A11681C4603EB03120A4405
:10BD7000127E824202D00133DBB2F1E70D280AD0F5
:10BD800003EB03141834081910226146013007F040
:10BD900038F9002518E000230093019302930393E0
:10BDA0006B460C2210216046FFF79DFF0546094BAC
:10BDB000186804EB0414183420441022694601303A
:10BDC00007F01FF900E00325284605B030BD022525
:10BDD000FAE700BF6C2A0020D0B110B584B0144639
:10BDE00084460C2A01D10B2914D10023009301931E
:10BDF000029303936B460A4610216046FFF773FFD8
:10BE000008B104B010BD69462046FFF7A3FFF8E76C
:10BE1000022070470320F4E7F8B59DF81850079CFE
:10BE2000089E5BB31F465CB366B3212D2CD82A460F
:10BE30001946204607F0E5F8631C0122691EB81870
:10BE4000FFF751FF10BBE37ADB093370611911F87A
:10BE5000042C11F8030C42EA002211F8020C42EA09
:10BE6000004211F8011C42EA01628BB90123291F2B
:10BE70002046FFF722FF40B1012006E0022004E047
:10BE8000022002E0022000E00520F8BD0720FCE7C8
:10BE90000420FAE740B108B501460822034B1868B0
:10BEA00007F0AFF8002008BD022070476C2A002080
:10BEB00038B108B508220449096807F0A2F8002043
:10BEC00008BD0220704700BF6C2A002048B108B5A9
:10BED0000146054B18680822104407F092F800202C
:10BEE00008BD0220704700BF6C2A002040B108B591
:10BEF000044A11680822114407F083F8002008BDA5
:10BF0000022070476C2A0020022804D0044B1B68D2
:10BF1000596100207047024B1B681961F9E700BFA7
:10BF20006C2A002069B1022805D0074A12685269BC
:10BF30000A6000207047044A126812690A600020F3
:10BF400070470220704700BF6C2A002030B585B0D2
:10BF500005460C460023019302A8FFF7A9FF01A99B
:10BF60000120FFF7DFFF95B10023072B08D803F16D
:10BF700010026A4412F8082CAAB90133DBB2F4E7C4
:10BF8000002323B902A8A84702A8FFF783FF3CB10A
:10BF9000019B2BB901A8A04701990120FFF7B4FF2D
:10BFA000002005B030BD0123EBE70000F0B58FB0F5
:10BFB0000546002409940AA8FFF77AFF9DF8283067
:10BFC0009DF829209DF82A109DF82B009DF82C60E3
:10BFD0009DF82D709DF82EC09DF82FE0CDF81CE047
:10BFE000CDF818C005970496039002910192009332
:10BFF000204B22462146022009F07AFF0CA8FFF7C9
:10C0000075FF9DF830309DF831209DF832109DF875
:10C0100033009DF834609DF835709DF836C09DF86A
:10C0200037E0CDF81CE0CDF818C0059704960390D2
:10C03000029101920093104B22462146022009F002
:10C0400057FF09A92846FFF76DFF9DF827309DF897
:10C0500026209DF825109DF824000390029101925E
:10C060000093064B22462146022009F041FF0FB003
:10C07000F0BD00BF94AB0108D0A00108A4A0010846
:10C0800008B50020FFF7ACFD0120FFF7A9FD09204E
:10C09000FFF7A6FD0820FFF7A3FD0020FFF786FFAE
:10C0A000002008BD10B504460B20FFF799FD0C20B9
:10C0B000FFF796FD0920FFF793FD0820FFF790FD9D
:10C0C0000A20FFF78DFD2046FFF770FF002010BD0E
:10C0D000042807D808B5054B53F820309B681BB1DE
:10C0E000984708BD002070470020FAE7B02B0020D9
:10C0F00070B505460E46002405E09B690BB130463D
:10C100009847013464B2042C24DC134B53F82430D8
:10C11000002BF6D0032DF4D801A252F825F000BF71
:10C12000FBC0000831C100083DC1000849C100083A
:10C13000DB69002BE5D030469847E2E71B6A002B0D
:10C14000DFD030469847DCE75B6A002BD9D0304619
:10C150009847D6E770BD00BFB02B002010B504464D
:10C16000114B00221A7042785A7090F902201A720C
:10C17000B1F900205A7291F902209A72CA781A74A1
:10C180004268DA60094B1B68DB6A3BB102780A2A15
:10C1900004D00E2A02D004490020984721460320EB
:10C1A000FFF7A6FF10BD00BF84010020942B0020E4
:10C1B00010B504460D4B01221A7042785A7090F95E
:10C1C00002209A72C268DA6090F903201A76026936
:10C1D0005A7602795A72064B1B689B6A0BB1034868
:10C1E000984721460020FFF783FF10BD98010020EB
:10C1F000942B002010B5002401E0013464B2042C1B
:10C200000ADC074B53F82430002BF6D0DB68984744
:10C2100003460028F1D000E00023184610BD00BFFF
:10C22000B02B002038B5002401E0013464B2042CA6
:10C2300012DC0A4B53F82430002BF6D01B69002B7C
:10C24000F3D0E0B2FFF744FF0028EED0034B53F8E1
:10C2500024301B699847E8E738BD00BFB02B0020A9
:10C2600008B5044BD870044B1B681B6C03B198478E
:10C2700008BD00BF982B0020942B002008B5044B6C
:10C280001874044B1B685B6C03B1984708BD00BF72
:10C29000982B0020942B002030B591B00C46012340
:10C2A0008DF82C30334B93F904208DF8312093F91D
:10C2B00005108DF83210022822D001208DF83000B0
:10C2C0002D4BD8711A715971002199711C722B4B29
:10C2D0001B78F3B103F0A0FC01238DF804308DF836
:10C2E000083001A803F0D4FE244B1B7803B114B12D
:10C2F0000BA804F0A3F90F9A214B1A6011B030BDBE
:10C3000002228DF830201C4BDA711C7203F084FC81
:10C31000EAE71F238DF804308DF8082001A803F008
:10C32000B7FE20238DF80430124D95F904308DF8B6
:10C33000083001A803F0ACFE22238DF8043095F9F3
:10C3400005308DF8083001A803F0A2FE21238DF8F6
:10C35000043095F905308DF8083001A803F098FEF7
:10C3600029238DF80430074B029301A803F090FEB7
:10C37000B0E700BF982B0020B4010020702A0020F5
:10C38000682B00200004000100B587B009238DF858
:10C39000043001A804F052F9059A044B1A6010B950
:10C3A00007B05DF804FB4FF0FF30F9E7682B002081
:10C3B000014B1868704700BF682B002000B58BB098
:10C3C00001238DF80030684603F0EEFC20B99DF89B
:10C3D000040010B1012000E000200BB05DF804FB68
:10C3E00008B503F0D1F900B108BDFFF7E7FF012858
:10C3F00006D0054B197AD879FFF74EFF0120F3E7F5
:10C40000FFF7F8FEF0E700BFB401002070B586B07A
:10C4100004460D46164603F0B7F9002868D103F02C
:10C42000D1F9002867D1FFF7C9FF012837D1354B73
:10C430001D72003D18BF01258DF80450324B93F951
:10C4400004308DF812306946607803F043FC70B315
:10C4500000238DF804300393ADF810306FF006051B
:10C46000284B03F1100C94E803008CE80300264AE3
:10C4700092F904209A72314601A804F0EBF9059A6A
:10C48000224B1A60112830D8DFE800F0211C2F2F32
:10C490002F2F2F382F2F2F2C2F2F1C1C1C291C4BDC
:10C4A000197AD879FFF7F8FE6FF002050CE02378CF
:10C4B0008DF808306378ADF81030636803934FF05F
:10C4C000FF35CDE76FF00105284606B070BD114B72
:10C4D00000221A7015F1070FF6D00025F4E76FF06F
:10C4E0000405F1E76FF00505EEE74FF0FF35EBE7E8
:10C4F0006FF00105E8E76FF00205E5E76FF0020570
:10C50000E2E700BF98010020982B0020682B002054
:10C51000B4010020662B002000B583B003F05EF963
:10C52000FFF780FEFFF766FE10B90B4B1B7813B9BF
:10C5300003B05DF804FB00228DF800208DF8012087
:10C540000192064BD9786846FFF760FF0028EFD1CB
:10C55000014B00221A70EBE7662B0020982B00207D
:10C5600010B58AB0044603F00FF998BBFFF726FF19
:10C57000012832D100238DF80030684603F014FC06
:10C5800070BB9DF80430A3422DD0012C2ED0022C7C
:10C5900011D074BB0BB9002026E08DF8044068462A
:10C5A00003F076FD38BB1A4B1B681B6B33B3204678
:10C5B0009847002018E01BBB8DF80440684603F044
:10C5C00067FD00BB124B1B681B6BFBB120469847F5
:10C5D000002009E06FF0010006E06FF0020003E0C8
:10C5E0004FF0FF3000E000200AB010BD4FF0FF30E8
:10C5F000FAE70020F8E74FF0FF30F5E70020F3E717
:10C600004FF0FF30F0E74FF0FF30EDE70020EBE7B1
:10C61000942B002070B110B58AB0044600238DF829
:10C620000030684603F0C0FB38B99DF80430237031
:10C630000AB010BD4FF0FF3070474FF0FF30F7E702
:10C6400010B584B000238DF807301D4A0123137004
:10C6500043785370002B31D1044690F90420184BD5
:10C660001A72B1F900205A7291F902209A72CA78AE
:10C670001A740269DA60C3788DF80830037B8DF88C
:10C680000930836803930F4B1B68DB6A13B10C49B5
:10C6900002A898470B4B1B689B6B13B1227E02B11B
:10C6A000984721460120FFF723FD0DF10700FFF712
:10C6B000B1FF637913B1044B01221A7004B010BDAD
:10C6C00084010020942B0020662B002080B110B53F
:10C6D0008AB0044620238DF80030684603F064FBDE
:10C6E00048B99DF904302370044A13710AB010BD93
:10C6F0004FF0FF3070474FF0FF30F7E7982B0020E6
:10C7000000B58BB023238DF800300190684603F00C
:10C71000BFFC10B90BB05DF804FB4FF0FF30F9E738
:10C7200070B58EB00146744C1822204606F069FCA4
:10C73000724B00221A70FEF745FD227801239340C8
:10C7400041680B4206D16E4B01220021084609F0D8
:10C75000CFFBFEE76B496C4803F088F8002840F0F7
:10C76000C58027238DF8103004A803F091FC002821
:10C7700040F08280654B01221A70644B1B78002BBD
:10C7800000F0AB80624B1B68DB690BB1002098475F
:10C79000FFF714FE012800F0988027238DF8103051
:10C7A00004A803F001FB059A92F84810524B197047
:10C7B00092F81811597092F81A219A70514BD96851
:10C7C0009868FFF7C3FB002840F0938006238DF89C
:10C7D000103004A803F0E8FA4E4C059B636104A8EE
:10C7E00003F056FC02238DF81030059404A803F0E2
:10C7F000DBFA03238DF810300834059404A803F005
:10C80000D3FAFFF73DFC0F268DF8106001238DF859
:10C81000143004A803F03CFC10238DF810300025E0
:10C820008DF814500DEB030003F032FC04238DF857
:10C830001030314CA3788DF8143004A803F028FC94
:10C840003A238DF810306369059304A803F020FCA7
:10C850008DF8086002A9207805F07CF90190431B4F
:10C8600018BF0123E3711420FFF74AFFE07904F0B9
:10C87000DDF828460EB070BD28238DF81030244B0B
:10C880001B681B694BB104A803F08EFA204B1B6890
:10C890001B6940F2BC510598984727238DF810304A
:10C8A00004A803F0F5FB00287FF467AF01238DF89F
:10C8B000103004A803F078FA9DF81430002B3FF4F0
:10C8C0005CAF124B01221A7057E702F07BFF002881
:10C8D0003FF463AF03F0A0F95FE705238DF8103054
:10C8E0000023059304A803F0D3FB67E74FF0FF3064
:10C8F000C0E74FF0FF30BDE7982B0020662B0020EB
:10C9000064AC01086C2B0020842B0020702A0020CE
:10C91000942B0020D42B002030B583B00D4600238B
:10C9200001930446D8B900F027FD0190019BF3B1B3
:10C93000104A42F82430104A9A62104A1268916BE9
:10C940001963916C59630E49D96292695A615B68A7
:10C95000F2220C4928469847002003B030BD01A9B7
:10C9600000F010FD0028E1D04FF0FF30F5E74FF068
:10C97000FF30F2E7B02B002099C20008942B002072
:10C9800089C30008742A002000B583B00191194BB7
:10C990001860194B194A1A60194A5A60194A9A6064
:10C9A000194ADA600268194B1A6042685A60826854
:10C9B0009A60C268DA60164A1A6182695A61154B38
:10C9C0001960C26B5A60144A9A60144ADA601946B8
:10C9D0000020FFF7A1FF30B901A800F0D1FC28B971
:10C9E00003B05DF804FB4FF0FF30F9E74FF0FF3084
:10C9F000F6E700BF942B0020842B0020B1C1000873
:10CA000041C60008D1CB00085DC100086C2B002096
:10CA1000B9CD0008C42B002061C200087DC2000807
:10CA200061B118B1012805D000207047054A0A609D
:10CA300000207047044A0A60002070474FF0FF3022
:10CA4000704700BF000400010300010208B504F0B4
:10CA50000BF800B908BD6FF00100FBE708B503F063
:10CA600009F900B908BD6FF00100FBE760B100B53E
:10CA70008BB003228DF800200190684603F094F9F2
:10CA800028B90BB05DF804FB4FF0FF3070474FF052
:10CA9000FF30F6E710B58AB00446FFF78FFC012897
:10CAA0000DD003238DF800300194684603F0F0FAAE
:10CAB00010B900200AB010BD4FF0FF30FAE74FF078
:10CAC000FF30F7E768B110B58AB0044606238DF849
:10CAD0000030684603F068F930B9019B23600AB062
:10CAE00010BD4FF0FF3070474FF0FF30F7E710B543
:10CAF0008AB00446FFF762FC01280DD006238DF8AA
:10CB000000300194684603F0C3FA10B900200AB05F
:10CB100010BD4FF0FF30FAE74FF0FF30F7E70000AD
:10CB200020B1044A92780270002070474FF0FF3025
:10CB3000704700BF982B002010B58AB0044604232C
:10CB40008DF800308DF80400684603F0A1FA18B99A
:10CB5000034B9C700AB010BD4FF0FF30FAE700BFE6
:10CB6000982B00200C4B9B787BB910B58AB00446FB
:10CB700020238DF800308DF80400684603F088FA11
:10CB800030B9054B1C710AB010BD4FF0FF30704733
:10CB90004FF0FF30F7E700BF982B002080B110B5B1
:10CBA0008AB0044621238DF80030684603F0FCF873
:10CBB00048B99DF904302370044A53710AB010BD7E
:10CBC0004FF0FF3070474FF0FF30F7E7982B002011
:10CBD00010B58AB004462B4B00221A7042785A7066
:10CBE000294B1B689B6A0BB12648984721460220B7
:10CBF000FFF77EFA2378052B35D00B2B3CD0012B89
:10CC000038D106238DF80030684603F0CDF801993D
:10CC10001E4BD879FFF778F910B9019A1C4B5A616D
:10CC20001C4C2046FFF752FD601CFFF7B7FF154B69
:10CC30005B7883B1154BFF229A71134B1B685B6ABB
:10CC40000BB1124898470F4B5B789BB90F4BD879C3
:10CC5000FFF728FA0EE0231F00229A710E4B587836
:10CC6000FFF77EFCE9E70D4B01225A74227A9A7491
:10CC7000627ADA740AB010BD6378002BFAD0FFF73D
:10CC800083FBF7E798010020942B0020B4010020DB
:10CC9000D42B0020B8010020982B00208401002014
:10CCA00010B58AB0044621238DF800308DF80400B9
:10CCB000684603F0EDF918B9034B5C710AB010BD7A
:10CCC0004FF0FF30FAE700BF982B002079B110B584
:10CCD00082B00C4601A9FEF765FF58B910220199F0
:10CCE0000131204606F08DF9002002B010BD4FF052
:10CCF000FF3070474FF0FF30F7E730B58BB0044698
:10CD00000D46FFF75BFB012814D064B907238DF8AB
:10CD100000300195684603F0BBF910B14FF0FF30C9
:10CD200006E0002004E029462046FFF713F820B96A
:10CD30000BB030BD4FF0FF30FAE74FF0FF30F7E7B0
:10CD400010B58AB0FFF78AFE044610B120460AB03B
:10CD500010BD00F039F810F1020F12D000BB154BD6
:10CD60001B685B69FBB127238DF80030684603F030
:10CD70001BF8104B1B685B694FF4B861019898472A
:10CD800001E06FF0070400F02FF878B9002CDDD136
:10CD9000084B1B68DB69002BD8D001209847D5E7EA
:10CDA0004FF0FF34EFE74FF0FF34ECE74FF0FF3484
:10CDB000CCE700BF942B0020024B1A881043188048
:10CDC000704700BFEC2B002008B5064B1B881BB139
:10CDD00002F02EFF18B908BD6FF00100FBE76FF0FD
:10CDE0000200F8E7EC2B002010B50024024B1C8059
:10CDF00002F012FF204610BDEC2B0020014B1878EA
:10CE0000704700BF0C2C0020014B5878704700BFC2
:10CE10000C2C00207047704708B5054B9B7A13B166
:10CE2000034B01225A70034B5B6903B1984708BD5D
:10CE30000C2C0020C00100208C4B1B78002B00F034
:10CE40000582C3780BB9837B1BB1884A138A0133EF
:10CE50001382437B002B00F0F981C378E02B40F074
:10CE6000F58170B596B0814B00229A728468237860
:10CE70007F2B00F29380DFE813F080009D00A2007A
:10CE8000AA00B200BF00C600DF00F0001D013101A2
:10CE9000910091009100910091009100910091000A
:10CEA00091009100910091009100910091009100FA
:10CEB0009100910091009100910035013C014001E9
:10CEC00091009100910091009100910091009100DA
:10CED00091009100910091009100910091009100CA
:10CEE00091009100910091009100910091009100BA
:10CEF00091009100910091009100910091009100AA
:10CF00009100910091009100910091009100910099
:10CF10009100910091009100910091009100910089
:10CF20009100910091009100910091009100910079
:10CF30009100910091009100910091009100910069
:10CF40009100910091009100910091009100910059
:10CF50009100910091009100910091009100910049
:10CF60009100910091009100910091009100910039
:10CF7000910091004B016C017A013C4BDA68012170
:10CF8000997200201070D8689A7A54189C720624FE
:10CF90008454D8689A7A54189C728154334B9B7A83
:10CFA000002B00F04C81324B5B7A002B00F03D816E
:10CFB00016B070BD2D4B012283F83420EEE72D4BC7
:10CFC0009B6A002BEAD0012102209847E6E76278AD
:10CFD000264B83F83620012283F83520DEE7042330
:10CFE0008DF804306378003B18BF01238DF80830BA
:10CFF00001A803F04DF8D1E76078003818BF012090
:10D0000003F014FDCAE701AD1B4E0FCE0FC50FCEC6
:10D010000FC596E8070085E8070063780A2BBDD89E
:10D02000164A12685268002AB8D016A901EB830389
:10D0300053F8540C9047B1E76278531EDBB2012BD2
:10D04000ACD8501E18BF0120084B18720B4B1B6840
:10D050009B68002BA2D09847A0E7044BDA68012117
:10D060009972082313700B461BE000BF0C2C0020A4
:10D07000F02B0020C00100208C9E0108082C00200D
:10D08000826801F1010C525C7149CD688C7A04F11F
:10D09000010E81F80AE001322A550133DBB25FFA52
:10D0A0008CF16B4A527A047BA24228BF22469A42F4
:10D0B000E6D873E7664BDA6801219972092111708D
:10D0C000188AD9689A7A541C9C7288541A8AD8682B
:10D0D000997A4C1C9C72130A43545FE75C4B002204
:10D0E0001A825BE705238DF8043001A803F0A6FA45
:10D0F00054E7584BDB6A984750E76078544B5875B3
:10D10000554B1B68DB68002B3FF448AF984745E759
:10D11000037B072B7FF442AF06238DF8043063783E
:10D12000A27843EA0223ADF80830E378227943EA93
:10D130000223627943EA0243642202FB03F303936E
:10D14000836893F906308DF8103001A803F076FA61
:10D1500024E73B238DF8303000238DF834300CA8C1
:10D1600002F096FF3A4B012283F8342016E72A2377
:10D170008DF8043001A802F017FE0299039A344B8F
:10D18000DC68987A451C9D727F25255432480068DA
:10D19000DD689C7A661C9E72C6782E55DD689C7A86
:10D1A000661C9E7286782E55DD689C7A661C9E727F
:10D1B00046782E55DD689C7A661C9E72007828554C
:10D1C000DC68987A451C9D72C1F307652554DC68BC
:10D1D000987A451C9D72C1F307452554DC68987AFE
:10D1E000451C9D72C1F307252554DC68987A451CBF
:10D1F0009D722154D868997A4C1C9C72C2F30764C2
:10D200004454D868997A4C1C9C72C2F30744445425
:10D21000D868997A4C1C9C72C2F307244454D8688D
:10D22000997A4C1C9C724254B8E60C4C4FF47A71BB
:10D23000204608F01DFD204608F0D4FCB8E607485B
:10D2400008F076FC024B00225A70B1E6704700BF2E
:10D250000C2C0020C0010020082C0020F02B002006
:10D2600030B583B0274B5B7893B9264B93F83530B4
:10D27000002B3DD1234B93F834303BB1214B00229E
:10D2800083F83420204B5B6B03B1984703B030BD6B
:10D2900008F00EFC04461B4B5D68FFF789F8054457
:10D2A000A542E7D2174B9B7A002BE3D0E0228DF802
:10D2B00000208DF80130134BDA6801920122197AAF
:10D2C0006846FFF7A3F810B110F1070F06D10D4B18
:10D2D00000225A709A720B4B5C60CBE70B4D40F208
:10D2E000DC51284608F0C4FC284608F07BFCF2E735
:10D2F000044B002283F8352093F83600FFF730F90D
:10D30000B8E700BF0C2C0020C0010020F02B00204B
:10D3100030B583B088B1034679B113480360134B2D
:10D32000D9605A7201221A7000220092104B4FF0FD
:10D33000FF31104808F09EFB04E000230A4A136006
:10D340000A4A1370094C002525822022294604F13F
:10D35000140005F06EFE6570A57484F8345084F8EE
:10D36000355003B030BD00BF082C00200C2C00202D
:10D3700019CE0008F02B002000487047C0010020A3
:10D38000002070474FF0FF3070470000074B93F8C4
:10D390001831022B04D0064B062283F890247047E4
:10D3A000034B022283F89024704700BFAC32002068
:10D3B00068380020014B83F89204704768380020D9
:10D3C00008B5154B93F8913413F0080F0ED012489E
:10D3D00090F8913423F0080380F89134D0F8443366
:10D3E000DB6800F28C4100F58D6098470A4B93F89A
:10D3F000913413F0020F0ED0074890F8913423F0C7
:10D40000020380F89134D0F844335B6800F28C4119
:10D4100000F58460984708BD6838002010B10129E4
:10D4200001D000207047002AFCD000207047000087
:10D43000074BD3F8403313F0800F08D0044A23F091
:10D440008001C2F8401323F08203C2F840337047D2
:10D4500068380020064B1B6B4BB9054AB2F82031E7
:10D460000449D1F81C14013B01FB03F3136370471B
:10D47000AC3200206838002008B5844608461146C2
:10D48000064BDB6B624649B29847054AD2F84033F7
:10D4900043F00203C2F84033002008BDA0B30108E6
:10D4A000683800200246F8B101B3037B13F00F0384
:10D4B00005D090F8200010B100200870704792F855
:10D4C000280010B901230B7070472BB992F8200087
:10D4D00010B902230B70704753B992F820204AB15B
:10D4E00003220A70184670470320704703207047D4
:10D4F0001820704718207047884201D200207047DA
:10D500000120704708B50B4B93F868100A4B93F84D
:10D510001804FFF7F1FF50B9074B93F8913413F05B
:10D52000020F04D0044B93F88F34012B00D908BDAF
:10D530000120FCE7AC3200206838002008B5094B18
:10D5400093F86810084B93F81804FFF7D5FF40B91B
:10D55000054B93F8913413F0020F02D0024B93F86D
:10D56000440408BDAC32002068380020B0F1FF3F11
:10D5700000D001307047000010B5124B93F8913481
:10D5800013F0020F04D00F4B93F88F34012B08D9FE
:10D590000D4B93F81A3123B10B4CA06AFFF7E6FF4D
:10D5A000A062084B002283F8182483F81A2483F819
:10D5B0001924D3F8402322F00202C3F840230120AB
:10D5C00010BD00BF68380020AC32002008B5044B05
:10D5D000D3F8483313B15B6903B1984708BD00BF66
:10D5E0006838002008B5044A137843F00403137028
:10D5F000FFF7ECFF08BD00BF5C2C002008B5044B12
:10D60000D3F8483313B11B6903B1984708BD00BF75
:10D6100068380020044B93F8910410F0050000D105
:10D6200070470120FCE700BF6838002008B5084BB0
:10D63000D3F8402322F48072C3F8402393F8912456
:10D6400042F0100283F89124FFF7C0FF08BD00BF2D
:10D650006838002000B585B00D4B93F87C208DF81C
:10D660000A208DF809000D228DF8082093F88C30DF
:10D6700013B10E238DF8083002A9054B93F848002A
:10D6800004F068FA0190C0B205B05DF804FB00BF79
:10D69000AC32002038B5044615460846FFF7DAFFDD
:10D6A0002C44A04201D2002038BD0120FCE700003C
:10D6B000F0B58FB03B4B93F81831022B02D03A4BA8
:10D6C000DB6A9847EFF3108772B608F0F1F9374B31
:10D6D0001D68374CD4F8B0132D1A04F56076294430
:10D6E000304608F0C5FA304608F07CFAD4F8B41396
:10D6F00004F566762944304608F0BAFA304608F058
:10D7000071FA87F3108894F81A34002B34D1284B1F
:10D71000002283F84124254B1B68224FFB62244CD6
:10D7200094F81B248DF8102005930CAE304607F0BA
:10D730001BFF02ADD4F838350093D4F8343596E8A1
:10D740000600284607F0ADFE07AB95E8030083E826
:10D750000300D4F81C34069301238DF8113097F898
:10D7600030310BB98DF8113004A90E4B93F84800F5
:10D7700004F001FA0FB0F0BD15238DF828300AA986
:10D78000084B93F8480004F0E5F90990D4F8B41375
:10D7900004F580640144204608F06AFA204608F047
:10D7A00021FAB8E7AC320020A0B30108582C0020C1
:10D7B0006838002010B5074C204608F0B9F9A37E60
:10D7C00023B1A4F58063012283F81924FFF7FEFE3C
:10D7D00010BD00BF683C002008B50E4BD3F84023B5
:10D7E00042F08002C3F8402393F81A3473B9094B0E
:10D7F00093F8912442F0020283F89124D2B242F0CD
:10D80000100283F89124FFF7C1FD08BD0020FFF747
:10D81000D1FFECE76838002008B50B2003F042FC8C
:10D8200088B10B4B93F8910410F0010F0DD110F05B
:10D83000040009D01A46D3F8403323F00203C2F89B
:10D840004033012000E0002008BD0020FCE700BFBD
:10D850006838002038B5049C059DF2B19446F4B1B7
:10D86000FDB188B101281ED1C3F30743012B02D0BB
:10D87000032323700AE021B1032902D0012323707E
:10D8800004E00223237001E0042323702A46BCF83D
:10D890000E10207803F030FE38BD0920FCE7092087
:10D8A000FAE70920F8E70520F6E7012800D97047D4
:10D8B00008B5012A05D111F0200F04D003F09EFA1B
:10D8C00001E003F09BFA08BD2DE9F04F8FB09846B8
:10D8D00000238DF82F30ADF82C309DF86030012BEF
:10D8E00000F2E08205460C4617464FF00009BC42A4
:10D8F00080F0D882285D03F0D9FA2044B84200F3C2
:10D90000D182661CF6B22B5D023B112B00F2CA825B
:10D91000DFE813F012002800AD00C0000D01250162
:10D920005E017A01C601C802C802F601C802C80237
:10D9300058026F028E02A802052003F0B3FB08B95B
:10D940003446D4E70521002003F060FBA31CDBB2C2
:10D95000A95DAA4A82F85C140334E4B2EB5C82F855
:10D960005D34C4E700238DF80A308DF80B308DF854
:10D970000C308DF81430B9F1000F36D00534E4B214
:10D98000B5E705238DF8243050E09D4B93F93930ED
:10D990009DF90A20934203DA994B012183F81D1166
:10D9A000974B83F839209DF80B2083F838209DF899
:10D9B0000C2083F868204DE001220DF12F01032097
:10D9C00003F0A8F90134E4B29DF814308D49A1FBAD
:10D9D0000321B4EB910FEFD33344DEB2741EE4B2F3
:10D9E000A7423AD92B5D032B36D1731E2B440893E3
:10D9F000834B93F81A218DF8262093F87C108DF82C
:10DA0000251093F939108DF8271093F938108DF8F7
:10DA1000281093F868108DF82910D3F82C3107934B
:10DA2000002AAED0BB1B01338DF8243005AB019327
:10DA300003AB00930DF10B030DF10A0207A9704827
:10DA400090F8480004F0E6F88DF82F0000F0070089
:10DA500007289AD00024B7E73446BC4204D2013CE0
:10DA6000E4B24FF0010942E74FF001093FE7023409
:10DA7000E4B2AB5D03F00F03614981F81B31012271
:10DA800002FA03F3A1F8203100220BA9042003F0CD
:10DA900041F92CE707238DF82F30AB5DC3F3021259
:10DAA0008DF81D2003F00F038DF81C30A21CD2B29C
:10DAB0000F2B27D0E11CC9B2AB5C0893221DD2B258
:10DAC000695C43EA012308930534E4B2AA5C43EAA3
:10DAD00002430893642202FB03F3089307A9484B0F
:10DAE00093F8480004F0A8F88DF82F0000F0070321
:10DAF000072B0DD08DF82C0001220BA9052003F077
:10DB000009F9F4E63E4B93F970308DF81C30D1E7FB
:10DB10009DF81C203A4B83F8702083F87820089AEF
:10DB2000DA665A679DF81D2083F86920E2E7334BD7
:10DB3000D3F848337BB11B687BB198478DF82C0034
:10DB400008F03F038DF82D3002220BA9062003F0C8
:10DB5000E1F83446CBE6FF20F0E7FF20EEE70323B1
:10DB60008DF82F30A31CDBB2AA578DF8182007AA16
:10DB70000592E21CD2B2EB5C0793211DC9B2AA5CEC
:10DB800043EA02230793621DD2B2695C43EA014370
:10DB90000793642101FB03F30793002308930634E2
:10DBA000E4B2AB568DF8243005A9154B93F8480024
:10DBB00004F04BF8C3B28DF82F300028FFF697AE73
:10DBC0008DF82C3001220BA9072003F0A3F88EE674
:10DBD0000234E4B2AB5D13F00F0300D101334FF414
:10DBE0007A7202FB03F3064A936503F57A73D365F1
:10DBF00000220BA9082003F08DF878E66838002091
:10DC0000AC320020CDCCCCCC0234E4B2AB5D0022EF
:10DC10008DF80C208DF80D2013F0200F02D001227A
:10DC20008DF80D2013F0100F02D001228DF80C207A
:10DC300003F00F038DF80E3003A99C4B93F84800B6
:10DC400004F00CF8B0F1FF3F3FF451AE9DF80CA08A
:10DC5000964E86F87CA09DF80D3086F87D309DF8B4
:10DC60000E30934AD05CF3F79DF8C6F8800002238B
:10DC70008DF81C308DF81EA007A996F8480003F017
:10DC800069FF059040B296F939309842B8BF1846FE
:10DC900086F8390000220BA9092003F03BF826E69C
:10DCA00003238DF82F30A31CDBB2AA5D8DF81C2056
:10DCB000E11CC9B2EB5C0893221DD2B2695C43EA55
:10DCC000012308930534E4B2AA5C43EA02430893B3
:10DCD000642202FB03F3089307A9744B93F84800EE
:10DCE00003F0C5FFC3B28DF82F300028FFF6FFAD5B
:10DCF0008DF82C3001220BA90A2003F00BF8F6E571
:10DD0000092003F0CFF928B96A4B002283F83824A0
:10DD10003446ECE50921002003F078F903A900233B
:10DD2000039304930DF1140A059306930DF11C0B54
:10DD300007930893A01CC0B2AB5D0393E21CD2B260
:10DD4000285C43EA00230393201DC0B2AA5C43EA87
:10DD500002430393621DD2B2285C43EA006303933B
:10DD60000634E4B2AA5CADF810204FF47A7000FBE0
:10DD700002F2120AADF8102003C98AE803004E4AE5
:10DD80001A440592584607F0CDFB4A4ED6F83C336C
:10DD90000093D6F838339AE806000CA807F081FB08
:10DDA0000D9B00930C9B9BE80600504607F05AFB26
:10DDB0009AE8030007F094FB02F012FF012386F8B3
:10DDC000383494E50C2003F06DF908B934468EE53B
:10DDD0000C21002003F01AF9364B93F89034043BE1
:10DDE000DBB2012B01D8344681E502F0F5FE344662
:10DDF0007DE5A21CD2B2AB5DE11CC9B2AA5C43EACC
:10DE00000223221DD2B2695C43EA01430534E4B225
:10DE1000A85C642103FB01F100F00F0002F0DDFEBD
:10DE20008DF82C0001220BA9112002F073FF5EE592
:10DE30000D2003F037F908B9344658E50D210020CC
:10DE400003F0E4F8A21CD2B2A85DE31CDBB2AE5C26
:10DE50000434E4B2194A1268E95C40EA062002F090
:10DE6000BEFE44E5A11CC9B2AB5DE21CD2B2695C46
:10DE700043EA01230434E4B2AA5C43EA0243642087
:10DE800003FB00F002F0ADFE40B101238DF82C3011
:10DE900001220BA9132002F03DFF28E500238DF895
:10DEA0002C30F5E70FB0BDE8F08F00BFAC3200209A
:10DEB0003CB3010868380020803DD512482C002072
:10DEC0002DE9F043A5B0B54B5E681D89B3F90A8012
:10DED00093F90C7000230793B14AD2F8E490B14A49
:10DEE000117863F300011170AF4C84F84434A4F846
:10DEF0008C8484F88E7494F8902484F88F2484F8A9
:10DF0000233484F8223484F82534C4F8283484F87F
:10DF10002C3484F82D3484F82E34C4F8303484F84A
:10DF20002034C4F8343484F83834C4F83C349F4B7B
:10DF3000DB6A984794F88F34D3B12946304602F013
:10DF400038FED0B9964B93F81831012B1DD0002D17
:10DF500038D034786309013B062B00F21B83DFE8DD
:10DF600013F038001903F2001903EE001903ED0253
:10DF700004F5667007F0DCFDDFE78B4BA3F87E84C9
:10DF800083F8807425B0BDE8F08302F016FE50B12E
:10DF9000002002F007FE002002F009FE824B04225E
:10DFA00083F88F24D3E702F00AFE0028CFD00020A8
:10DFB00002F0F9FD002002F0FBFD7B4B052283F807
:10DFC0008F24C4E7784B012283F82124FFF704FC57
:10DFD000D8E7102D40F28A800896EDB28DF82450D3
:10DFE0006F4B93F83031002B40F0878004A8FDF789
:10DFF0007DFF08AA04A9FF2003F0D0FB002840F011
:10E0000093809DF8303003F00F030F2B12D09DF852
:10E010003030C3F303038DF80C30614B93F87D204F
:10E020008DF80D20072203A993F8480003F0B3FDF3
:10E03000002869D09DF82930594CC4F8E0309DF88B
:10E040002A2043EA0223C4F8E0309DF82B2043EA5B
:10E050000243C4F8E0300B99C4F8E4100220FDF745
:10E0600053FF9DF83030C3F3021284F8692003F0A7
:10E070000F030F2B07D09DF83030C3F3030384F850
:10E08000703084F878309DF83130454A936513B983
:10E09000134601229A65424CA36D4FF47A7202FB3B
:10E0A00003F3A3651344E365012684F86860002345
:10E0B00084F82E310DF132032293113D8DF88C50EE
:10E0C000394B93F81B348DF8843021A994F848001B
:10E0D00003F06CFD022384F83031304602F0E2FF99
:10E0E000E8B9314B012283F83C253FE22E4B012257
:10E0F00083F82124FFF770FB44E72B4B012283F8C0
:10E100002124FFF769FB3DE7012002F0CBFF002847
:10E1100000F02C820121072002F078FF26E2314630
:10E12000002002F073FFDCE7012002F0BBFF0028B3
:10E1300000F01C820121072002F068FF16E21A4B52
:10E14000012283F82024164B93F87D208DF87E2041
:10E15000154A92F924248DF87D200D228DF87C201B
:10E1600093F88C3013B10E238DF87C301FA90C4B23
:10E1700093F8480003F0EEFC1E90A5F10D031BB2CE
:10E1800023EAE37300B2834201DC0B2D10D8064B67
:10E19000012283F82124FFF71FFBF3E6482C00201F
:10E1A000AC3200205C2C002068380020A0B30108AD
:10E1B00012968DF84C50A54B1B93FF238DF87030B1
:10E1C00012A803F0BDFB002836D1A14B93F81831FB
:10E1D000012B38D0149A9F4BC3F8342404A912A8F9
:10E1E000FFF760F90546002858D10023079303463E
:10E1F000002B5AD0012607AB01930DF11B030093AE
:10E20000934BD3F82C3112AA9DF810103046FFF72B
:10E2100021FB002800F08B80072800F083808D4BC5
:10E22000012283F82124079A8A4BC3F83024C3F8CB
:10E230006C24FFF7D1FAA5E6864B012283F821244E
:10E24000FFF7CAFA9EE602F0B8FC88B1002002F09F
:10E25000A9FC002002F0ABFC7E4B042283F88F2443
:10E260009DF85410C1F30011149802F0BFFCB1E7FF
:10E2700002F0A5FC0028ADD0002002F094FC0020A4
:10E2800002F096FC734B052283F88F249DF85410FE
:10E29000C1F30011149802F0A9FC9BE76D4B012219
:10E2A00083F82124FFF798FA6CE6184603EB430144
:10E2B000674A02EB0112D2F8EC2014998A4202D08C
:10E2C0000133DBB294E703EB4306614901EB06112E
:10E2D00091F8E9100029F3D05D4B302101FB0030AB
:10E2E00090F8EA60D0F80C110968079193F818319A
:10E2F000022B0BD09DF81030032B0CD19DF854301D
:10E3000013F0600F07D19146012574E7514B0321AB
:10E3100083F88F14EEE74F4B012283F82124FFF797
:10E320005BFA2FE64B4B082283F821247BE712ABE4
:10E330000093079B9DF81B204946304603F086F961
:10E3400000284ED1434B002183F8211483F8225436
:10E35000C3F8281483F82C14079AC3F83024C3F8A0
:10E360006C249DF85420C2F3401283F82E2483F8C5
:10E37000411483F8442493F88F0401283FD9012DD8
:10E3800043D004F0E004A02C44D00023304A82F8AB
:10E390003A30304A82F820342D4B93F83A3023B982
:10E3A0009DF8543013F0100F03D0294B93F8183117
:10E3B0001BB1284BD3F83C341BB1264B012283F808
:10E3C0002524244B93F840249DF85410FFF76DFA50
:10E3D0009DF81030032B00F29A80DFE803F03F66CF
:10E3E0007888022806D01B4B0B2283F82124FFF7E4
:10E3F000F3F9C7E5174B0A2283F82124F7E7144BFA
:10E400009962012283F81E21B9E7124B022283F898
:10E410002024C1E70E4B012283F83A2093F82E31D5
:10E4200013B91D9A0A4B5A630A4B012283F8202420
:10E430009042B1D9064BD3F89020064BC3F83C2448
:10E44000054A1268C3F89824A6E700BFA03A002046
:10E45000AC32002068380020482C00209DF8542061
:10E46000574C94F88F3400933B4602F00F02002182
:10E4700016A8FFF729FA9DF8683084F823341B9B0F
:10E48000C4F828349DF8703084F82C34012384F8C3
:10E490002D349DF86830E02B40D0494A92F89134F1
:10E4A00043F0020382F8913460E09DF85420444C1C
:10E4B00094F88F3400933B4602F00F02002116A817
:10E4C000FFF702FA9DF8683084F82334E1E73C4C0A
:10E4D00094F88F3400933B469DF8702000211B98E0
:10E4E000FFF7F2F99DF8683084F82334D1E79DF8FE
:10E4F0006820334B83F823241B9AC3F828249DF803
:10E50000702083F82C24012283F82D24C1E72C4BA2
:10E51000012283F82124FFF75FF9BAE7294A92F82C
:10E520001F21002AB9D1264A82F823340023C2F8D9
:10E53000283482F82C3482F82D34AEE76A1E224C3F
:10E5400092B2711C204604F05CFD032284F8E8219D
:10E55000002284F8E921C4F8F041013D84F8F45127
:10E5600094F8592242F0020284F85922144B93F88D
:10E570008F34012B15D9124B93F88F34022B06D010
:10E580000F4A92F8913443F0100382F89134FEF769
:10E59000FDFEF7E40A4B012283F82124FFF71CF962
:10E5A000E4E7074B93F81A34002BE4D0044B93F8BC
:10E5B0004434002BDFD00020FFF7FCF8DBE700BF7E
:10E5C00068380020AC320020A03A002010B50F4B74
:10E5D00093F81831022B02D00D4BDB6A9847FEF7F7
:10E5E000D5FE0C4C022084F8410402F03DFD94F865
:10E5F0001A3413B1012284F81924064A92F891348E
:10E6000043F0100382F8913410BD00BFAC320020FB
:10E61000A0B301086838002008B502F0CCFA78B938
:10E62000094B93F81831012B01D0002008BD02F0EE
:10E63000C4FA38B902F0C3FA0028F7D00F20F5E782
:10E640000E20F3E70F20F1E7AC320020F8B50546C5
:10E650000C46344B93F81831022B02D0324BDB6A54
:10E66000984702F0A8FA064648BB2E4B93F818319B
:10E67000012B2BD0002E51D12C4B93F89034002B32
:10E680003BD12A4B93F81A3413B1284B83F84154E9
:10E69000284602F0E9FC234BD86A07F013FA234B13
:10E6A000D3F8B433984239D3214C204607F040FACE
:10E6B00094F8F93043F0100384F8F9302EE002208A
:10E6C00002F06FFA002002F071FACEE702F075FA5C
:10E6D000074650B902F073FA0028CBD0002002F0B0
:10E6E00062FA002002F064FA18E0002002F05AFA00
:10E6F000002002F05CFA3E46ECE70C4B93F81A342B
:10E7000013B10A4B83F84144204602F0ADFC074A9E
:10E7100092F8913443F0100382F89134FEF736FEFC
:10E72000F8BD00BFAC320020A0B30108683800205B
:10E73000003C002008B506210520FFF787FF08BD33
:10E7400008B504210320FFF781FF08BDEFF3108116
:10E7500072B6144A13680020106081F3108803B366
:10E7600010B5DCB213F0200F0CD114F0100F0CD147
:10E7700014F0080F0CD114F0040F0CD114F0020F98
:10E780000CD110BDFEF794FFEFE7FFF799FBEFE721
:10E79000FFF71CFFEFE7FFF7CDFFEFE7FFF7D0FF35
:10E7A000EFE770475C2C002009B90020704710B5D6
:10E7B0000446084607F086F9A04201D8002010BDA3
:10E7C000024B002283F83A200120F8E7AC32002007
:10E7D00008B5144B93F8913413F0040F00D108BD21
:10E7E000012002F05FFC78B1012002F025FC18B98D
:10E7F0000C4B002283F818240A4AD2F8403323F045
:10E800000203C2F84033EAE7062002F04BFC00287E
:10E81000E5D0044AD2F8403323F00203C2F8403373
:10E82000DDE700BF6838002008B50F4B93F80431CE
:10E830001BB1042B0AD0032008BD0C4803F0DFF8FD
:10E8400068B9094B93F80C211A80F5E7074803F0E3
:10E850000CF930B9044B93F80C211A80ECE7112025
:10E86000EAE71120E8E700BF68380020703900208F
:10E8700070B582B01E4C94F8486094F9693094F9F0
:10E88000392094F87D10304603F012FA194D0095A6
:10E89000E36C94F8502041B2304603F098F905F14A
:10E8A00018030093E36C94F8502094F9701094F8D6
:10E8B000480003F08CF9A26DA5F56E73E868024478
:10E8C00045F8082CE26D696A0A4445F8042C93F86F
:10E8D0000431042B09D0236E1844A5F56E73C3F8D8
:10E8E000B003626E1144C3F8B41302B070BD00BF30
:10E8F000AC320020203C002010B582B000230193F0
:10E900000D4B93F8304114B9204602B010BD01A858
:10E9100002F08EFA044668B99DF80420064B93F97C
:10E920003910064B93F83702FEF7B4FE0028EBD1FE
:10E930000824E9E71324E7E7AC3200206838002018
:10E9400030B583B000230193184B93F8043133B1F1
:10E9500005460C46042B0BD0032003B030BD1448F1
:10E9600002F00AFED8B9114B93F80C211A80F4E793
:10E9700001A802F0B5FDA0B90C4B93F8183413B1FF
:10E98000019B013B01930A4B22462946019802F064
:10E9900019FE40B9054B93F80C211A80DDE71120D0
:10E9A000DBE71220D9E71120D7E700BF6838002045
:10E9B0007039002070B586B0064600238DF8073008
:10E9C0008DF80800364D95F939308DF8093095F9F4
:10E9D00038308DF80A30D5F880300393D5F884307C
:10E9E0000493304C2388ADF8143095F830318DF80D
:10E9F000163004F21C430DF1070202A995F84800F5
:10EA000003F0FCF8012384F8413495F8393084F898
:10EA100042349DF8073084F84334C4F85064D4F885
:10EA20001C34C4F84834C4F8583402F0CAF860BB47
:10EA30001B4B93F81831012B2FD002F0C5F8184B5F
:10EA400093F93900174B93F81B14C0B2FFF778FF06
:10EA50000446B8B91348D0F8403343F00203C0F875
:10EA6000403390F818340133DBB280F8183480F862
:10EA700045340023C0F898340B4B9B6A30F8021BD6
:10EA8000C9B29847204606B070BDD4F81C0402F005
:10EA9000AAF80028CCD01024F4E702F0A6F8CCE7BE
:10EAA000AC32002068380020A0B301082DE9F04303
:10EAB0008DB00546FFF7B0FD044618B120460DB0F5
:10EAC000BDE8F083FEF7C6FCFFF7AEFE0446002863
:10EAD000F4D1364E336B049396F939308DF81830F3
:10EAE00096F81C318DF81A300DF12809484606F0C9
:10EAF0003BFD0DF108082E4FD7F838350093D7F8B5
:10EB0000343599E80600404606F0CBFC07AB98E8A0
:10EB1000030083E80300F36A059300238DF8243093
:10EB200001238DF819303B88ADF8263096F8303146
:10EB30002BB901238DF8243000238DF819301D4B9B
:10EB40001A4800F130020092A3F1790204A990F86A
:10EB5000480003F0A0F8C0B10B2824D1144AD2F821
:10EB6000941491B10DB90446A8E71546D2F8402394
:10EB700042F02002C5F8402305F55A75284607F0F3
:10EB800077F8284607F02EF898E7FFF771FEFFF7B1
:10EB9000B3FE0446002891D1054B93F81B04FFF700
:10EBA00009FF04468AE7044688E700BFAC3200202C
:10EBB00068380020FC3C002010B5164C204606F0BA
:10EBC000B7FF54F8283C23F0200344F8283CD4F83D
:10EBD0003011114BD3F89000FFF7E6FD00B110BDE6
:10EBE0000120FFF763FF0028F9D00B28F7D00A4B6C
:10EBF00093F83920A4F55A7383F8422493F8182423
:10EC000083F84524092083F8410402F02DFAFEF729
:10EC1000B3FCE4E7D03B0020AC3200201C4B93F85F
:10EC2000913413F0010F31D010B5194B93F84034E3
:10EC30002BB1032B03D0012B06D0002002E0FEF7FE
:10EC400061FC40B9B0B110BD114B93F819347BB1E0
:10EC5000FEF774FCF5E70F4C204606F069FF54F808
:10EC6000283C23F0200344F8283CFEF785FCEAE723
:10EC70000120E7E7064B93F8912422F0100283F875
:10EC8000912483F81904FFF797FFDCE7704700BF72
:10EC900068380020D03B002038B5224BD3F84033F1
:10ECA00083BB204B93F8914414F0010506D01A461B
:10ECB00093F8913423F0010382F89134194B93F8BF
:10ECC000913413F0040F06D0164A92F8913423F0D1
:10ECD000040382F891340120FEF76CFB35B1114832
:10ECE000D0F844331B6800F58860984714F0040F8F
:10ECF00009D101F06AFF0B4A92F8913423F0100316
:10ED000082F8913438BD084802F0D8F902F00EFAC2
:10ED10000028EED0034A92F8913443F0040382F8BD
:10ED20009134E6E768380020BC3C002030B583B061
:10ED3000154C164D0095E36C94F8502094F978101A
:10ED400094F8480002F043FF0223EB7494F830314A
:10ED50002B750123AB7405F13C02294694F8480059
:10ED600002F041FF68B1A5F57A7494F8243484F870
:10ED70006A34074B5B6B0020984794F8FB3384F8A8
:10ED8000903403B030BD00BFAC320020503C0020B6
:10ED9000A0B3010838B50C4606F0CAFE0C4B1B6B3D
:10EDA00098470C4A21460C4B93F8480002F01BFF91
:10EDB00060B10A4D95F8243485F86A34044B5B6BD6
:10EDC000054A506D9847E37C85F8903438BD00BF04
:10EDD000A0B301088C3C0020AC3200206838002031
:10EDE00008B5134B93F8903403B908BD104890F858
:10EDF0001B3480F8D0330F4BDA6EC0F8D42393F86D
:10EE00007D2080F8E02393F88C2080F8E123002215
:10EE100080F8E223012280F8E32393F8303180F870
:10EE2000E43300F5747100F56670FFF7B3FFDCE7BB
:10EE300068380020AC32002008B5114890F81B3427
:10EE400080F8B8330F4B93F9692080F8BB2393F80F
:10EE50007D2080F8C82393F88C2080F8C9230022F5
:10EE600080F8CA2380F8CB2393F8303180F8CC3374
:10EE700000F56E7100F56070FFF78CFF08BD00BFF4
:10EE800068380020AC32002038B5314BD3F840331D
:10EE900003B138BD0446242104F0D4F8636A8342E8
:10EEA00053D0606201251C2104F1280004F0CAF847
:10EEB000636C834202D0606445F002054FF48071B8
:10EEC00004F1480004F0BEF8D4F84831834203D07E
:10EED000C4F8480145F00405D42104F5A67004F0F7
:10EEE000B1F8D4F82032834203D0C4F8200245F0B0
:10EEF0000805002104F5097004F0A4F8D4F82432C0
:10EF0000834203D0C4F8240245F010054FF45E712B
:10EF100004F50A7004F096F8D4F8A035834203D0C3
:10EF2000C4F8A00545F02005142104F2A45004F013
:10EF300089F8D4F8B835834203D0C4F8B80545F051
:10EF400040052846FEF75AFBA3E70025ABE700BFC4
:10EF50006838002038B53E4BD3F84033012B01D040
:10EF6000012038BD3B4C2421204604F06BF8636A35
:10EF7000834201D01720F4E728341C21204604F0F6
:10EF800061F8E369834201D01720EAE720344FF4A7
:10EF90008071204604F056F8D4F80031834201D045
:10EFA0001720DEE704F58274D421204604F04AF8E5
:10EFB000D4F8D430834201D01720D2E7D8340021CE
:10EFC000204604F03FF82368834201D01720C8E7A9
:10EFD00004344FF45E71204604F034F8D4F87833EA
:10EFE000834201D01720BCE704F55F74142120464A
:10EFF00004F028F86369834201D01720B1E7A4F236
:10F00000A455154C40F2BC522946204603F0F9FFA6
:10F0100040F2BC520021284604F00BF80C4B93F848
:10F020001B2483F8E823626FC3F8EC2394F87D2057
:10F0300083F8F823012283F8FA23022283F8FB23C2
:10F04000064B9B6D94F819019847002089E700BF93
:10F0500068380020F02C0020AC320020A0B301085A
:10F0600010B582B0114B1B78A3B1114CD4F84033CA
:10F0700043F48073C4F8403304F29C44204606F005
:10F0800057FD0A21204606F0F3FD204606F0AAFDB2
:10F0900002B010BD054B01221A7000220092054BF0
:10F0A0004FF0FF31044806F0E5FCDEE7442C002079
:10F0B000683800202DD60008043D002008B5074A16
:10F0C000137843F002031370FEF780FA044B012219
:10F0D0000021022006F00CFF08BD00BF5C2C0020C0
:10F0E000B0AC010808B5074A137843F00803137061
:10F0F000FEF76CFA044B01220021022006F0F8FE14
:10F1000008BD00BF5C2C0020C0AC01082DE9F04117
:10F1100080460F4616461D4606F0CAFC0C4C206081
:10F12000C4F804802781668125730A4B1A7842F05F
:10F1300010021A70D2B242F001021A70FEF746FABB
:10F14000054B01220021022006F0D2FEBDE8F0812D
:10F15000482C00205C2C0020D0AC010810B582B0F7
:10F1600006F0A6FC0C4B18606C46204606F0DAF957
:10F170000A4B94E8030083E80300094A137843F03C
:10F1800020031370FEF722FA064B01220021022011
:10F1900006F0AEFE02B010BD582C0020A03B0020AF
:10F1A0005C2C0020E0AC0108F0B591B018B95E4BC2
:10F1B000002283F830215C4C0025A5625B4E86F866
:10F1C000185486F81954C6F8985484F81B5101272E
:10F1D000A4F8207194F9DC3084F8383094F9DD30EB
:10F1E00084F8393094F8B13084F8693004F16C0354
:10F1F00004F1B40292E8030083E8030004F174030D
:10F2000004F1BC0292E8030083E8030094F8C430E0
:10F2100084F87C3094F8C53084F87D30D4F8C83058
:10F22000C4F88030D4F8CC30C4F88430B4F8D0308E
:10F23000A4F88830B4F8D230A4F88A3086F81A548A
:10F2400084F83A5084F81D5184F81E51C4F83451A2
:10F2500084F8385184F83951C4F83C51C4F840510D
:10F2600084F8455184F8465184F847518DF8107060
:10F2700004F50973019304F50A7302932C4B03936D
:10F2800001A994F8480002F07EFC86F81B5486F829
:10F29000D053E36EC6F8D43394F87D3086F8E0336B
:10F2A00094F88C3086F8E13386F8E25386F8E373FD
:10F2B00094F8303186F8E43306F57A7406F5747CF8
:10F2C000BCE80F000FC49CE8030084E8030086F844
:10F2D000FA73022386F8FB330E950F95D6F8483360
:10F2E0001BB15A680E925B690F93124B0593A3F101
:10F2F00048020692A3F114020792293308930E4A9A
:10F300000992A2F19C030A93A2F198030B93131D97
:10F310000C9302F14C030D9302F598620EA905A817
:10F3200001F03EFC11B0F0BDAC3200206838002086
:10F33000602C0020D03C00209033002070B50446A3
:10F34000454B93F81851012D6DD0022D72D0002D30
:10F350007DD158BB03F174026C3393E8030082E85B
:10F3600003002046012C23D0022C71D13A4B83F8A4
:10F3700018413A4E06F57A7406F5747CBCE80F0025
:10F380000FC49CE8030084E80300022386F8FB33E3
:10F390000023002B15DD314B002283F81A24304B5B
:10F3A000DB6A9847FFF7C2FC284651E00320D9E703
:10F3B000204601F00BFC0028D6D1274B83F81841DA
:10F3C000D2E703EB4301244A02EB011292F8E92051
:10F3D00032B1214A02EB011292F80021022A02D036
:10F3E00001335BB2D5E71C4A02EB0113D3F80411D9
:10F3F000516793F8083182F87830184B93F81B0462
:10F4000083F8E803C3F8EC1392F87D1083F8F8133F
:10F4100092F88C2083F8F923032283F8FB2301223E
:10F4200083F8FA23B7E701F0D1FB88B90A4B83F8D8
:10F4300018410DE068B9094B062283F89024064B69
:10F4400083F81801064BDB6A9847204600E003204A
:10F4500070BD0320FCE700BFAC32002068380020FC
:10F46000A0B3010870B582B0FF2809D00124184B61
:10F4700093F83C35E3B92046FFF718FB02B070BDA6
:10F480000020FFF75BFF124D002485F80441AB1C00
:10F49000C5F80831FF2385F80C3185F80D4105F5D5
:10F4A0008770FCF723FD05F58B70FCF701FDDEE7A7
:10F4B000074D002385F83C356E46304606F054F87B
:10F4C00005F2345596E8030085E80300D3E700BF52
:10F4D000683800202DE9F04383B005460E461746F4
:10F4E000BDF828805A4900220A8081F81A24019226
:10F4F00000929946CBB1574C42464946204603F00C
:10F5000080FD5FFA88F084F8FF00A4F59C742B78E6
:10F51000A3702B785B09042B09D0072B79D0022B21
:10F5200009D0022003B0BDE8F0839046E3E7484BE2
:10F53000012283F81A24464B042283F804219A1CE2
:10F54000C3F80821FF2283F80C212A7883F80D21C3
:10F5500083F82871404AD2F8E420C3F810213278A9
:10F5600083F8142183F8300103F59C72C3F82C2131
:10F5700001A801F0B5FF00285ED1019A344BA3F831
:10F580001621002183F8451483F84414C3F84C2451
:10F59000684601F04DFC002850D1009B002BC1D0E3
:10F5A0002D4B93F93900FEF755F8294B93F8373274
:10F5B00013B1009A0F2A15D913B1009B0F2B21D834
:10F5C000264A694601F040FC00283DD1204B00222C
:10F5D00083F8282103F2B442C3F82C21009A83F85F
:10F5E00030219FE71E4A69460F2001F02DFC38BBF1
:10F5F0003378009A62F303033370DAB2144B83F862
:10F6000014218FE7154A694601F01EFCD0B1132082
:10F6100088E7B9F1000F19D0002883D0114C5FFAA8
:10F6200088F24946204603F0ECFC94F8343201336A
:10F6300024F8033C002075E7122073E7132071E7DC
:10F6400013206FE70A206DE713206BE7002069E7BE
:10F6500068380020A0390020AC3200201C3D00207A
:10F66000803900206B3800202DE9F0478AB017461A
:10F670009846444C94F939A094F93890A26A0892BB
:10F6800094F83031002B7AD005460E4694F81B31A1
:10F690000BB90021216300238DF82430394890F8FC
:10F6A0001A1161F3C7138DF8243090F81831012B2B
:10F6B00052D0344B93F83A302BB19DF8243043F0BC
:10F6C00020038DF8243001238DF80C308DF80D10B7
:10F6D00004922C49B1F88830ADF81430B1F88A3072
:10F6E000ADF816308DF818A08DF8199091F87C308F
:10F6F0008DF81B3091F848308DF81C300B4613F80C
:10F70000682F8DF81A2008AA009201F138023931C9
:10F7100003A801F0CBF99DF8243060F386138DF82F
:10F720002430CDF800803B46324609A92846FFF731
:10F73000D1FE044608B10A2804D19DF84800FFF71D
:10F74000B5F904467CB10F4B83F839A083F83890A3
:10F7500020460AB0BDE8F0879DF8243043F010033E
:10F760008DF82430A5E7074B002283F83A20089A49
:10F770009A6201F02BFB0028EAD01324E8E7072463
:10F78000E6E700BFAC3200200C4BD3F84033012B2E
:10F790000CD00B4A127812F0010F09D153B9074B64
:10F7A00093F89234012B07D0012070470020704756
:10F7B0000120704701207047002070476838002002
:10F7C0005C2C0020044BD3F84033012B01D00020E7
:10F7D00070470120704700BF6838002008B5FEF769
:10F7E000B5FF01F004FA1F4B93F8913413F0100F9A
:10F7F0000DD1FDF7E5FD1B4B93F89034022B22D081
:10F80000184B93F8913413F0200F1FD108BD00203E
:10F81000FDF7D0FDFDF70CFEFDF7FCFE10B1FDF786
:10F82000FBFF18B9FEF7D4FFFFF7F8F9FFF734FA3A
:10F830000120FDF7BFFD0B4A92F8913443F02003FD
:10F8400082F89134D5E7FFF771FAD9E7054A92F8C3
:10F85000913423F0200382F891340348FFF714FB1E
:10F86000D4E700BF68380020AC3200202DE9F04F0B
:10F870008BB0002800F09981884691460746002900
:10F8800000F095810368002B00F093814368002B02
:10F8900000F091818368002B00F08F81C368002BFA
:10F8A00000F08D81104602F04FF9002800F08981A8
:10F8B000384601F05DFBC94C40F2BC5200212046A5
:10F8C00003F0B7FBC64D4FF4A8620021284603F0B1
:10F8D000B0FB84F84890002684F8186184F88C60A6
:10F8E000C04BC4F82C318DF8186004F509730393EC
:10F8F00004F50A730493BC4B059303A9484602F030
:10F9000042F90F238DF8203008A994F8480002F03E
:10F9100021F90790801B18BF012084F81C014FF0CB
:10F920000A0A8DF820A008A994F8480002F012F9FC
:10F93000079084F8DC004FF006098DF8209008A9A4
:10F9400094F8480002F006F9079084F8DD001023CF
:10F950008DF8203008A994F8480002F0FBF80790D1
:10F96000C4F89C0011238DF8203008A994F84800B1
:10F9700002F0F0F80790C4F8A00012238DF82030B0
:10F9800008A994F8480002F0E5F80790C4F8A4002C
:10F9900013238DF8203008A994F8480002F0DAF813
:10F9A0000790C4F8A80014238DF8203008A994F813
:10F9B000480002F0CFF80790C4F8AC0016238DF889
:10F9C000203008A994F8480002F0C4F8079084F8A1
:10F9D000B10017238DF8203008A994F8480002F0F0
:10F9E000B9F80790C4F8B400C4F8BC0018238DF827
:10F9F000203008A994F8480002F0ACF80790C0B293
:10FA000084F8B80084F8C0001D238DF8203008A9C0
:10FA100094F8480002F09EF8079084F8C4001E2372
:10FA20008DF8203008A994F8480002F093F8079068
:10FA300084F8C5001F238DF8203008A994F84800E9
:10FA400002F088F80790079BC4F8C83020238DF88F
:10FA500020300DEB030194F8480002F07BF807908A
:10FA6000079BC4F8CC300B238DF8203008A994F8FC
:10FA7000480002F06FF80790A4F8D0000C238DF82E
:10FA8000203008A994F8480002F064F80790A4F820
:10FA9000D2004FF0010B84F8B0B0C4F894A084F801
:10FAA0009890C4F84CA084F85090D4F89C306365CA
:10FAB000D4F8A030A365D4F8A430E365D4F8A83016
:10FAC0002366D4F8AC30636684F868B084F81FB15C
:10FAD000C5F848833046FFF767FB84F819B1C5F8CD
:10FAE000447385F89164C5F840B3E66226630096D6
:10FAF0003E4B32464FF0FF3105F55A7005F0BAFF24
:10FB000000963B4B32464FF0FF3105F5607005F033
:10FB1000B1FF0096374B32464FF0FF3105F5667066
:10FB200005F0A8FF0096344B32464FF0FF3105F543
:10FB3000806005F09FFF85F83CB5304B1E60304B70
:10FB4000C5F84C332F4BC5F854332F4BC5F85C33F5
:10FB50002E4BC5F850332E4BC5F858332D4B1B6830
:10FB600005F55370984704F5A670FCF70BF868BBD1
:10FB7000204601F095FC58BB01F0BCF850BB04F1E5
:10FB8000E80001F0DFFC044630BB224D6B6998476A
:10FB900003F024FAAB6D114A92F819019847EB6A09
:10FBA00098475846FDF706FC0CE003240AE00324BE
:10FBB00008E0032406E0032404E0032402E0032415
:10FBC00000E0092420460BB0BDE8F08F1124F9E7CE
:10FBD0001124F7E71324F5E71124F3E7AC320020F2
:10FBE0006838002000040001602C0020B9EB0008F8
:10FBF00039EE0008E1ED0008B5D700085C2C0020C4
:10FC00005DF100080DF10008E5D50008E5F00008F9
:10FC1000BDF00008A0B3010810B50024034BC3F8E1
:10FC20004043FDF7B3FB204610BD00BF68380020FD
:10FC300008B5FFF7A9FD30B10B4BD3F84033012BCA
:10FC400010D0012008BD094B93F81831022B05D0C4
:10FC5000054B0122C3F840230020F3E7044BDB6A85
:10FC60009847F5E70020EDE768380020AC32002027
:10FC7000A0B3010870B5134C204605F059FF04F1FC
:10FC8000180005F055FF04F1300005F051FF04F1B4
:10FC9000980005F04DFF00F097FF0B4BDB6A98478B
:10FCA000002544F8285C094E3046FFF7EDF840F295
:10FCB000BC523146064803F0A4F9012344F8283C1D
:10FCC000284670BDD03B0020A0B30108AC32002014
:10FCD000F02C002030B58BB00446314B986A04906C
:10FCE00093F9DD208DF80F2093F9DC308DF80E307C
:10FCF0002C4B93F818248DF80D2000230293002933
:10FD000048D00D468DF81430254B93F81A118DF814
:10FD100015100690B3F88810ADF81C10B3F88A10CF
:10FD2000ADF81E1093F939108DF8201093F93810A2
:10FD30008DF821108DF8222093F87C208DF8232057
:10FD400093F848308DF8243004AB00930DF10D0387
:10FD50000DF10E020DF10F0105A800F0A7FE9DF9AF
:10FD60000F00FDF777FC687002A801F061F898B900
:10FD7000029B0F2B0AD86A78934207D8D31A2B70AC
:10FD8000029B1C44A24209D30BB030BD00232B7050
:10FD90000820F9E70320F7E71320F5E70820F3E749
:10FDA000AC32002068380020002800F05F8110B5D8
:10FDB00084B004460078412800F25481DFE810F056
:10FDC000420047004D00520057005D0063005201A1
:10FDD00052015201520152015201520152016B0073
:10FDE0007100770084008C0094009C00B100A40096
:10FDF000BE00C400C900CE00D300D800DD00EE0074
:10FE0000F4000001FA0006010B0111011F011701A6
:10FE10001B015201250152015201520152015201AE
:10FE2000520152015201520152015201520152013A
:10FE3000520152012E0134013A01400146014C01A8
:10FE4000580158018C4B93F81831237111E18A4BFA
:10FE500093F83031237100200BE16068FCF728F83B
:10FE6000002006E16068FCF741F8002001E1824BC8
:10FE700093F81A3123710020FBE07F4BD3F8E03078
:10FE800063600020F5E0211D7B4B93F83001FCF707
:10FE900049F80020EDE0784B93F8193123710020E8
:10FEA000E7E0754B93F88C3023710020E1E01C23D0
:10FEB0008DF8083002A9704B93F8480001F04AFE13
:10FEC000019060600020D4E004346C4B93E80300A0
:10FED00084E803000020CCE00434694B93E803007D
:10FEE00084E803000020C4E00434664B93E8030078
:10FEF00084E803000020BCE00434634B93E8030073
:10FF000084E803000020B4E01A238DF8083002A929
:10FF1000594B93F8480001F01DFE019060600020ED
:10FF2000A7E019238DF8083002A9534B93F8480035
:10FF300001F010FE0190606000209AE04E4B93F8B3
:10FF400068302371002094E04B4B5B6D63600020B0
:10FF50008FE0494B9B6D636000208AE0464BDB6D70
:10FF60006360002085E0444B1B6E6360002080E0EE
:10FF7000414B5B6E636000207BE002238DF808300C
:10FF80003D4B93F87C208DF80A2002A993F8480095
:10FF900001F0E0FD0190207100206AE0364B93F9FA
:10FFA000DD302371002064E0334B93F93930237145
:10FFB00000205EE0304B93F9DC302371002058E0E4
:10FFC0002D4B93F938302371002052E02A4BDB6C23
:10FFD000636000204DE0284B93F8503023710020DF
:10FFE00047E0254BD3F884306360002041E0224B8A
:10FFF000636000203DE0254B6360002039E01E4B2C
:020000040801F1
:10000000D3F8CC306360002033E01B4BD3F82C31A5
:10001000636001F059FEA06000202AE0164BD3F87F
:1000200090306360002024E0134B93F81F3123715C
:1000300000201EE0104BB3F88830A380002018E0A9
:100040000D4BB3F88A30A380002012E00A4BB3F8BE
:10005000D030A38000200CE0074BB3F8D230A3804F
:10006000002006E0204600F0B3FD02E003207047C8
:10007000182004B010BD00BFAC320020183300209F
:10008000603300202033002068330020F02C002053
:1000900030B585B0002800F0CB820546A04BD3F8E0
:1000A000403313F0020F40F0C5820478412C00F277
:1000B0007C82DFE814F042004700500059006100E4
:1000C00067006D007C0089009600A300B000BD00B1
:1000D000CA00D700E400EF007A02F5001B013F01DF
:1000E0006D0197018701A701B201B701BC01C101F0
:1000F000C6017A02CB01E0010E02F90123022E02B1
:1001000036023C0242027A0246027A027A027A02FD
:100110007A027A027A027A027A027A027A027A02FF
:100120007A027A027A027A027A0256025C02620249
:1001300068026E0274027E027E020079FFF7FEF80A
:10014000044637E20379022B00F03E82754A82F8BA
:10015000303100242EE24068FBF79CFE0446002864
:1001600000F02882032425E24068FBF7AFFE002858
:1001700040F0208204461DE202796A4B83F81A217E
:10018000002417E24268674BC3F8E020002411E224
:100190004168644B93F83001FBF7B6FE0446002833
:1001A00040F014826A685F4BC3F8E42002E24168C1
:1001B000002900F00D82002001F0CEFA044600284C
:1001C00000F0F881112436E24168002900F0028233
:1001D000012001F0C1FA0446002800F0EB8111244F
:1001E00029E24168002900F0F781082001F0B4FA03
:1001F0000446002800F0DE8111241CE24168002939
:1002000000F0EC81092001F0A7FA0446002800F074
:10021000D18111240FE24168002900F0E1810C2016
:1002200001F09AFA0446002800F0C481112402E289
:100230004168002900F0D6810D2001F08DFA0446B6
:10024000002800F0B7811124F5E14168002900F091
:10025000CB810E2001F080FA0446002800F0AA812C
:100260001124E8E14168002900F0C0810F2001F06D
:1002700073FA0446002800F09D811124DBE1007927
:10028000284B83F81901284CA36D9847E36A9847D7
:1002900000248FE10279234B83F88C20002489E12C
:1002A00090F908308DF804301E4B93F87D208DF8BE
:1002B0000520072201A993F8480001F06CFC08B959
:1002C000032477E16B680193002201A9154B93F891
:1002D000480001F060FC002800F08A81134B0435CF
:1002E00095E8030083E80300002463E190F90830F7
:1002F0008DF804300B4B93F87D208DF805200722F4
:1003000001A993F8480001F046FC002800F0728132
:10031000074B043595E8030083E80300002449E116
:1003200068380020AC320020A0B301081833002048
:100330006033002090F908308DF80430B54B93F805
:100340007D208DF80520072201A993F8480001F0CF
:1003500022FC002800F05081AE4B03F174020435FA
:1003600095E8030082E8030093F81831022B01D0CE
:1003700000241FE1A2F1740393F83041002C00F037
:100380001981A54BDB6A9847FEF7D0FC002411E1E8
:1003900090F908308DF804309E4B93F87D208DF84D
:1003A0000520072201A993F8480001F0F4FB00287A
:1003B00000F02481994B043595E8030083E803009D
:1003C0000024F7E04368029301238DF80C3002A962
:1003D000904B93F8480001F0F1FB002800F01081E9
:1003E0000024E7E04368029300238DF80C3002A953
:1003F000884B93F8480001F0E1FB002800F00281EF
:100400000024D7E00279531EDBB20E2B00F2FC80F1
:10041000804B83F868200024CCE042687D4B5A650D
:100420000024C7E042687B4B9A650024C2E0426822
:10043000784BDA650024BDE04268764B1A660024EA
:10044000B8E04268734B5A660024B3E090F9043078
:100450008DF80430062201A96E4B93F8480001F094
:100460009AFB002800F0D2809DF90420694B83F8A4
:10047000DD2000249EE090F904308DF80430654BB7
:1004800093F87C208DF80620052201A993F84800F6
:1004900001F081FB002800F0BB809DF904205D4B3A
:1004A00083F83920002485E090F904308DF8043079
:1004B0000A2201A9574B93F8480001F06CFB002871
:1004C00000F0B0809DF90420524B83F8DC2000241A
:1004D00070E090F904308DF80430092201A94D4BE9
:1004E00093F8480001F057FB002800F09D809DF92B
:1004F0000420484B83F8382000245BE04368B3F5C0
:10050000FA7F00F29380434AC2F89430D364002407
:1005100050E002793F4B83F8982083F85020002464
:1005200048E042683B4BC3F88420002442E0426824
:10053000384BC3F8CC2000243CE0FEF70BFD04460A
:1005400038E08379012B01D9032433E04268314B31
:10055000C3F82C21406800F0BBFF044650B31124BF
:1005600069E042682B4BC3F89020002422E0027916
:10057000284B83F81F2100241CE08288254BA3F818
:100580008820002416E08288224BA3F88A200024C9
:1005900010E082881F4BA3F8D02000240AE0828854
:1005A0001C4BA3F8D220002404E000F013FB044607
:1005B00000E01824002C3ED1194A92F8913443F0FF
:1005C000200382F8913436E00324F3E70324F1E7B3
:1005D0000324EFE70324EDE70324EBE70324E9E733
:1005E0000324E7E70324E5E70324E3E70324E1E743
:1005F0000324DFE70324DDE70324DBE70324D9E753
:100600000324D7E70324D5E70324D3E70324D1E762
:100610000324CFE7AC320020A0B3010868330020E8
:10062000683800200324C5E70324C3E70324C1E797
:10063000032400E00124204605B030BDF0B587B0AA
:100640000023ADF81030002800F0FB800546036160
:10065000FFF79AF818B10124204607B0F0BD00F06A
:100660006BFD064608B10124F6E700F05FFD08B314
:10067000754B012183F8551493F8912442F004023C
:1006800083F891242B788DF814308DF81510002202
:100690008DF817208DF816201C46013B0C2B00F21C
:1006A000B180DFE803F00DAFAFAF5D67AFAF70AF04
:1006B0009E7F950014220021644802F0BAFCD7E71F
:1006C000614BD3F8403313F0200FC5D12B79022BA7
:1006D00003D0012B26D0022495E00020FEF764FD14
:1006E0005B4C002295F9051094F8480001F0C8FA17
:1006F00084F8390095F9063084F8383007238DF8EE
:100700001530FF20FEF7AEFE044600287BD0504F88
:10071000012295F9051097F8480001F0B1FA87F821
:10072000390070E04A4E002486F81D4102238DF8FE
:100730000C30694696F8480001F025FA2B7986F8C6
:1007400030318DF8154001268DF81660FCF73EFF1C
:100750003D4A92F8913443F0100382F8913452E00C
:10076000002204A9022000F0D5FA044600284AD04D
:10077000132448E095F90C20D2B2A968A888FCF7A8
:100780007BFE04463FE069460D2000F00FFB044667
:10079000C8B3002204A90D2000F0BCFA044690B3AF
:1007A000132430E02A4B93F818310BB102242AE0CD
:1007B0002C7904F0070000F006FA8DF810400122B1
:1007C00004A9102000F0A6FA0446E0B113241AE0B0
:1007D000002204A9122000F09DFA044698B11324C7
:1007E00011E001238DF8173000F0DEF9044608B15E
:1007F000012408E000F0D5F9002000F0D7F92646E2
:10080000002400E00224104BD3F894342B617CB117
:1008100000F08CFC00287FF41FAF0B4B002183F805
:100820001A1493F8912461F3820283F8912413E758
:1008300005A800F0B1FB002E3FF40EAFFEF710FC50
:100840000AE7032408E700BF68380020BC3C00200A
:10085000AC3200202DE9F04F91B00391002800F058
:10086000DB804FF000080546C0F81080FEF78CFFD3
:10087000074618B1012011B0BDE8F08F06AC2E4636
:100880000FCE0FC4C4F8008041468DF83080644C10
:100890001422204602F0CDFB01236370614B93F8D4
:1008A0003031022B71D09DF81890B9F1010F7FD033
:1008B000B9F1030F00F08E80B9F1000F40F09A807B
:1008C0009DF83030022262F347138DF830309DF8E6
:1008D0001C300493089B0593BDF824809DF926B035
:1008E000012702238DF838304E4E96F87C308DF873
:1008F0003A300EA996F8480001F02CF90D9044B258
:10090000A345B8BFA34696F81AA196F81D2196F8FC
:1009100030115046FCF782FD034600B95C46002FBB
:1009200074D0BAF1000F00D09BB18DF82C403D4B34
:1009300093F87C208DF82E2005220BA993F848000F
:1009400001F029F9002869D09DF92C20354B83F856
:100950003920354BD3F89814324BD3F89000FDF77B
:1009600023FF039B00934346059A04990CA8FEF7C6
:100970007BFE002845D12C4B83F8409493F89124BA
:1009800042F0010283F8912441E0264B93F818319C
:10099000022B88D1234B93F81E31002B83D19DF875
:1009A0001830002B7FF47FAF01238DF818307AE7E1
:1009B0009DF83030042262F347138DF830309DF8F3
:1009C0001C300493089B0593BDF824809DF926B044
:1009D000012786E79DF8303043F0E0038DF8303092
:1009E000079B0593BDF820809DF922B001270023C5
:1009F000049376E74FF0000BCDF814B0CDF810B0AB
:100A00006FE7094B002283F81A2400E00220064B0E
:100A1000D3F894342B612EE703202CE703202AE738
:100A2000A83C0020AC3200206838002010B582B00D
:100A300004468DF804000F2201A9094B93F84800E1
:100A400001F0A9F848B1064B83F81C41054A92F819
:100A5000913443F0200382F8913402B010BD00BFFE
:100A6000AC3200206838002038B5FFF7E1F810B14B
:100A70000124204638BD04460A4D284605F058F8A2
:100A800005F1180005F054F805F1300005F050F8B4
:100A900000F09AF80020FEF787FB034BDB6A9847CB
:100AA000E7E700BFD03B0020A0B301082DE9F04FDD
:100AB0008BB00F4616461D4690F90C9090F90DA08C
:100AC00090F80EB04268149B1A6090F80180B8F15B
:100AD000000F09D187F8009086F800A085F800B0D3
:100AE00040460BB0BDE8F08F044602238DF820305D
:100AF000C37B8DF8223008A9007C01F02BF8079009
:100B000043B201934B45B8BF4B46009362682389BB
:100B10009A4201D24FF0000861890B449A4224D2D4
:100B200063682189628901EB4200834232D35B1AF8
:100B3000B3FBF2F102FB11337BBB019B994503DC54
:100B40002378EBB94FF0010B21238DF82030009B67
:100B50008DF82130E37B8DF8223008A9207C00F04D
:100B6000F9FF07904FFA80F9B4E70A238DF8203097
:100B700008A9207C00F0EEFF07904FFA80FACFE73B
:100B800002238DF8183003A9207C00F0FCFF4FF001
:100B9000010BD9E7DDF800909CE7DDF8009099E7BC
:100BA0007047704770477047002070477047704724
:100BB00070470020704700207047002070470020D9
:100BC0007047002070477047704770470220704799
:100BD000022070470220704770470020704770471E
:100BE000704700207047002070477047704770477B
:100BF00000230F2B04D8C25C22B901339BB2F8E763
:100C0000012070470020704738B500252C010834BA
:100C1000064B1C442046FFF7EBFF20B90135EDB22F
:100C2000202DF3D10024204638BD00BFA83D002070
:100C300020B100220260426001207047002070470E
:100C4000034660B169B102683AB15A6802B11160F5
:100C500000220A605960012070470160F5E700201A
:100C600070470020704760B161B10068814202D1D5
:100C70000020704718460028FBD003688B42F9D14A
:100C80007047704708467047B8B138B50C460546FE
:100C9000A9B1FFF7E8FF2B68A34209D06B68A34214
:100CA00009D008B12368036000232360012038BD08
:100CB00023682B60F2E76860F3E7002070470020AC
:100CC000F5E70000112805D8034B23FA00F000F0E7
:100CD0000100704700207047200702000020704785
:100CE00030B108B51022002102F0A3F9012008BD9F
:100CF0000020704710B5064C4FF4037200212046C7
:100D000002F097F92046FFF793FF002010BD00BFC7
:100D1000A83D002021B3F8B5054614460F46FFF75D
:100D200073FF0646F0B101461048FFF789FFD8B1BE
:100D30003571B460A2B23946701D02F062F92846DE
:100D4000FFF7C0FF30732846FFF7C8FF7073074AEC
:100D5000D2F8083223440133C2F808320020F8BD2B
:100D6000012070470220FAE70520F8E7A83D00209F
:100D7000A0B110B5044601460B48FFF785FF78B1D6
:100D8000094AD2F80832A1685B1A013BC2F808325E
:100D90002046FFF7A5FF28B1002010BD01207047B5
:100DA0000320FAE70520F8E7A83D0020064B1B6862
:100DB00000E01B6813B11A798242FAD10B600BB1C3
:100DC0000020704703207047A83D00200A4B186898
:100DD00020B1037B1BB10068FAE710BD704710B566
:100DE0000468FFF7C5FF20460028F6D0037B002BE0
:100DF000F6D00068F8E700BFA83D002070B50B4BA7
:100E00001C6800E034467CB1266825792846FFF747
:100E100059FF0028F6D02846FFF760FF0028F1D1DF
:100E20002046FFF7A5FFEDE7002070BDA83D00209C
:100E300028B1044AD2F8082202600020704701203D
:100E4000704700BFA83D00202DE9F041164B1C68FB
:100E50002AB307468846164619B3002194B17A1A78
:100E6000A36801339A420DD34D1CEDB2237973541C
:100E70002289611D701902F0C4F8A3681D44E9B20B
:100E80002468EBE72CB125682046FFF771FF2C465C
:100E9000F8E74046FFF7CCFF0020BDE8F0810120D5
:100EA000FBE70120F9E700BFA83D0020831E112BBE
:100EB0000AD8DFE803F0230B0D240F1113151709CF
:100EC000091909091B1D1F210020704705207047C3
:100ED00002207047012070470620704702207047AB
:100EE0000220704705207047062070470120704798
:100EF0000520704704207047042070470320704786
:100F0000034B984201D0043070470248704700BF3D
:100F1000D03F0020C03F002008B1002070470120D2
:100F20007047042801D80020704701207047000056
:100F3000F8B506460C460D4B93F820703846FFF77F
:100F4000EBFF70B90025AF4209D92378B3420AD02C
:100F50002046FFF7D5FF04460135EDB2F3E7002048
:100F6000F8BD0020FCE72046FAE700BFB43F0020B0
:100F700010B5084C2060002384F8203004F10C00E8
:100F80006060A0601422FF2102F053F8012384F86E
:100F9000213010BDB43F002038B505460F4B93F803
:100FA0002000FFF7BEFFB8B90C4CA3682A781A706E
:100FB000A3686A785A70A368EA78DA70A368AA7896
:100FC0009A7094F82030013384F82030A068FFF73D
:100FD00097FFA060012038BD0020FCE7B43F00204F
:100FE00038B5094B93F820402046FFF795FF48B9E4
:100FF000054D013C85F820406868FFF781FF686077
:10100000012038BD0020FCE7B43F002038B505467C
:101010000C46084B93F82000FFF77EFF48B9054BBC
:101020009A6859682046FFF783FF10B14570012286
:10103000827038BDB43F002010B50446094B93F8C8
:101040002000FFF769FF40B9064B9A6859682046AF
:10105000FFF76EFF18B1407800E0012010BD0120BD
:10106000FCE700BFB43F002038B505460C4B5C6878
:1010700083F8210093F82000FFF74EFF50B138BDF0
:101080000123A3702046FFF73BFF0446044B9B68F7
:101090008342F4D06570E378002BF3D1F0E700BF12
:1010A000B43F002008B5044B9A685968FFF740FF29
:1010B00000B1012008BD00BFB43F0020F0B583B0EF
:1010C0000646194B93F82070042200210DEB020014
:1010D00001F0AFFF00240DE01A788DF804205A7853
:1010E0008DF80520DB788DF80730FFF779FFA5B183
:1010F0000134E4B2BC4214D20B4B5A6812783270FD
:101100005A68527872705B689D78002DE4D0064B67
:101110001B689B6830469847E7E701A8FFF73CFF4C
:10112000E6E703B0F0BD00BFB43F0020014B93F8E9
:1011300020007047B43F002008B5034B93F820000F
:10114000FFF7EFFE08BD00BFB43F002010B4019CC4
:101150000299039ADAB18446492010700020507039
:101160009070D070107153719471230AD371230C55
:101170001372240E547291720B0AD3720B0C1373F8
:10118000090E5173907382F80FC010BC704709208C
:10119000FBE700000023012B0DD8084A12F823209A
:1011A000824202D00133DBB2F5E7044A02EB83034B
:1011B0000B60002070470B20704700BFF801002033
:1011C000F1B1013803281DD8DFE800F002080E1441
:1011D0000D4A126812690A60002070470A4A1268B4
:1011E00052690A6000207047074A126892690A60D3
:1011F00000207047044A1268D2690A6000207047D4
:101200000920704705207047D83F002010B582B0F4
:101210000C460023019301A9FFF7D2FF48B9019BB7
:10122000A34209D3B3F1FF3F01D0002002E0012027
:1012300000E0002002B010BD0120FBE701380328C8
:1012400015D8DFE800F002070C11094B1B68196183
:1012500019627047064B1B68596119627047044B4D
:101260001B68996119627047014B1B68D96170470F
:10127000D83F00200A4B1A680023D3604FF0FF319B
:101280001161516191611162002B00DD7047991D60
:1012900002EB81014FF0FF3048600133F4E700BFFB
:1012A000D83F0020034B1B689B6883422CBF002063
:1012B00001207047D83F00202DE9F04188B0119EF1
:1012C000F0B10C4615461A468046DEB1B1F5807F76
:1012D0001AD804AF0297109B01930F9B00939DF8BF
:1012E000383029462046FFF731FF00962B4622462C
:1012F00041463846FAF7D2FC40B908B0BDE8F08163
:101300000920FAE70920F8E70D20F6E70E20F4E7B8
:1013100010B584B00024009401940294039408282A
:1013200003D0092825D00A2021E001248DF80040AF
:101330008DF80110C1F307248DF80240C1F3074175
:101340008DF803108DF80420C2F307218DF80510E5
:10135000C2F307428DF806208DF807301B0A8DF87E
:101360000830024601216846FAF736FD28B904B074
:1013700010BD02248DF80040DAE70E20F7E72DE9D2
:10138000F04188B090460F9A002852D00D4604468E
:1013900000260496059606960796009601960296F4
:1013A000039601278DF800709DF838108DF8051010
:1013B0008DF80630190A8DF80710190C8DF80810F1
:1013C0001B0E8DF809308DF80A20130A8DF80B30AA
:1013D000130C8DF80C30120E8DF80D2014E0F2185D
:1013E000A05C03F12001694411F8101C4840A0548E
:1013F0000133DBB22A46102DA8BF10229342EEDB48
:10140000103D2DB21036F6B2002D0EDD8DF80F70A6
:101410000137BFB204AB424610216846FAF763FCBD
:1014200003460028E6D00E2000E0002008B0BDE80A
:10143000F0810920FAE768B32DE9F041C8B00C4605
:1014400015461E468046B1F5807F25D804AF4FF47F
:1014500088720021384601F0ECFD0297509B019301
:101460004F9B00939DF83831324629462046FFF7BE
:101470006DFE2246414608A801F0C3FD2B46519A55
:1014800004F110013846FAF718FC30B1012804D0F5
:101490000E2002E0092070470D2048B0BDE8F08121
:1014A00088B110B5094C20602822002101F0C1FD4F
:1014B00023680122DA709A705A7000241C70FFF7BA
:1014C000D9FE204610BD0820704700BFD83F00203D
:1014D000024B1B6818600020704700BFD83F0020F7
:1014E00030B1044B1B68DB68013303600020704798
:1014F00009207047D83F002030B583B00023019306
:10150000F2B10C46154601A9FFF75AFE48B9019BF6
:10151000B3F1FF3F07D09AB2A21A002A05DD1344A7
:101520002B6003B030BD2C60FBE732B16FF30F03CB
:10153000234403F580332B60F3E72B600720F0E7AB
:101540000920EEE7014608B9092070470023002B67
:1015500001DD00207047074A126803EB430001EBEE
:10156000001003F1060C02EB8C02043242620133DC
:10157000EDE700BFD83F0020D8B110B582B00446D7
:101580000F4B1A68938801339BB29380C38200F09B
:1015900036FA80B9234653F8181B0093012313220F
:1015A000FAF77CFB50B9204600F029FA20B1102050
:1015B00002E009207047102002B010BD0E20FBE7AA
:1015C000D83F0020002B36D030B585B004461D46EC
:1015D0001D4B1B68DB6883422FD895F8202042B34F
:1015E0000922A34209D2019400230093AB6895F825
:1015F0002810686AFFF7C3FE10BB284600F035FAD2
:10160000E8B9297904392B4653F82C0B039302943B
:10161000AB68019300230093082289B2FFF74CFEC8
:1016200070B9284600F021FA60B9074B1B68DC60EE
:1016300006E00822D5E709207047062000E01020C8
:1016400005B030BD1020FBE7D83F00202DE9F04366
:1016500087B00E9E002E49D00546884617461C4688
:1016600019461046FFF7D2FD002841D0304600F061
:1016700067F9002841D105A92846FFF78BFD0546EB
:10168000002836D1059B93F801909A78B3684345BA
:1016900035D1337BC3F340131A490968897801B9FE
:1016A000002331790439F06A03900294CDF8048064
:1016B0000120009089B23068FFF7BDFE0546C0B931
:1016C00096F820300BB94FF00809019401230093DC
:1016D00043464A4696F82810706AFFF750FE0546C2
:1016E00038B921463846FFF7A9FD02E0092500E098
:1016F0000625284607B0BDE8F0830F25F9E7022547
:10170000F7E700BFD83F002000B585B00A460023A8
:1017100000930193029303930B2905D00C2911D058
:101720000A290AD00A2012E0012801D000210AE08B
:1017300020238DF80030002105E030238DF80030A3
:10174000002100E00B216846FAF746FB10B905B00E
:101750005DF804FB0E20FAE710B50446FAF7FAFA32
:1017600098B904B110BD0C4B1B680B219878FFF79A
:10177000CBFF60B90C21FFF7C7FF50B90A21FFF773
:10178000C3FF0028EED00E20ECE70E20EAE70E2083
:10179000E8E70E20E6E700BFD83F0020002A6ED021
:1017A0002DE9F0418EB006460D461446002968D05A
:1017B0000DF1140821220021404605F0E2F9002332
:1017C0008DF81330344B1B689F880DF1130302937F
:1017D000CDF804802379009323683A4629463046A1
:1017E000FAF71AFB00284ED122794146206801F011
:1017F00008FC204600F052F8002848D1A579E3798A
:1018000045EA0325237A45EA03452846FFF74AFDC2
:1018100000283ED0204B1B689D600B219DF81300D3
:10182000FFF772FF80BB0C210020FFF76DFF58BB54
:101830000A210020FFF768FF30BB637AA27A43EAEF
:101840000223E27A43EA02443B4622462946092023
:10185000FFF75EFDC0B93B46224629460820FFF748
:1018600057FD88B90C4B1B689DF813209A70002215
:10187000DA604FF0FF329A611A615A6104E0092080
:101880007047092000E00E200EB0BDE8F0810F2067
:10189000FAE70320F8E700BFD83F0020002849D02E
:1018A00010B504460168002946D011F8013B437188
:1018B0000322063001F0A5FB204650F8091B032245
:1018C000043101F09EFB2168CB79E3600A7A43EA98
:1018D0000223E3604A7A43EA0243E3608A7A43EAF6
:1018E0000263E360CB7A23740B7B63742379212B2F
:1018F00018D0112B22DC0D22216802F1010C8B5C27
:101900006362901C11F80CC043EA0C23636203323B
:10191000085C43EA004363628A5C43EA02636362F1
:10192000002010BD10220D3104F1120001F069FBFE
:101930001D22E1E7022070470220F2E70120F0E7D4
:10194000002858D010B504460168002955D00B78FE
:1019500043714B7883608A7843EA02238360CA78B4
:1019600043EA024383600A7943EA026383604B7966
:1019700003738B79C381CA7943EA0223C381027B53
:1019800002F00F020831103001F03BFB237B03F023
:101990000F0303F10800002284F8202084F8282097
:1019A0002279111A042916DC226823791A4412F8C4
:1019B000043CE36212F8031C43EA0123E36212F8D9
:1019C000021C43EA0143E36212F8012C43EA02637A
:1019D000E362002010BD21680933085C84F8200010
:1019E000D21AD2B2043AD2B284F828201944606ADA
:1019F00001F007FBD8E7022070470220EAE770B346
:101A000010B50446036863B30279162A2BD94279CC
:101A10001A70014651F8060B0822013001F0FCFA59
:101A2000214651F80E0B0822093001F0F5FAE28A3E
:101A300023685A74E38A22681B0A9374A269236894
:101A4000DA74A3691B0A22681375628B23685A75BE
:101A5000E27E23689A7517232371002010BD0120B0
:101A600070470120FAE70220F8E7002866D038B571
:101A700004460168002963D0027B02F00F0202F1E4
:101A8000080094F828300BB102F109000344043334
:101A90009BB222799A4255D363790B70A26823686E
:101AA0005A70A3681B0A2268937062892368DA70EF
:101AB000E27A23681A712368227B5A71E2892368CB
:101AC0009A71E38922681B0AD371214651F8100BE1
:101AD000227B02F00F02083001F093FA237B03F01F
:101AE0000F0303F1080594F828202AB1226894F81E
:101AF0002010515503F10905206894F82820616AE7
:101B0000284401F07EFA94F828302B44E06A2168DA
:101B10005A1C92B2C854E16A080A2568991C89B215
:101B2000A854E58D2068DA1C92B2455494F82F0031
:101B30002168043388542371002038BD0120704788
:101B40000120FAE70220F8E7052801D000207047BD
:101B50000120704700B583B000230093052805D00D
:101B6000009B0193019803B05DF804FB084600F068
:101B700093FC0190F6E7052800D0704708B50846A9
:101B800000F046FD08BD052800D0704708B508469E
:101B900000F05CFD08BD052801D00020704708B5A5
:101BA0000B461146184600F0BDFD08BD052800D0C3
:101BB000704708B5084601F085F908BD052801D031
:101BC0000020704708B5084600F0F2FD08BD052862
:101BD00000D0704708B58C4611461A46029B6046F5
:101BE00000F004FE08BD052801D00020704708B5AC
:101BF0000B461146184600F02FFE08BD052801D0FF
:101C00000020704708B58C4611461A46604600F021
:101C1000A7FE08BD052801D00020704700B583B09D
:101C20008C4611461A46059B0093049B604600F0C3
:101C30002FFF03B05DF804FB052801D0002070479A
:101C400008B5084600F0EAFF08BD052801D00020CD
:101C5000704708B5084601F076F908BD052801D09F
:101C60000020704708B5084600F0FCFF08BD0528B5
:101C700001D00020704708B5084600F0F7FF08BD06
:101C8000052801D00020704708B50B4611461846BC
:101C900001F018F808BD052801D00920704708B5E3
:101CA0008C4611461A46029B604601F00DF808BDAD
:101CB0008C461146052801D0D0B2704708B51A46A7
:101CC000604601F06BF908BD00487047030001024F
:101CD00082B00DF1080C0CE90C00008821B96428D1
:101CE00038BF642002B070470028FBD10120F9E71B
:101CF00070B582B004460D46EC468CE80C009DF8A9
:101D000018609CE80C00FFF7E3FF4DB9009BB3F5AA
:101D1000616F09D349F6AF22934209D8064B04E01C
:101D200046B9054BE36000E0034B236102B070BD90
:101D3000024BFAE7004BF8E780EE360070460D00E4
:101D400030B583B004460D460193009206AB0CCB30
:101D5000FFF7CEFF4DB9069BB3F5616F13D349F67C
:101D6000AF22934211D80C4B00E00C4B099A9342DE
:101D700002D9A2689A420AD02269E260089A626097
:101D8000A36003B030BD054BF0E7054BEEE762689A
:101D9000002AF6D1F0E700BF803F5C0280EE3600FB
:101DA000809B820784460023184601E00133DBB2A2
:101DB0008B4207D201229A4032EA0C02F6D101305E
:101DC000C0B2F3E77047884203DB904203DD002096
:101DD000704700207047012070472DE9F047824688
:101DE0000E469046DDF824909DF920201946404685
:101DF000FFF7E9FF38B300252F461EE00134E4B2B7
:101E00000F2C16D836F81530234113F0010FF5D0FA
:101E10003B1903EB430309EB8303197A0A0901F029
:101E20000F014046FFF7CFFF0128E7D10120BDE8B1
:101E3000F0871037FFB20135EDB2574501D20024CB
:101E4000DEE70020F3E70020F1E71309B3EB111FF1
:101E500013D300B584464FEA111E91420FD230F8D9
:101E60001E3001F00F01012000FA01F1C94309B24F
:101E70000B402CF81E305DF804FB0020704700205A
:101E8000F9E7F8B588B10C4616460746002508E084
:101E9000102137F81400FFF785FF0544EDB2013437
:101EA000E4B2B442F4D32846F8BD0025FBE78446EB
:101EB00058B109B1002306E0704731F813002CF83F
:101EC00013000133DBB29342F7D3704782B038B5C9
:101ED00004460D46114604AA42F8043F0CCAFFF717
:101EE000F7FEE36805FB00F18B4205D95B1AE3605E
:101EF000BDE8384002B070470023E360F8E72DE901
:101F0000F04F89B081468B46924698469DF84830FE
:101F1000069303F0CDFD059000252F464FF0FF33CB
:101F2000079305E0012323751F44FFB20135EDB28D
:101F3000554534D205EB45040BEBC404606803F04F
:101F4000C1FD06460390059B029313AB93E8030083
:101F50008DE80300069B424649462046FFF7F0FE07
:101F6000159B03FB00F0E3688342DBD8B8F1000F58
:101F700002D1B9F1000FD5D1002323752369834223
:101F8000D4D9A368B34208D39B1B079A9A4228BFAF
:101F90001A4607920137FFB2C8E70023F5E71FB1E1
:101FA000079809B0BDE8F08F4FF0FF330793F7E7CC
:101FB0000378032B01D000207047437890F901206B
:101FC0004A7003F00F028A701B094B7083788B8074
:101FD000C27843EA02238B8003790B70C3F30212A9
:101FE000CA7003F00F030B70052070472DE9F04F06
:101FF00085B004460F4616461D4690F8048090F9B9
:1020000006A090F9079090F908B043792BB990F9A0
:102010000BB090F909A090F90A90B8F1000F2DD0FB
:10202000BAF10F0F14D194F909A0B9F10F0F20D014
:1020300094F91D30039394F91C201C461946484618
:10204000FFF7C1FEB8B94C4522DC08F0FB0812E0EE
:10205000A369019394F91530009394F91430524612
:102060002169207BFFF7B9FE0028DED108F0FD08CA
:10207000DBE794F90A90B8F1070F0CD087F800A0BD
:1020800086F8009085F800B0404605B0BDE8F08FB6
:10209000DDF80C90EFE7BBF1000FEFD14FF0010B33
:1020A000ECE70000024B03FA00F0B0FBF1F07047E0
:1020B00040420F004FF4FA53B3FBF0F070470000BA
:1020C00000B5A1F1040C4FF47A7E0EFB02F200FB86
:1020D0000C22520021D00244013AB2FBF0F29142AC
:1020E00038BF1146019A1160820001FB00F0B8B1BF
:1020F00001304008121A4FF47A7101FB1323002BB0
:1021000010DD03F2E7330B4A82FB0312DB17C3EB4C
:10211000A213029A13605DF804FBB2FBF0F2DEE753
:102120004008E7E7034A82FB0312DB17C3EBA21365
:10213000EFE700BFD34D621038B50D46144640009E
:10214000EEF730FE01462846EEF77AFD2146EEF71F
:1021500077FDEEF7D1F906F0ABFEEEF7D5FC40B215
:1021600038BD2DE9F04F83B005468B46009300261D
:10217000B046B246B146019249E03A7A42F30301D1
:1021800042F3031252B249B295F90100FFF71BFE68
:1021900078B1EA687B7A03EB430302EBC302137D59
:1021A00053B309F1010308EB04020BF809205FFAAD
:1021B00083F90134E4B20F2C23D86B68720033F832
:1021C0001630234113F0010FF3D0A86808EB040385
:1021D00003EB430300EB830750F82330002BE8D0D8
:1021E0002B78002BC9D16B69002BC6D09B5A234199
:1021F00013F0010FC1D1DCE70AF1010A5FFA8AFA94
:10220000D7E708F110085FFA88F80136F6B22B8A92
:10221000984501D20024CEE7019F87F80090009BEB
:1022200083F800A003B0BDE8F08F2DE9F04385B03E
:1022300004460F4616461D46DDF83080DDF8349022
:10224000406803F03FFC23681B1AC9F800300123E3
:1022500088F8003000232B70636813B12368834231
:102260001ED800233B60E369D3F80CC01F78A36934
:10227000039301AB04F10C0292E8030083E803002E
:10228000237D0093237A627A61463846FFF737FE52
:10229000C9F8000043462A463146E069FFF761FF6E
:1022A0002B7823B998F800303BB10B2002E00020D6
:1022B000C9F8000005B0BDE8F0830C20FAE770B55E
:1022C00082B0054690F9004090F90260A64211D014
:1022D000013C64B2A6420ED0AB68019395F901307F
:1022E0000093334622466968E878FFF776FD0028B8
:1022F000EED000E03446204602B070BD8842B8BF40
:102300000846704751F82030054A934204D0054AE8
:10231000934203D10220704701207047002070478C
:1023200090D0030020A1070000B585B005280ED885
:10233000029201910A4B53F820300093094B01227D
:102340000021022003F0D4FD05B05DF804FB0192EA
:102350000091054B01220021022003F0C9FDF3E7A3
:102360004CB30108F0AC010810AD010800B583B012
:1023700001910090044B01220021022003F0B8FDDE
:1023800003B05DF804FB00BF2CAD010838B504466E
:102390000D461B4B1B6A984730B11A4B23441A4A0F
:1023A000934202D802232B7038BD184B2344184A9D
:1023B000934202D800232B70F6E7164B2344164AAB
:1023C000934202D801232B70EEE7144B2344144AA6
:1023D000934202D805232B70E6E7124B2344124A9E
:1023E000934202D803232B70DEE7104B2344104A9C
:1023F000934202D804232B70D6E70020D4E700BF15
:10240000A0B3010840AA8FCC7F841E00C02571CCE8
:10241000C0C62D00FF5E43CCBF270900A0B038CC5A
:1024200020A1070040022ECC90D00300606E29CC82
:10243000E093040070B584B005460C46134B1E565D
:102440001349FFF75FFF0146072D0ED0114B5D6A60
:1024500001200390E4B20294002301930823009327
:1024600003463246A84704B070BD0A4B5D6A01239B
:102470000393E4B2029400200190052300930346E5
:102480004FF47A7206FB02F2A847ECE794B3010816
:1024900074B30108A0B3010800B587B0002304930A
:1024A00003780B3B2D2B2FD8DFE803F03336393F71
:1024B00045484C5054585C2E652E686E74772E2E0D
:1024C0007B7F172E2E2E2E2E2E2E2E2E2E2E2E2EA5
:1024D00082858C2E2E8F922E959B90F901308DF84F
:1024E000043007238DF8053000238DF806301023C3
:1024F0008DF807303E4B1B6803F558720292039328
:1025000001A8FFF7DCFE04900498059007B05DF881
:1025100004FB40230493F7E720230493F4E790F9A6
:102520000130344AD35C0493EEE790F90130324A2B
:10253000D35C0493E8E701230493E5E740F6B8335E
:102540000493E1E74FF47A730493DDE74FF4FA6301
:102550000493D9E741F288330493D5E741F27073CD
:102560000493D1E74FF47A71244800F03DFD00F563
:10257000FA600490C8E7224B0493C5E71C4B1B6824
:1025800003F558730493BFE7194B1B6803F55B739E
:102590000493B9E710230493B6E7154B1B68049323
:1025A000B2E74FF083430493AEE7164B0493ABE7D7
:1025B000134B0493A8E711238DF8103001238DF8F5
:1025C0001130A1E7032304939EE70D4B04939BE78F
:1025D0000323049398E790F901300B4AD35C0493EA
:1025E00092E70A4990F90100FFF78CFE04908BE70F
:1025F000E03F00206CB3010864B3010818FCFFFF42
:1026000008E6D3339A99094094B3010874B30108DA
:1026100010B582B00B4B1A68037803EB430302EB4F
:1026200083035B7A03EB430C074B1C68036900933D
:10263000C3684278816804EBCC00FFF747FC02B026
:1026400010BD00BFE03F0020DC3F002030B5A5B04A
:10265000044690220021684604F093FA6423ADF802
:102660000030ADF818304FF47A72ADF830200A21FE
:10267000ADF84810ADF86030ADF87820237B012B21
:1026800031D0022B3ED0002B3AD12368002B37D01B
:102690006368002B34D0204D2B60A0681F4B18605E
:1026A0009022694600F0ADFC2C681D4B93E80700B2
:1026B00084E8070004F10C0C03F10C0207CA8CE853
:1026C000070004F1180C183393E807008CE80700A2
:1026D0000723A4F86C33012204F55B7104F55870EC
:1026E000FFF7E5FB0CE00C4B186800234360036127
:1026F000C361012200F55B7100F55870FFF7D7FB4D
:1027000025B030BD044B1B68B3F86023B3F86C13DD
:102710000A43A3F86023F3E7E03F0020DC3F0020FA
:10272000B89E010800B583B00F293CD8DFE801F05E
:102730000A3B3B3B3B131D273B31313B3B3B3B08BB
:10274000012031E000238DF807300DF1070100680A
:10275000FFF71CFE28E00722002190F90000FFF798
:1027600032FB003818BF01201EE00522002190F93D
:102770000000FFF728FB003818BF012014E00722F3
:10278000002190F90000FFF71EFB003818BF012060
:102790000AE00722002190F90000FFF714FB00383F
:1027A00018BF012000E0002003B05DF804FB00002A
:1027B00008B503791BB1012B0BD0002008E00A4BB0
:1027C0001B680122016803F55870FFF770FB0120B8
:1027D00008BD054B1B680122016803F55B70FFF71C
:1027E00066FB0120F4E700BFE03F0020F0B583B0B6
:1027F0000E4617461C460728A8BF072058701349E5
:10280000FFF780FDA07094F90130072B17D00F4A15
:1028100052F823100E4AD05CFFF744FC05460D4BDE
:10282000DB6D9847034604F10C02019208340094D2
:102830003A4631462846FFF743FC03B0F0BD044A50
:10284000D05CFFF737FC0546E9E700BF74B3010829
:1028500094B30108A0B301082DE9F0478AB00446FB
:102860000F4690F90150D0F80480374B5B689847C9
:10287000002867D10646E37C83B9344B1A68237875
:1028800003EB430152F8211003EB430302EB8302F5
:10289000D2F80480B8F1000F00D188462C4B13F910
:1028A0000590294BDB6840469847072D2BD0264BD7
:1028B000D3F818A0A37C0993012608960023079358
:1028C00006930593049303932289029208220192AE
:1028D000009333464A46A1783046D047637C002BAC
:1028E0002DD01C4B595D184B5B6D0D31C9B2304674
:1028F00098472A464146E07CFFF716FD3D700120CF
:102900000AB0BDE8F087104BD3F818A0A37C099358
:1029100000200890079006900123059304900390EF
:1029200023890293052301930B4B009303464FF435
:102930007A7202FB09F24CF25031D047CEE7074BD6
:10294000595DD0E70020DBE7A0B30108E03F00209D
:1029500094B3010864B30108854501006CB3010814
:102960002DE9F04F8DB004460F46904690F90130A6
:10297000424A12F903A0424D2A68037803EB43034D
:1029800002EB8302537A03EB43033E4A126802EBE5
:10299000C30393F9021090F90200FFF7AFFC06465B
:1029A000394994F90100FFF7ADFC8146A2686168DE
:1029B0003046FFF7C1FB0B90344BDA682968237867
:1029C00003EB430351F82300904794F90130072BA0
:1029D00031D02E4BD3F81CB04FF47A630893002209
:1029E000079206920592012504950392082302930B
:1029F0000195CDF800A04B460B992846D847204BAF
:102A00001A68237803EB430394F9011052F823006A
:102A1000FFF7ACFCA18994F90100FFF70BFDC8F8A2
:102A200000001A4B5B6D217B284698473E700120C1
:102A30000DB0BDE8F08F154BDD694FF47A7303FBE1
:102A40000AF34FF47A6208924FF0000ACDF81CA006
:102A5000CDF818A0CDF814A001220492CDF80CA056
:102A600005220292CDF804A000934B4646F2A8122C
:102A70000B995046A8475546C1E700BF94B30108DB
:102A8000E03F0020DC3F002074B30108A0B3010840
:102A90002DE9F0438FB00546894690461F46002435
:102AA0000C94ADF83440ADF82E40072630E04FF0DE
:102AB000000C072612E0584A12680CEB4C0152F841
:102AC00021203AB1012202FA0CF2BDF82E100A437D
:102AD000ADF82E200CF1010C5FFA8CFCBCF10F0F4D
:102AE00016D8062BE7D0BDF82EE04EFA0CFE1EF0ED
:102AF000010FEFD0484A12680CEB4C0152F821202C
:102B0000002AE7D106F0FE06E4E7062600E00626E6
:102B10002B7AA34219D968680CA92044FFF748FA18
:102B2000034690B12344DCB2BDF83420ADF82E202A
:102B30009DF833300BB9002AE7D05A1ED2B2042ACE
:102B4000E5D9062BB3D90626E2E702238DF8283013
:102B50006B7A8DF82A300AA8FFF79EFC09908DF851
:102B60000860AB7A8DF809309DF931308DF80A3064
:102B70009DF932308DF80B309DF830308DF80C30E7
:102B800095F90B308DF80D3095F90C308DF80E302D
:102B900095F90D308DF80F3010238DF810300DF1B0
:102BA0002E0305938DF8180007238DF819301A4A63
:102BB000126807928DF8203000238DF821302B68A1
:102BC00001930CAB0DF132020DF1310101A8FFF7B9
:102BD0000DFA0546072810D09DF9313089F80030EC
:102BE0009DF9323088F800309DF830303B70169BEC
:102BF0001C7028460FB0BDE8F083074E30680C22E9
:102C0000002100F5587000F014FA3368BDF82E204A
:102C1000A3F86023E0E700BFE03F002030B583B0B9
:102C2000044600238DF807300DF107014068FFF7D7
:102C3000ADFBA8B107250722002194F90000FFF79A
:102C4000C2F808B905F0FD050522002194F901003C
:102C5000FFF7B9F808B905F0FB05284603B030BD09
:102C60000625E8E74FF0FF307047000010B582B04E
:102C700000238DF8073003780F2B02D9002002B013
:102C800010BD04460DF107014068FFF77FFB60B1FE
:102C900003200B4B1A68237803EB430152F82110F1
:102CA00029B900F0FD0040B2E9E70220F1E703286E
:102CB000F9D1616803EB430302EB83025160F2E751
:102CC000E03F002070470000F0B597B004460F4683
:102CD00016461D4600218DF857108DF8561011919B
:102CE0001291139114910723ADF80A30344B1868F0
:102CF000012200F55870FFF7C4F838B9304B1A6854
:102D0000B2F8603343F00703A2F86033637A8DF8BA
:102D10000C30237A8DF80D30294B1B6803F558725F
:102D200004920593274B1B6806931023ADF81C30C3
:102D30000DF10A0308932368099363680A93A37A41
:102D40008DF82C3006238DF82D300CAB04F10C02DD
:102D500092E8030083E80300237D8DF83830E18A90
:102D600094F90800FFF766FB0F9003AB10930196F0
:102D70000DF1560300930DF1570311AA294609A836
:102D8000FFF753FA044620B10C280FD0204617B0A5
:102D9000F0BD9DF85710013900F026F900F15803F5
:102DA0000DEB030010F8143C3B70EFE7044B1A687E
:102DB000B2F8603343F00703A2F86033E6E700BFE0
:102DC000E03F0020DC3F0020F0B583B000238DF809
:102DD00007300579022D4ED904460F2D4DD80368D2
:102DE000187A40F303000722002140B2FEF7EBFF00
:102DF00008B300262368187A40F303100722002145
:102E000040B2FEF7E0FF00B901262068037A43F3E1
:102E1000030252B243F303135BB29A4200DD012670
:102E20000DF107010068FFF7B1FA30B1002336B1A8
:102E300033B3062022E00126DCE70123F7E70BBBD2
:102E4000114F3B686E0005EB45000C22216803EB37
:102E5000800000F0D6F83B682E4403EB86069DF810
:102E600007207272B3F860230121A9400A43A3F836
:102E70006023002002E0062000E0032003B0F0BD44
:102E80000520FBE70420F9E7E03F00200178022954
:102E900001D80020704708B5094B186801EB4103C1
:102EA0004FEA830C00EB8303002240F80C205A60A9
:102EB0009A60102200F55870FEF7C7FF08BD00BFEA
:102EC000E03F002070B586B050238DF81430037AAF
:102ED000102B36D106464368DD7B002D31D103240B
:102EE0001BE07268535D03932A44517843EA01233F
:102EF0000393927843EA02430393642202FB03F3B1
:102F000003930023049311E08DF800406846FFF717
:102F1000BDFF0335EDB20134E4B20F2C11D8072CFC
:102F2000DFD9002303938DF814300493039B002B07
:102F3000EAD003AB01938DF8084001A8FFF744FFE6
:102F4000E7E706B070BD00B585B003681A6852B9EE
:102F500003798DF8043001A8FFF798FFD0B1032062
:102F600005B05DF804FB029303798DF80C3002A8DC
:102F7000FFF72AFF06280BD8DFE800F0040A0A0A48
:102F80000E0608000320EBE70120E9E70020E7E751
:102F90000020E5E70020E3E70220E1E7881A40B2DD
:102FA000002801DBC0B270470020FBE7094B1A681C
:102FB000094943F2390001FB020018600323A3FB17
:102FC0000023C21A03EB52039B0FC3EBC373C01A57
:102FD000704700BF000200206D4EC641014B1860D3
:102FE000704700BF0002002038B505460C46FFF7C9
:102FF000DDFF611B013190FBF1F301FB130028445D
:1030000038BD04E011F8012B00F8012B1A46531EBD
:103010009BB2002AF6D17047531E184404E011F801
:10302000012B00F801291A46531E9BB2002AF6D143
:10303000704702E000F8011B1A46531E9BB2002A9B
:10304000F8D17047F0B110B504464FF0000E4FF0C4
:10305000FF300EE040F3000C0B4A0CEA020282EA59
:10306000500001339BB2072BF4D90EF1010E1FFA69
:103070008EFE8E4504D214F80E3058400023F2E73D
:10308000C04310BD002070472083B8ED0120704779
:103090000A2807D8DFE800F0200B11171A1C1E06BB
:1030A000080E14000020704742F6B100704743F646
:1030B0000950704745F26110704747F6122070477B
:1030C0004AF2C32070474FF22440704704487047CB
:1030D000044870470448704741F68460704700BF59
:1030E00048E8010090D0030020A107009DF80410DB
:1030F000D20053B908231A44183241B102239DF873
:103100000000184402EBC00070470023F3E70023DF
:10311000F5E770B59DF810409DF818500432A1F104
:10312000050CBCF1010F31D918B9A1F10B06012E24
:1031300034D901282ED000269DF814C04FEACC0CBB
:1031400085B3102084448800ACEB810C64B34FF04D
:10315000000EF444062904D90CF1080C0EB1881EA7
:103160008000BCF1000F22DB84440CF1FF3C9CFB8F
:10317000F0FC02FB0C3303F10C00062901D803F12B
:103180000E00800001300239884070BD0B2BCBD877
:103190000C23C9E70C2903D00026CDE70126CBE795
:1031A0000126C9E70020CDE74FF0140ED1E74FF01C
:1031B000000CD9E7F0B585B00E4615461946BDF8A6
:1031C00028209DF82C309DF830409DF8347020B1B7
:1031D000012811D00125002408E001970094284619
:1031E000FFF784FF4FF47A7303FB00F46019013892
:1031F000B0FBF5F005B0F0BD0297019400931346C3
:103200000A4629463046FFF784FF4FF47A7303FBE2
:1032100000F4034B985DFFF73BFF0546E6E700BF70
:103220009CB3010808B5034B1B6813B15B6803B17D
:10323000984708BD7040002008B5FFF7F3FF08BDB0
:1032400008B5034B1B6813B1DB6803B1984708BD91
:103250007040002008B5FFF7F3FF08BD70B50023EC
:1032600005E0CC5CE443CC540024C45401339A42BE
:10327000F7DC00231C4612E003F1070C23E0EDB25B
:103280004D5D45FA0EF505F001056C40C6F3C70526
:10329000465D04FA0CFC46EA0C0C00F805C0B3EBE2
:1032A000C20F26DA5D4203F0070C05F0070558BF90
:1032B000C5F1000C5FFA8CFECEF1070E5FFA8EFEB0
:1032C0009C46002BD8DB4FEAEC0501335E4203F04D
:1032D000070C06F0070658BFC6F1000C5FFA8CFC1D
:1032E000CCF1070C5FFA8CFC1E46002BC7DADE1D02
:1032F000C5E761B28B0143EAC1135BB21CB920215F
:103300000B43835470BD0021FAE701207047012070
:103310007047000008B5012804D00A4B5B7D012BE3
:1033200008D008BD084B19700648C1770E3001F06F
:1033300017FEF6E7044B1970024881750E3001F054
:103340000FFEEEE7144000200402002008B501F053
:10335000A7F908BD08B501F08FF908BD10B501F057
:1033600027FF04460E2140F61F1001F085F90121C8
:10337000204601F009FF01F057FB10BD08B50121FF
:10338000074B93F8560001F0FFFE2D214FF4D76054
:10339000FFF7E0FF01F04FFB024801F085FA08BD9E
:1033A00014400020FFFF0F0070B504460D4601EBEE
:1033B0004003094EB36500231A464FF6FF710846D5
:1033C00001F005FC002196F8560001F0DDFE2946CB
:1033D000204601F0F9FA70BD1440002038B50446CB
:1033E00001F0C4FF012815D000231A4640F26221E3
:1033F000084601F0ECFB84B90F4C0021A16594F85C
:10340000560001F0C1FE637883B16FF07F4001F098
:10341000BDFA38BD01F0B2FFEDE7084D2146284660
:1034200002F026FC284602F0DDFBE5E7024B986837
:10343000800101F0ABFAECE714400020E43F0020EB
:1034400008B5002001F016FA08BD08B501F008F92A
:10345000052805D0072805D0042805D1022002E060
:10346000012000E0032008BD0020FCE730B583B058
:1034700000238DF807300093A94BB3F85430202B6C
:1034800029D81AB2002A00F03081013B1F2B00F22C
:103490002C81DFE813F05F0077002A01E7002A01A2
:1034A0002A012A0117012A012A012A012A012A01D7
:1034B0002A012A0124012A012A012A012A012A01BA
:1034C0002A012A012A012A012A012A012A012A01A4
:1034D0002A012A012C01B3F5807F00F0A78014D8BF
:1034E000402B00F03581802B40F0FF80002001F060
:1034F000C1F98C4B1B68002B00F0F7809B69002BF7
:1035000000F0F38000209847EFE0B3F5007F40F033
:10351000EC80854B01220021022002F0E9FC01F041
:103520009FF8042800F08F8001F09AF8052840F0F9
:10353000DC807E4802F0FCFA002001F09BF9794B18
:103540001B68002B00F0D180DB68002B00F0CD80E1
:103550009847CAE0764802F0EBFA002001F08AF9B9
:1035600001F006FF01280AD06E4B1B68002B00F00B
:10357000BC801B68002B00F0B8809847B5E001F0D4
:1035800000FFF1E7694802F0D3FA654B5B7803B3BB
:10359000FF220DF10701674801F0A0FD664801F028
:1035A000B7FD604B1B68002B00F09F809C68002CCF
:1035B00000F09B805A4B93F82430012B1DD1584AC0
:1035C00092F9313092F930209DF807105948A04700
:1035D0008BE0002001F04EF9002140F6021001F0CE
:1035E0004BF840F6441001F05BF840F00201C9B21C
:1035F00040F6441001F040F8CAE7494C6946E06BD8
:1036000001F066FE474B1B689D68009B03F5FA734B
:103610004A4A82FB0312DB17C3EBA2135BB294F995
:1036200029209DF807104348A8475EE0002001F0DC
:1036300021F93C4B1B68002B57D09B69002B54D0C1
:103640000120984751E03A4802F072FA002001F058
:1036500011F9344B1B68002B47D05B68002B44D01A
:10366000984742E0364B01220021022002F040FC44
:103670002B4B996DC9B3C1F3074140F60310FFF717
:1036800069FE274C94F8591040F60410FFF762FECB
:1036900094F8581040F60510FFF75CFE40F6021053
:1036A000FFF754FE40F00101C9B240F60210FFF7E7
:1036B00051FE0022A265134640F26221084601F045
:1036C00086FA12E01F4B01220021022002F010FCBA
:1036D00001F04CFE012808D101F054FE05E01A4B20
:1036E00001220021022002F003FC03B030BD0F488C
:1036F00002F01EFA0A4B5B7873B10A4B1B68002B71
:10370000F3D0DB68002BF0D09847104B012200214A
:10371000022002F0EDFBE8E7002001F0ABF8ECE757
:10372000144000207040002058AD0108E43F002004
:10373000FC3F00207440002038400020D34D621030
:103740006CAD010878AD010884AD010890AD0108A9
:103750000A4B01220021022002F0CAFB084B5B78D1
:1037600043B1084B1B68002BBFD01B69002BBCD09A
:103770009847BAE7002001F07DF8F2E79CAD010818
:10378000144000207040002008B5034BA3F85400FB
:10379000FFF76CFE08BD00BF1440002008B501F023
:1037A0001EFD033008BD08B500F0FCFF08BD08B5DC
:1037B00000F0B6FF08BD08B501F060FC08BD0000D0
:1037C00038B50D464FF47A7303FB02F401F072FA38
:1037D000284601F0EDFC05460E2140F61F1000F0D2
:1037E0004BFF0121284601F0CFFC01F01DF9044DEB
:1037F0002146284602F03CFA284602F0F3F938BD8B
:10380000FC3F002008B501F055FA08BD08B50021BD
:10381000074B93F8560001F0B7FC00231A464FF40B
:10382000C071084601F0D3F901F0F2F808BD00BFFD
:103830001440002038B5044601F098FD012815D049
:1038400000231A4640F26221084601F0C0F984B90B
:103850000F4C0021A16594F8560001F095FC6378A7
:1038600083B16FF07F4001F041F838BD01F086FD73
:10387000EDE7084D2146284602F0FAF9284602F005
:10388000B1F9E5E7024B9868800101F02FF8ECE709
:1038900014400020E43F002008B54FF0040000F081
:1038A000C9FF0220EFF760F908BD000070B582B0D3
:1038B00005460C4600231A4640F20121084601F055
:1038C00086F95C4E012196F8560001F05DFC3378D4
:1038D000012B03D196F85130062B13D040F6890006
:1038E00000F0DEFE40F00401C9B240F6890000F0AD
:1038F000C3FE504B1B78042B19D8DFE803F0240ECD
:1039000024505D0040F6890000F0CAFE00F0FB0183
:1039100040F6890000F0B0FEEBE74648C4770E3071
:1039200001F01EFB00222146284600F0D7FF424C42
:10393000404B5968204602F09BF9204602F052F9AC
:10394000002002B070BD01F011FD01280AD03948F5
:1039500084750E3001F004FB00222146284600F059
:10396000BDFFE4E70DF107022146284601F003FD03
:1039700068B930489DF8073083750E3001F0F0FAD1
:1039800000229DF80710284600F0A8FFCFE72B4B38
:1039900001220021022002F0ABFA0320D1E72548E2
:1039A0000223837384760E3001F0DAFA0022214676
:1039B000284600F093FFBAE7224629462048FFF741
:1039C0004DFC1C4E0223B373651CEDB2B57606F1B7
:1039D0000E0001F0C5FA0021F120FFF7BBFC002129
:1039E000F020FFF7B7FCB36C642B19D0E121F32072
:1039F000FFF7B0FC0421F220FFF7ACFCE1008C1CC7
:103A0000090AF420FFF7A6FC04F0FE01F520FFF7F9
:103A1000A1FC6FF07F422946094800F05FFF86E76E
:103A20007021F320FFF796FC1D21F220FFF792FC96
:103A3000E4E700BF14400020FC3F0020ACAD0108CB
:103A40007440002008B500231A461946184601F0B4
:103A5000BEF800F065FF08BD10B504461C4B187099
:103A600001F091FC052C04D8DFE804F00A11031DD5
:103A7000242B032001F04AF9154B00225A7310BD84
:103A8000002001F043F9124B00225A73F7E701209E
:103A900001F03CF90E4B5A7B187B8242EFD05873F1
:103AA00000F0DEFAEBE7022001F030F9084B0022CB
:103AB0005A73E4E7022001F029F9054B00225A73FA
:103AC000DDE7002001F022F9014B00225A73D6E70E
:103AD000144000202DE9F04186B005460C461746FB
:103AE0001E4600210491059101F03FFC032D00F2D8
:103AF0005381DFE815F07900DB003D010400A27C72
:103B0000082A00F25681A16804A801F097FC2368F6
:103B1000002B00F0518142F21072934223D8AC4B3B
:103B200003229A7383F838202268DA63E27C83F8F0
:103B3000442002256368DA00A54B1A8204229A7495
:103B4000A27CD200DA7400221A75A37D022B18D051
:103B5000237D022B15D0627D9D4BDA75A27D1A76EE
:103B6000227D5A7526E09A4B00259D7383F83850C4
:103B70002268DA63E27C83F84420226892081A649F
:103B8000D8E7627D02F10F03DBB2012B01D9012AD4
:103B900027D1019401238DF80C308E4A8E4B196881
:103BA00001A801F0DFFBE0B9894B00221A76012160
:103BB000D9755A75FFF744FC2846FFF74DFF874D2E
:103BC000284601F04BF9A5F12A0001F0C9F904A833
:103BD00000F0B6FD208A00F08AFDA08900F0CDFD3E
:103BE000DAE04FF0FF30E1E02368002B00F0E780DF
:103BF000A27C082A00F2E680A16804A801F01EFC5D
:103C0000734B002283F838202168D963E17C83F864
:103C10004410A16919649A736168C900198204216A
:103C20009974A17CC900D9741A75A37D022B0AD09E
:103C3000237D022B07D0627D654BDA75A27D1A7653
:103C4000227D5A7518E0627D02F10F03DBB2012B71
:103C500001D9012A27D101238DF80C3001945D4A46
:103C60005D4B196801A801F07DFBE0B9584B0022BB
:103C70001A760121D9755A75FFF7E2FB0020FFF78C
:103C8000EBFE564D284601F0E9F8A5F12A0001F0B7
:103C900067F904A800F054FD208A00F028FDA089EF
:103CA00000F06BFD78E04FF0FF307FE0484B0122E1
:103CB00083F83820227883F85020627883F85120E6
:103CC000A27883F85220E378012B32D0022B35D032
:103CD0001BB93F4B002283F853203D4D4FF00108A4
:103CE00085F80E80A388AB83A379AB77E37985F859
:103CF0002030237A85F82130FFF7A2FB4046FFF7FA
:103D0000ABFE05F1380001F0A9F805F10E0001F055
:103D100027F995F85130062B1FD040F6890000F0A6
:103D2000BFFC40F00401C9B240F6890000F0A4FCD9
:103D300032E0274B012283F85320CEE723780B3B58
:103D4000DBB2012B04D9224B002283F85320C4E7B5
:103D50001F4B012283F85320BFE740F6890000F093
:103D60009FFC00F0FB0140F6890000F085FC13E0A9
:103D70002368013BB3F57A7F27D20320FFF76CFE5F
:103D80001348022380F8383023688364162380F8B0
:103D90004C30383001F062F8384601F009FA0C4C2A
:103DA00084F8560001F0E6FA6660002006B0BDE82F
:103DB000F0814FF0FF30F9E74FF0FF30F6E74FF0BA
:103DC000FF30F3E74FF0FF30F0E74FF0FF30EDE763
:103DD00014400020FC3F0020704000204C40002098
:103DE0002DE9F04186B006460C4615461F460023D5
:103DF0000493059301F0B9FA05B10027003D18BFFF
:103E00000125934B5D7036B1012E00F08F800020AC
:103E100006B0BDE8F081A368002B00F00C81E368D8
:103E2000002B00F00B81A27F082A00F20A81216991
:103E300004A801F003FB2068003818BF012000F03F
:103E400001FE834D002685F83860A368EB6394F883
:103E5000203085F84430606801F022FA85F845008A
:103E6000AE73E368DB002B82E37FAB74A37FDB00E0
:103E7000EB7494F821302B7594F8223073B9616992
:103E8000A97594F82420022A12D0022B10D094F89D
:103E900023006F49C8750A764B7523E0022B03D0C7
:103EA0006B4AFF219175ECE7694AFF219175E8E7BC
:103EB00094F8232002F10F03DBB2012B01D9012A70
:103EC00031D100238DF80C300294624A624B19689C
:103ED00001A801F047FA30BB5D4B00221A760121A0
:103EE000D9755A75FFF7ACFA0020FFF7B5FD5B4DA9
:103EF000284600F0B3FFA5F12A0001F031F804A82C
:103F000000F01EFCA08B00F0F2FB208B00F035FCD3
:103F10004FF4FA5307FB03F3A268B3FBF2F345F83F
:103F2000303C002074E74FF0FF3071E7238E002B08
:103F300000F08A8094F83230012B59D04FF0FF08FE
:103F4000A06A003818BF012000F07CFDF8B200F034
:103F500086FD3F4B012283F8382094F82C2083F80B
:103F6000502094F82D2083F8512094F82E2083F8C7
:103F7000522094F82F30012B3DD0022B40D01BB99A
:103F8000334B002283F85320314D0126AE73238E2C
:103F9000AB8394F83230AB7785F81F8094F83430D7
:103FA00085F8203094F8353085F82130FFF748FA4D
:103FB0003046FFF751FD05F1380000F04FFF05F1E5
:103FC0000E0000F0CDFF95F82130B34228D040F22A
:103FD000367000F065FB40F00401C9B240F2367063
:103FE00000F04AFB1A4B4FF6FF729A6000200FE771
:103FF00094F83380A4E7164B012283F85320C3E7DB
:1040000094F82C300B3BDBB2012B04D9104B00226F
:1040100083F85320B8E70E4B012283F85320B3E70F
:1040200040F2367000F03CFB00F0FB0140F23670CD
:1040300000F022FBD6E74FF0FF30E9E64FF0FF300B
:10404000E6E64FF0FF30E3E64FF0FF30E0E600BF7A
:1040500014400020E43F0020704000204C4000202D
:1040600010B504460E4B187358730120FFF7F4FC8B
:1040700054B134214FF4E86000F0FEFA442140F2DC
:10408000417000F0F9FA10BD14214FF4E86000F01F
:10409000F3FA242140F2417000F0EEFAF3E700BF9A
:1040A000144000202DE9F04F83B004460D469146A0
:1040B0001F46BDF838609DF83C809DF840A001F097
:1040C00054F9012C5DD0042C00F0AA80002C40D1C2
:1040D0005B4C4FF0000B84F838B00C9BE3630B2370
:1040E00084F84430384601F0DBF884F84500C4F821
:1040F000409084F80EB0F60026820423A37418239F
:10410000E37484F814B088F0010884F81580BAF1DB
:10411000000F32D0F222E275494C01232376FFF7DB
:104120008FF90020FFF798FC04F1380000F096FEAC
:1041300004F10E0000F014FF424A6B4692E80300BF
:1041400083E80300184600F0FBFA40F2FF1000F08D
:10415000CEFA284601F02CF8394C84F856000E218E
:1041600040F61F1000F088FA94F8560001F002F9AA
:10417000149B636003B0BDE8F08F314B0122DA7508
:10418000CAE72F4A012382F838300C9BDBB282F851
:1041900050302D49C95D82F851109DF8341082F8D5
:1041A00052101FB90C9A0B3A012A2BD9012F26D095
:1041B000234A002182F85310214A01219173053BC3
:1041C000DBB28B4223D91E4B9E831D4C84F81E808C
:1041D0001E4B1B78E37784F820A09DF84C3084F8C0
:1041E0002130FFF72DF90120FFF736FC04F13800EC
:1041F00000F034FE04F10E0000F0B2FEA9E70C9AC4
:104200000C2AD5D10E4A012182F85310D4E70B2E87
:1042100003D813460C229A83D7E7094B9E83D4E731
:104220000420FFF719FC0648022380F838300C9B65
:104230008364162380F84C30383000F00FFE88E796
:1042400014400020DC9E01089CB3010804020020F9
:104250002DE9F04F87B004460E4615460193BDF890
:104260004490BDF848A09DF84C709DF854B09DF85E
:104270006480B14B83F8018001F077F8B8F1000F4A
:1042800001D04FF0000A002F59D09DF85020AB4BC1
:104290001A70012C00F0D380052C54D0002C40F073
:1042A000C780002000F0CEFBA34C4FF0000884F83C
:1042B0003880E5630B2384F84430304600F0F0FF8B
:1042C00084F8450084F80E804FEAC909A4F81090DC
:1042D0000423A3741823E37484F8148087F001077F
:1042E0006775964B1B78A375BBF1000F00F0A38098
:1042F000F222E275904C01232376FFF7A1F800200B
:10430000FFF7AAFB04F1380000F0A8FD04F10E004D
:1043100000F026FE8A4A04AB92E8030083E803001B
:10432000184600F00DFA40F2FF1000F0E0F94FF4EB
:10433000FA5303FB0AF3B3FBF5F3A36078E07F4B7A
:10434000FF221A70A5E7012000F07CFB7A4C0027C1
:1043500084F83870E563092384F844304FF44873D7
:104360002364304600F09CFF84F84500A7734FEAB1
:10437000C909A4F81090A7741023E3742775677512
:104380006E4B1B78A3750123E37527760520FFF795
:1043900063FB04F1380000F061FD04F10E0000F051
:1043A000DFFD02AB674A92E8030083E8030018468A
:1043B00000F0C6F940F2FF1000F099F940F6B8009D
:1043C000FEF7C4FF00F0EF0140F6B800FEF7C2FFB1
:1043D000042140F6B900FEF7BDFF40F69B00FEF752
:1043E000B5FF00F0E30141F0080140F69B00FEF745
:1043F000B1FF40F2D160FEF7A9FF00F0E70141F004
:10440000180140F2D160FEF7A5FF40F2AC60FEF764
:104410009DFF00F08F0141F0500140F2AC60FEF7CB
:1044200099FF4FF4FA5303FB0AF3B3FBF5F3A360D0
:1044300007B0BDE8F08F404B0122DA755AE7002043
:1044400000F000FB3C4A012382F83830EBB282F8DE
:1044500050303D49895D82F85110019982F852101F
:104460001EB9A5F10B02012A4BD9012E47D0324AC1
:10447000002182F85310304A01219173053BDBB2D1
:104480008B4243D92C4BA3F81C902B4CA7772B4B7A
:104490001B78E37784F820B09DF8603084F82130F1
:1044A000FEF7CEFF0120FFF7D7FA04F1380000F045
:1044B000D5FC04F10E0000F053FD5FFA8AF000F025
:1044C000CEFA40F6A30000F0EBF800F0010140F650
:1044D000A30000F0D1F894F82130012B21D040F254
:1044E000367000F0DDF840F00401C9B240F23670D9
:1044F00000F0C2F8104B4FF6FF729A6098E70C2D4F
:10450000B5D10D4A012182F85310B4E7B9F10B0F70
:1045100003D813460C229A83B7E7074BA3F81C90E5
:10452000B3E740F2367000F0BBF800F0FB0140F258
:10453000367000F0A1F8DDE71440002004020020EE
:10454000DC9E0108E49E01089CB30108F0B58BB025
:1045500004460F4616461D46FEF772FF0020FFF781
:104560007BFA2046FFF74EF90123099300240894B3
:1045700007940694059404940394029403230193EE
:10458000009723464FF4167239462046FFF760FE27
:104590002046FFF74FF9FFF701F9EEF7E5FA01F0D2
:1045A00087FA0446204601F08DFAA84206D2002080
:1045B000FFF701F9B042F5DD002400E00124FEF729
:1045C0003FFF20460BB0F0BD70B582B01D4B1860A8
:1045D0001D4D00246C706C60AC60AC651B4800F035
:1045E0002FFB6C732C7300F05BFA2146204600F021
:1045F00027FD04222146012000F0A2FB234622468B
:104600004FF6FF71084600F0E2FAFFF745F9104E49
:104610000094104B22464FF0FF31304601F02AFA49
:104620000D4D00940D4B22464FF0FF31284601F00E
:1046300021FA304601F07CFA284601F079FA02B0FE
:1046400070BD00BF70400020144000208937010871
:10465000FC3F002039320108E43F002055320108B8
:10466000014B1878704700BF82410020014B187839
:10467000704700BF8141002010B582B08DF807104F
:10468000EFF3108472B601230DF1070201460348CF
:10469000F2F71AFE84F3108802B010BD381A002019
:1046A00010B582B00146EFF3108472B601230DF10C
:1046B00007020448F2F758FE84F310889DF80700BB
:1046C00002B010BD381A002010B50446F6F7FAFD06
:1046D000012800D010BD40F62310FFF7E1FF00F0E5
:1046E000F901214340F62310FFF7C6FFF2E710B5AA
:1046F0000446FFF7BBFF00B110BD4FF4D760FFF7D2
:10470000CFFF00F0FE00C4F3002101434FF4D76057
:10471000FFF7B2FFE1B240F2B960FFF7ADFFEBE7A0
:1047200010B51346EFF3108472B60A4601460348EB
:10473000F2F7CAFD84F3108810BD00BF381A0020BC
:1047400008B5014608224FF4D860FFF7E9FF0020C2
:1047500008BD00B583B0030A8DF804308DF805005C
:10476000FFF784FF10B103B05DF804FB022201A93A
:1047700040F2BC60FFF7D4FFF5E700B583B0030A51
:104780008DF804308DF80500FFF770FF10B103B00D
:104790005DF804FB022201A940F2BE60FFF7C0FFF2
:1047A000F5E7000010B51346EFF3108472B60A4621
:1047B00001460348F2F7D8FD84F3108810BD00BF0E
:1047C000381A002010B51346EFF3108472B60A466B
:1047D00001460348F2F72CFF84F3108810BD00BF98
:1047E000381A002008B50A4601460020FFF7EAFF04
:1047F00008BD000010B51346EFF3108472B60A46E8
:1048000001460348F2F75EFF84F3108810BD00BF35
:10481000381A002010B51346EFF3108472B60A461A
:1048200001460348F2F7F4FD84F3108810BD00BF81
:10483000381A002010B582B004460020F6F702FDB9
:104840000220FFF741FF04F0040304F002021343C7
:1048500004F0010423438DF8073001220DF1070114
:104860008420FFF7D7FF024B00221A7002B010BD60
:104870008241002000B583B08DF8070001220DF1C0
:1048800007018020FFF7C6FF9DF807302BB9054BC5
:1048900001221A7003B05DF804FB024B02221A7069
:1048A000F8E700BF8241002000B583B00A4B042224
:1048B0001A70C0F307438DF80430C0F307238DF856
:1048C00005308DF80600032201A98320FFF7A2FF1F
:1048D00003B05DF804FB00BF8241002010B5144610
:1048E000FFF780FF2046FFF7DFFF10BD00B583B064
:1048F0000A4B05221A70C0F307438DF80430C0F349
:1049000007238DF805308DF80600032201A98220C7
:10491000FFF780FF03B05DF804FB00BF8241002079
:1049200070B582B00026019640F6E200FFF7B8FEAF
:10493000054600F0FE0140F6E200FFF79DFE40F65E
:10494000E500FFF7ADFE044600F07F0140F6E5000C
:10495000FFF792FE6FF07F40FFF7C8FF04220DEBD8
:10496000020140F61900FFF71DFF3046FFF782FFF6
:10497000294640F6E200FFF77FFE214640F6E500BB
:10498000FFF77AFE019802B070BD000010B582B04A
:1049900004460C4B05221A70972140F6AC00FFF735
:1049A0006BFEC4F307438DF80430C4F307238DF87E
:1049B00005308DF80640032201A98220FFF72AFF67
:1049C00002B010BD8241002000B583B0C0F30743A0
:1049D0008DF80030C0F307238DF801308DF8020008
:1049E000C1F307438DF80330C1F307238DF804307A
:1049F0008DF80510062269469420FFF70BFF034B44
:104A000006221A7003B05DF804FB00BF824100204B
:104A100008B500221146C520FFF7FCFE014B072216
:104A20001A7008BD8241002008B500221146D1202D
:104A3000FFF7F0FE08BD08B500221146D220FFF7AF
:104A4000E9FE08BD00B583B08DF8070001220DF125
:104A500007019F20FFF7DEFE03B05DF804FB00B501
:104A600083B08DF8070001220DF10701A020FFF7A8
:104A7000D1FE9DF807303F2B0FD95B08002202E0E2
:104A80009B080132D2B21F2BFAD8D900C9B2114407
:104A9000C9B240F20670FFF7EFFD03B05DF804FB0A
:104AA00000B583B0F6F70EFC01280BD000238DF87B
:104AB000073001220DF107019620FFF7ABFE03B08E
:104AC0005DF804FB01238DF80730F2E700B583B0F1
:104AD00000F0400300F02002134300F010021343E3
:104AE00000F00802134300F00402134300F0020236
:104AF000134300F0010003438DF8073001220DF14C
:104B000007018920FFF786FE03B05DF804FB000073
:104B100000B583B01F4B98420DD9E1238DF80430C6
:104B2000E9238DF80530022201A99820FFF772FED3
:104B300003B05DF804FB184B984206D9D7238DF8D3
:104B40000430DB238DF80530EDE7144B984206D98D
:104B5000C1238DF80430C5238DF80530E3E7104BF1
:104B6000984206D975238DF8043081238DF80530DD
:104B7000D9E70C4B984206D96B238DF804306F238C
:104B80008DF80530CFE729238DF804302B238DF8DD
:104B90000530C8E700E9A43580F8A9328044E52D46
:104BA000000B6B1B40FC541900B583B08DF804005A
:104BB0008DF805108DF806208DF8073004220DEBD6
:104BC00002019520FFF726FE03B05DF804FB00B557
:104BD00083B04FEA102C8DF800C08DF80100080A50
:104BE0008DF802008DF80310110A8DF804108DF86D
:104BF00005201A0A8DF806208DF80730082269462C
:104C00001046FFF707FE03B05DF804FB00B583B064
:104C100000F007008DF80400C1F307438DF805305C
:104C2000C1F307238DF806308DF8071004220DEB31
:104C300002019720FFF7EEFD03B05DF804FB0000D2
:104C400008B508B1184A1060EDF782FE0220FFF7A0
:104C50003BFD0020154B1870FFF70CFEF6F730FBFC
:104C6000012814D0202140F61110FFF705FD202166
:104C700040F61210FFF700FD0E2140F61F10FFF75F
:104C8000FBFCF6F7A3FA0A4B01221A7008BD40217B
:104C9000FFF7BCFF002140F61110FFF7EDFC4FF0CD
:104CA0007F00FFF713FFE7E7744100207841002001
:104CB0008241002010B582B00446124B1B78D3B15C
:104CC000114A00236006E109ECF7E6FA030E8DF8BD
:104CD0000430C0F307438DF80530C0F307238DF887
:104CE00006308DF8070004220DEB02018620FFF745
:104CF00091FD02B010BDFFF70BFF024B01221A70AD
:104D0000DEE700BF784100200048E80100B583B02D
:104D10008DF80700C3B2094A137043B101220DF1A7
:104D200007018A20FFF776FD03B05DF804FB002140
:104D300040F2AC60FFF7A0FCF0E700BF814100202B
:104D400070B582B00C461646012835D040F6D80022
:104D5000FFF7A6FC40F01E01C9B240F6D800FFF7ED
:104D60008BFC0120F6F7B0FA0546844200DD44B220
:104D7000142D54D0112D5CD00E2D64D001230022AF
:104D800007210420FFF710FF641B163465B215F1EC
:104D9000090F01DA6FF00805382140F6E700FFF748
:104DA0006BFC8DF804508DF80560022201A98E205D
:104DB000FFF730FD02B070BD0020F6F785FA05461A
:104DC000844200DD44B20E2D15D00A2D1DD00123E2
:104DD0001A4600210720FFF7E7FE651B0E356DB26E
:104DE00015F1110F01DA6FF01005182140F6E700F8
:104DF000FFF742FCD5E701231A4600210420FFF704
:104E0000D3FE651B0E356DB2EAE701231A46002179
:104E10001846FFF7C9FE651B0D356DB2E0E70123AB
:104E2000002205210320FFF7BFFE651B16356DB27A
:104E3000ADE70123002203210220FFF7B5FE651B29
:104E400016356DB2A3E70123002202210846FFF7C1
:104E5000ABFE651B0E356DB299E7000010B582B050
:104E6000044600230093019300783A4B1B78984244
:104E700006D12378032B2CD8DFE803F005422D540C
:104E8000FFF744FFF5E76268334BB3FBF2F31A0C0C
:104E90008DF800201A0A8DF801208DF80230237B4E
:104EA0008DF80330637B8DF80430A1682B4A002312
:104EB0004806C909ECF7F0F9030C8DF80530030A30
:104EC0008DF806308DF80700082269468B20FFF721
:104ED000A1FC02B010BD22691F4BB3FBF2F31A0C08
:104EE0008DF800201A0A8DF801208DF80230237DFC
:104EF0008DF80330042269468B20FFF78BFCE8E72E
:104F0000237E8DF80030637E8DF80130A37E8DF80E
:104F10000230E37E8DF80330042269468B20FFF7D0
:104F200079FCD6E762680C4BB3FBF2F31A0C8DF8F0
:104F300000201A0A8DF801208DF80230237B8DF8AD
:104F40000330637B8DF80430052269468B20FFF720
:104F500061FCBEE7814100200000093D0048E801F6
:104F600010B584B004460023019302938DF80C30F1
:104F70000078314B1B78984206D12378032B2AD82E
:104F8000DFE803F005443F05FFF7C0FEF5E7637A6D
:104F9000F12B22D0F22B2AD06288110A8DF804104E
:104FA0008DF8052022798DF8062062798DF807208A
:104FB000A2798DF80820E2798DF80920227A8DF8FF
:104FC0000A208DF80B30A37A8DF80C30092201A944
:104FD0008C20FFF71FFC04B010BD4FF6FF70FFF7E9
:104FE000B8FB48F20500FFF7C8FB0223D4E741F6FF
:104FF0000F50FFF7AEFB41F22100FFF7BEFB062387
:10500000CAE7237B8DF804300122E0E7E3891A0A1E
:105010008DF804208DF80530237C084A13708DF834
:105020000630637C8DF80730A37C8DF80830E37C74
:105030008DF809300622CAE7814100208041002016
:1050400000B583B08DF804008DF80510022201A987
:105050008F20FFF7DFFB03B05DF804FB10B51346AC
:10506000EFF3108472B60A4601460348F2F726FAB7
:1050700084F3108810BD00BF381A002000B583B03B
:10508000012201A91520FFF7E9FF9DF80400404225
:10509000401003B05DF804FB30B583B005460C4604
:1050A000022201A91320FFF7D9FFFFF7DFFA012839
:1050B00007D09DF804302B709DF80530237003B0A5
:1050C00030BD054B1B78DBB2012BF2D140F20270F0
:1050D000FFF7E6FA2870EFE78041002070B582B054
:1050E00006460C46154600238DF807300DF10701E2
:1050F0002046FFF7D1FF2278AA4202D9012002B050
:1051000070BD31469DF80700FFF774FB0020F6E7FD
:1051100010B582B00446032201A91420FFF79EFFB8
:10512000FFF7A4FA207048B1012818D014220021FA
:10513000204600F08EF90F2323700EE09DF8043016
:1051400023719DF805305B425B10A3719DF806301A
:105150005B425B1063710023A36002B010BD9DF839
:1051600004305B425B1023739DF9053002339B10C2
:1051700063739DF806305B425B10A373014B1B68A1
:105180002361EAE77C41002010B5012903D001200A
:10519000F6F758F810BD04460846012C03D0022C3F
:1051A000F6D10320F4E70420FFF78EFA0220F6E799
:1051B00038B50446F6F782F848B102280DD1022529
:1051C000022221462846FFF7BBFD284638BD0F2C9A
:1051D00001DC0125F4E70225F2E70125F0E70120D3
:1051E0007047000008B5024B1B680120984708BDB6
:1051F0007441002008B5024B1B680220984708BD87
:105200007441002008B5024B1B684020984708BD38
:105210007441002008B539B1012909D1054B1B683B
:105220004FF48070984703E0024B1B68802098473A
:1052300008BD00BF7441002008B5034B1B684FF444
:105240000070984708BD00BF7441002008B5024BAC
:105250001B682020984708BD7441002008B5024B08
:105260001B680420984708BD7441002008B5024B14
:105270001B680820984708BD7441002008B5024B00
:105280001B681020984708BD7441002008B5034BE7
:105290001B684FF48040984708BD00BF7441002050
:1052A000014680B10023152B0CD8084A52F8332050
:1052B0008A4202D80133DBB2F5E7044A02EBC303AA
:1052C00018797047FEE71F20704700BF2CB4010813
:1052D00070B582B005460C461D4B019340F60700A1
:1052E000FFF7DEF9C0F3C10308336B4413F8042C55
:1052F00000F0070301339A40164BB3FBF2F3B3FB04
:10530000F5F0072804D8400003281ED9022500E044
:10531000012503FB05F54FF4D660FFF7C1F906023E
:1053200006F4706640F2B160FFF7BAF9304310F44A
:10533000006F03D06FEA00506FEA10506D0905FB53
:1053400000F0C011206002B070BD0425E1E700BF8D
:1053500004080A0C0048E8014FF0FF3070474FF096
:10536000FF3070474FF0FF307047704700207047A4
:105370000020704770474FF0FF3070474FF0FF300C
:1053800070477047704770470023024A1360024A13
:10539000136070478841002084410020EFF31083A0
:1053A00072B641B1012903D106490A6802430A6075
:1053B00083F31088704703490A6822EA00020A60F2
:1053C000F6E700BF88410020EFF3108372B641B1C9
:1053D000012903D106490A6802430A6083F3108851
:1053E000704703490A6822EA00020A60F6E700BF34
:1053F0008441002038B5EFF3108472B60C4B1B6863
:105400003BB10C4D2B6898476B68984784F3108824
:1054100038BD094B1B682BB1064DAB689847EB684C
:105420009847F3E7034D2B6998476B699847EDE779
:10543000884100201CAE01088441002004E011F8DE
:10544000012B00F8012B1A46531E9BB2002AF6D1FD
:10545000704702E000F8011B1A46531E9BB2002A57
:10546000F8D1704782B082B00DF1080C0CE906004B
:1054700003930022026082800B440360BDF8042085
:10548000BDF810100A4491B212B28280B2F57A7F50
:1054900004DB01330360A1F57A71818002B002B0B0
:1054A000704782B082B00DF1080C0CE9060003933E
:1054B000002202608280CB1A0360BDF80420BDF890
:1054C0001010521A91B212B28280002A02DB02B08E
:1054D00002B07047013B036001F57A718180F6E705
:1054E00030B589B002AC84E8030000230493ADF822
:1054F00014300B4D2B6905A8984703460490059A74
:10550000009294E8060006A8FFF7CBFF2B680698E8
:105510009847AB68BDF91C00984709B030BD00BF83
:10552000D4AE010830B587B0044600230493ADF82B
:105530001430036083800B4D2B6905A898470490B5
:10554000EB689847ADF80C006B6898470290059B94
:105550000093049B02AA06CA2046FFF783FF204659
:1055600007B030BDD4AE010830B583B00446002387
:105570000093ADF80430064B1B696D4601A89847AF
:10558000009095E8030084E80300204603B030BD96
:10559000D4AE01080146002008E000EB8000531C57
:1055A0000B60137803EB4003A3F130000A68137813
:1055B000303BDBB2092BF0D9704700002DE9F045F4
:1055C00093B01B9D1C9E16F0400F10D1DFF8F8A081
:1055D0009F1E222F75D816F001040BD04FF0300E0D
:1055E00016F0020F0FD0002A07DB00270CE0DFF8CF
:1055F000DCA0EDE74FF0200EF2E752421A9E013E8A
:105600001A962D2700E000275ABB30238DF804306E
:105610004FF0010CAC4500DD65461A9B5B1B1CB3CB
:105620001FB100F8017B013907D0002B03F1FF33D4
:1056300024DD00F801EB0139F7D113B0BDE8F085A6
:10564000B2FBF3F603FB16221AF802800CF14802B3
:105650006A4402F8448C32460CF1010C002AEFD166
:10566000D8E74FF0000CF9E7002B03F1FF33D7DD4B
:10567000202200F8012B0139F6D1DEE7654505F15E
:10568000FF3505DD302200F8012B0139F6D1D4E7D2
:105690006246002A0CF1FF3C09DD0CF148026A4425
:1056A00012F8442C00F8012B0139F1D1C5E7002B89
:1056B00003F1FF33C1DD202200F8012B0139F6D1BF
:1056C000BBE70020B9E700BFC4AD0108ECAD01089D
:1056D0002DE9F04387B0059204930F1E40F3B88084
:1056E0000646044604E004F8012B059B01330593AC
:1056F00005990A7822B9A31B781E8342C0F2A280C2
:10570000A31B07F1FF38434580F29C80252AEAD18C
:105710004B1C05934B78302B20D04FF00009303BC9
:10572000DBB2092B1DD94FF0FF35059B1A78A2F18A
:105730005803202B67D8DFE803F04A666666666682
:1057400066666666661E6266666666626666666649
:10575000666666666628661966667C004FF0010913
:10576000DDE705A8FFF716FF0546DEE70A2331E06F
:10577000202304F8013B013D002DF9DC049B1A1D98
:1057800004921B7804F8013BAFE7049B1A1D0492B6
:10579000D3F80080B8F1000F03D04046EAF740FD8F
:1057A00006E0DFF8B080F8E7202204F8012B1D4660
:1057B0006B1E8542F8DC002206E0434613F8011B0D
:1057C00004F8011B013298468242F6DB8DE749F06E
:1057D0004009102319F0020F2FD0049A111D0491D3
:1057E0001268A11BCDF808904FF0FF300190009592
:1057F000A8EB01012046FFF7E1FE044675E749F0FA
:1058000002090A23E6E7252A02D0252304F8013BF2
:10581000A31B98450FDD059B1A783AB104F8012BBC
:10582000A31B98453FF761AF0A23D3E7013B0593DC
:10583000F6E71023CEE70A23CCE7049A111D049162
:105840001268CEE700232370A01B07B0BDE8F083E9
:105850000020FAE714AE0108EFF3108C72B6064A86
:10586000136803431360054A52F83130034342F88A
:1058700031308CF310887047B04100208C410020FB
:10588000EFF3108172B6044A136823EA0000106037
:1058900081F31088704700BF0C020020EFF31083E3
:1058A00072B6044A1268904314BF0120002083F3AB
:1058B000108870470C020020EFF3108172B6034A83
:1058C00013681843106081F3108870470C020020A1
:1058D00070477047B0F5803F16D200041023B0F136
:1058E000807F02D20833DBB20002B0F1805F02D2C7
:1058F0000433DBB20001000F044A105C1844C0B24C
:10590000C0F11F00C0B270470023E8E7DCB4010813
:1059100070B5424B1C6820401860414B1A68414BDF
:105920001B6841490868414909682FE0013334E0A8
:105930003F4D05EBC30568681040FFF7CBFF3D4EB8
:1059400030606A68012303FA00F022EA00026A600C
:10595000EFF3108172B6326803FA02F2D643304D8B
:10596000286820EA02022A60002B2DD181F31088DA
:10597000304B1A68304B53F822309847284B1A683E
:10598000284B1B6828490868284909680240234DAC
:105990002D682A4220D00B401ED1254A52F83320D0
:1059A00002402A42C2D0224951F8332002402A4004
:1059B00001EBC30149681142BAD11D4901EBC30192
:1059C0004FF0FF304860B3E7013B194850F83320EF
:1059D000324040F83320C7E7164B4FF0FF321A60D1
:1059E000FFF776FFEFF3108572B60D4B1B680D4A7B
:1059F00011680D4A12681340084A1268134203D115
:105A00000A4B1B680B4206D085F31088FFF761FF35
:105A1000024B1C6070BDEDF713F8F5E7080200209B
:105A2000B0410020AC4100200C020020A841002021
:105A30008C410020A44100209441002038B5144638
:105A4000EFF3108572B6FFF745FF034B43F8204094
:105A500085F3108838BD00BF9441002008B5034B82
:105A600000221A60024B1B68984708BDB441002011
:105A7000E8AE0108A8B1F8B517461E46044693B132
:105A800000250560094B5B6A0846984760602572EF
:105A90006572A572E660069B2361E7726561284620
:105AA000F8BD012070470120FAE700BFE8AE010809
:105AB00010B5034CE3699847A36A984710BD00BF2F
:105AC000E8AE010870B50646054DEB6998470446F7
:105AD0006B6A30469847AB6A201A984770BD00BF82
:105AE000E8AE0108054B1B6800E05B691BB183420F
:105AF000FBD1012070470020704700BFB441002057
:105B0000F8B50446094E336A9847054601232372C7
:105B10002768B669B0472844874202D2B047284474
:105B20002060024B9B6820689847F8BDE8AE0108EA
:105B300068B310B50246EFF3108472B6154B1968BE
:105B400001238372E1B100234372884206D00B46E1
:105B5000B3B1934211D019465B69F9E70B724869FA
:105B600020B10C4B1860FFF7CBFF09E00A4BDB6854
:105B70009847084B00221A6002E05B6923B14B6131
:105B800084F31088002010BD00234B61F8E701204A
:105B9000704700BFB4410020E8AE0108094B1A6805
:105BA000536901E01A465B69516939B11968D0F847
:105BB00000C08C45F6D850614361704750610023A6
:105BC00043617047B441002008B5054B1B680BB119
:105BD00000221A724361024B1860FFF791FF08BD63
:105BE000B4410020F8B5002836D00446FFF77AFF0C
:105BF000002834D1657A002D33D1EFF3108672B6C8
:105C00006768194B1B6A9847874200D33846206063
:105C10000023237201226272A372144B1B6883B1AA
:105C2000114B9B6998472368184420600F4B1B68F1
:105C30001B6898420CD22046FFF7C6FF86F31088F7
:105C40000BE0094B1B6998472046FFF7BDFFF5E7BE
:105C50002046FFF7A3FFF1E701252846F8BD0125FF
:105C6000FBE70125F9E700BFE8AE0108B4410020D9
:105C700098B110B504460A4B5B6A084698476060C5
:105C80002046FFF72FFF08B9002010BD2046FFF780
:105C90004FFF2046FFF7A6FFF7E70120704700BF40
:105CA000E8AE010870B5EFF3108572B61E4C63695B
:105CB0009847064623699847841B1C4B1B6823B9E9
:105CC00018E000221A605B69A3B11A68A242F8D9F1
:105CD000311A0A441A60F6E7144B1C6862691A60AC
:105CE000002323726372E368206998476389B3F5E0
:105CF000807F12D00D4B1B683BB11C68002CEBD091
:105D0000094B9B6998478442E6D3084B186808B151
:105D1000037A33B185F3108870BD2046FFF762FF28
:105D2000E8E7FFF7EDFEF5E7E8AE0108B441002033
:105D300010B5EFF3108C72B61E4BB3F812E01A8A4E
:105D4000964511D0964521D9CEF580639BB283420A
:105D50001FD882421DD9174B01249C70A3F800E084
:105D600000245C82134614E0CEF580639BB2984217
:105D70000FD382420DD90F4B01249C70A3F800E091
:105D80004FF0000EA3F812E0134602E0A2EB0E0261
:105D900093B283420AD9074A538A0B800344C3F360
:105DA0000903538200208CF3108810BD4FF0FF30A0
:105DB000F9E700BFB8470020EFF3108172B6034A3D
:105DC000D38A0133D38281F310887047B84700200B
:105DD000EFF3108172B6034AD38A013BD38281F379
:105DE00010887047B8470020024BD88A003818BF87
:105DF00001207047B847002008B518220021074845
:105E0000FFF727FB4FF4806200210548FFF721FBD5
:105E1000044B1B680448984708BD00BFB8470020E2
:105E2000B843002014AF0108B95F010808B5024B60
:105E30009B68984708BD00BF14AF0108014B58602C
:105E4000704700BFB8470020014B1872704700BF71
:105E5000B847002070B5EFF310831C4672B6FFF709
:105E6000C3FF18B184F31088002070BDFFF7A4FFB2
:105E70001C4B1A8A5B8A9A422ED01A4989780129CA
:105E800017D0184A927832B9164A128A93421ED90C
:105E90009B1A144A9382134E358A134B1D4484F384
:105EA0001088ECF747FE114BDB68B18A284698470B
:105EB000DBE70C4801888A1A92B282820221817043
:105EC00000210180002ADCD181700182D9E7C2F56E
:105ED0008062044B9A82DEE7FFF77AFF84F3108832
:105EE0000020C2E7B8470020B843002014AF0108E3
:105EF00008B430B586B0099C0023ADF802302B4BB6
:105F00001B7A83424CD3294BDB6899434BD1274BF7
:105F10005B6823B11AB10DF1020101A898470AABE1
:105F2000059322464FF400712148FFF7D1FB85B25B
:105F3000FFF742FFBDF80230E818694680B2FFF76C
:105F4000F7FEB0F1FF3F26D000230DE0BDF80020A2
:105F500003F11801694411F8140C164988540132F0
:105F6000ADF8002001339BB2BDF802209A42EDD873
:105F7000BDF80000059B22464FF400710D4C2044F3
:105F8000FFF7A6FBFFF724FFFFF764FF06B0BDE8AD
:105F9000304001B07047FFF71BFF6FF00200F5E7DC
:105FA0006FF00400F2E76FF00500EFE7B84700205C
:105FB000B8410020B843002010B5EFF31083194614
:105FC00072B6264B9B78022B16D0244A138A908AED
:105FD0000344C3F309031382204B1A8A5B8A9A4253
:105FE00003D01E48C08A01280BD081F31088ECF73B
:105FF000A7FDFFF7EDFE10BD184B00229A701A8224
:10600000EAE716488078012814D0144A927832B909
:10601000124A128A93421BD99B1A104A93820F4B41
:10602000188A0F4A104481F310880E4AD268998A60
:106030009047E0E7094C2088821A92B2A28202209F
:10604000A07000202080002ADFD1A0702082DCE731
:10605000C2F58062014B9A82E1E700BFB847002099
:10606000B843002014AF01082DE9F04788B0002B99
:106070001D461446BCBF03F100431446129A109EFD
:10608000DDF84CA0B6BF1D4600232D231370149BD2
:1060900023F02008B8F1460F05D0B8F1450F00D124
:1060A0000136022300E0032307AA049206AACDE9E1
:1060B00002A2CDE9003622462B4600F06DFEB8F173
:1060C000470F074619D1119BDB070ED500EB0609D8
:1060D0000022002320462946EAF7CEFC08B1CDF87D
:1060E0001C903022079B4B451ED3079B159ADB1B48
:1060F0003846136008B0BDE8F087B8F1460F00EBF2
:106100000609E5D10378302B0AD10022002320466E
:106110002946EAF7B1FC18B9C6F10106CAF80060D1
:10612000DAF800309944D3E7591C07911A70D9E77F
:10613000F7B50029BABF49422D232B230929027044
:10614000437029DD0DF107031D460A271A46B1FBEE
:10615000F7F607FB1614303402F8014C0C46632C9A
:1061600003F1FF333146F1DC3031941E03F8011C9A
:10617000411C2346AB420AD30DF109039B1AAC42E2
:1061800088BF002302330344181A03B0F0BD13F88C
:10619000016B01F8016FEDE7302330318370C1707E
:1061A000031DF1E72DE9F04F91B00C46DDF8688052
:1061B00016461F46054600F0EDFC03680893184696
:1061C000EAF72EF800230E93D8F800300990073331
:1061D00023F0070303F1080294F818A0D4F800B0E4
:1061E000C8F80020D3E9008929F000430B93CDF8CB
:1061F0002880C4E91289DDE90A019D4B4FF0FF3286
:10620000EAF76CFC70BBDDE90A01994B4FF0FF32F5
:10621000EAF746FC30BB0022002340464946EAF735
:1062200035FC10B12D2384F84330924A924BBAF1D9
:10623000470F8CBF90469846032323612BF004033D
:1062400023604FF00009009733460FAA21462846E5
:1062500000F0D4F9013040F08F804FF0FF3011B0E2
:10626000BDE8F08F42464B4640464946EAF736FCC9
:1062700040B14B46002BBCBF2D2384F843307F4AEE
:106280007F4BD4E763685A1C0AF0DF013FD1062335
:1062900063604BF480630022236006920EAACDE96E
:1062A00004A20DAA03920DF13302CDE90132636815
:1062B000009342464B4628460A91FFF7D5FE0A99BD
:1062C000472980460D9928D1C81C02DB6368994292
:1062D00040DDAAF1020A5FFA8AFA0139524604F156
:1062E00050000D91FFF724FF0E9A1318012A8146E2
:1062F000236102DC2268D20701D5013323619DF8B6
:106300003330002B9FD02D2384F843309BE747295F
:10631000BFD1002BBDD10123BAE7BAF1650FDCD99B
:10632000BAF1660F18D1002963680BDD216113B93A
:106330002268D00702D501330B442361A1654FF0D9
:106340000009DCE713B92268D20701D50233F4E76C
:106350000123F2E74FF0670A0E9B994205DB2368A1
:106360002161D807EAD54B1CE7E70029D4BFC1F16A
:10637000020201221344E0E723685A0507D4236987
:10638000424631462846B84701302BD165E7BAF17D
:10639000650F40F2DD80D4E9120100220023EAF704
:1063A0006BFB002833D0374A012331462846B847D3
:1063B00001303FF452AFDDE90D38434502DB23687D
:1063C000D8070FD5DDE9082331462846B847013004
:1063D0003FF443AF4FF0000908F1FF3804F11A0A07
:1063E000C84509DC23689B0700F10381E0680F9B27
:1063F0009842B8BF184632E7012352463146284634
:10640000B84701303FF429AF09F10109E8E70D9BD6
:10641000002B39DC1B4A012331462846B84701309E
:106420003FF41BAFDDE90D3959EA030302D12368BC
:10643000D907D7D5DDE9082331462846B8470130CA
:106440003FF40BAF4FF0000A04F11A0B0D9B5B42B7
:10645000534501DC4B4693E701235A463146284613
:10646000B84701303FF4F9AE0AF1010AEEE700BF88
:10647000FFFFEF7FF0B40108ECB40108F8B40108A5
:10648000F4B40108FCB40108A36DDDF838A053454D
:10649000A8BF5346002B994636DC4FF0000B29EA83
:1064A000E97904F11A02A36D0A93A3EB09035B4592
:1064B00031DC0D9B9A453ADC2368DA0737D40D9B13
:1064C000AAEB03090A9BAAEB03039945A8BF9946C7
:1064D000B9F1000F33DC4FF0000829EAE97904F143
:1064E0001A0B0D9BAAEB0303A3EB090343457FF7AC
:1064F00079AF01235A4631462846B84701303FF468
:10650000ACAE08F10108ECE7424631462846B847F0
:106510000130C2D1A1E60123314628460A92B8478C
:1065200001303FF49AAE0A9A0BF1010BBBE7DDE9AB
:10653000082331462846B8470130C0D18DE60A9A73
:106540004B46424431462846B8470130C3D184E621
:10655000DDF838A0BAF1010F01DCDB0736D50123E5
:10656000424631462846B84701303FF476AEDDE971
:10657000082331462846B84701303FF46EAED4E9CF
:106580001201002200230AF1FF3AEAF775FAC0B9B6
:10659000534608F1010231462846B84701300CD174
:1065A0005BE601235A4631462846B84701303FF49E
:1065B00054AE08F10108D045F3DB4B4604F150021C
:1065C000DFE64FF0000804F11A0BF4E7012342461E
:1065D000E1E701234A4631462846B84701303FF4F7
:1065E0003CAE08F10108E3680F995B1A4345F0DC03
:1065F000FCE64FF0000804F11909F4E72DE9F04733
:10660000164698468A680B69DDF820909342B8BF19
:106610001346336091F8432007460C460AB1013314
:1066200033602368990642BF3368023333602568BC
:1066300015F0060506D104F1190AE36832689B1AC1
:10664000AB4226DC94F843302268003B18BF01239C
:1066500092062BD404F1430241463846C847013024
:106660001ED02368226903F00603042B02BFE568ED
:106670003368ED1AA3680CBF25EAE575002593423F
:10668000C4BF9B1AED1800261A34B5421AD1002057
:1066900008E00123524641463846C847013003D13D
:1066A0004FF0FF30BDE8F0870135C6E7E1185A1C0E
:1066B000302081F84300224494F8451082F84310BA
:1066C0000233C7E70123224641463846C847013016
:1066D000E6D00136D9E700002DE9FF470F7E0C9E7A
:1066E000782F914680460C469A4601F1430207D81E
:1066F000622F0AD8002F00F0D180582F00F0B88008
:1067000004F1420684F842703AE0A7F16303152BC6
:10671000F6D801A151F823F07167010885670108D7
:1067200001670108016701080167010801670108A5
:106730008567010801670108016701080167010811
:106740000167010883680108AF6701083D68010817
:106750000167010801670108A568010801670108D0
:10676000AF67010801670108016701084568010872
:1067700033681A1D1B68326004F1420684F8423007
:1067800001239CE033682068191D3160060601D59D
:106790001D6803E04506FBD5B3F90050002D03DA70
:1067A0002D236D4284F8433058480A2311E02168B4
:1067B0003368080653F8045B02D4490648BFADB2FB
:1067C0006F2F5248336014BF0A230823002184F836
:1067D00043106668A660002E05DB21682E4321F079
:1067E000040121604BD01646B5FBF3F103FB1157B2
:1067F000C75D06F8017D2F46BB420D46F4D9082B34
:106800000BD12368DF0708D5236961689942DEBF91
:10681000302306F8013C06F1FF36921B2261CDF8C9
:1068200000A04B4603AA21464046FFF7E7FE013091
:106830004AD14FF0FF3004B0BDE8F087236843F041
:10684000200323603248782784F845702368316834
:106850001F0651F8045B02D45F0648BFADB2316039
:10686000D90744BF43F0200323601DB11023ADE7D7
:106870002648E9E7236823F020032360F6E716465D
:10688000BDE7336825686169181D30602E061B68F6
:1068900001D5196002E06806FBD519800023236149
:1068A0001646BCE733681A1D32601E686268002114
:1068B0003046E9F765FC08B1801B606063682361BE
:1068C000002384F84330AAE723693246494640460C
:1068D000D0470130ADD023689B0713D4E068039BF9
:1068E0009842B8BF1846A6E70123324649464046BB
:1068F000D04701309DD00135E36803995B1AAB4264
:10690000F2DCEBE7002504F11906F5E7FEB4010817
:106910000FB50108002310B50446C0E90033C0E9F3
:106920000433836081814366C281836119460822F2
:106930005C3000F026F90D4B63620D4BA3620D4BEA
:10694000E3620D4B23630D4B24629C4206D003F19E
:106950006802944202D0D0339C4205D104F1580021
:10696000BDE8104000F08AB910BD00BFDD6A010823
:10697000FF6A0108376B01085B6B0108D0470020F4
:10698000024A0349034800F069B800BF1002002022
:10699000D98501082002002041680C4B994210B5AE
:1069A000044601D001F018FEA168094B994202D0BB
:1069B000204601F011FEE168064B994204D02046C2
:1069C000BDE8104001F008BE10BD00BFD047002058
:1069D00038480020A048002010B50B4B0B4C0C4A47
:1069E0001A60204600220421FFF794FF04F168009A
:1069F00001220921FFF78EFF04F1D0000222BDE839
:106A000010401221FFF786BF08490020D047002020
:106A100081690108014800F032B900BF1149002026
:106A2000014800F02DB900BF1149002010B50446FF
:106A3000FFF7F0FF236A1BB1BDE81040FFF7F0BF7E
:106A4000044B2362044B1B68002BF5D1FFF7C4FFF6
:106A5000F2E700BF99690108084900202DE9F843D1
:106A60000746884614460026D4E90195B9F1010984
:106A700005D52468002CF7D13046BDE8F883AB89F2
:106A8000012B07D9B5F90E30013303D0294638461A
:106A9000C04706436835E9E70EB410B59DB01FAB9B
:106AA000029006906FF000410A48079104910A494C
:106AB00053F8042B0591002402A9006801931B944C
:106AC00001F00EFC029B1C701DB0BDE8104003B02D
:106AD000704700BF1C0200200802FFFF10B50C46E3
:106AE000B1F90E1000F07CF80028ABBF636DA389EC
:106AF0001B1823F48053ACBF6365A38110BD2DE93F
:106B0000F0411F468B89DB0505460C46164605D528
:106B1000B1F90E100223002200F050F8A389B4F955
:106B20000E1023F48053A38132463B462846BDE82D
:106B3000F04100F067B810B50C46B1F90E1000F046
:106B40003DF8431CA38915BF606523F4805343F4CB
:106B50008053A38118BFA38110BDB1F90E1000F0BE
:106B60001DB810B501390244904201D1002005E062
:106B7000037811F8014FA34201D0181B10BD01305A
:106B8000F2E702440346934200D1704703F8011B29
:106B9000F9E70000004870475C03002038B5064D57
:106BA0000023044608462B60ECF73CF8431C02D156
:106BB0002B6803B1236038BD0C49002038B5074D60
:106BC00004460846114600222A601A46ECF734F8BB
:106BD000431C02D12B6803B1236038BD0C4900204F
:106BE00038B5074D04460846114600222A601A4669
:106BF000EBF7FAFF431C02D12B6803B1236038BDC9
:106C00000C49002038B5074D0446084611460022BD
:106C10002A601A46EBF7F8FF431C02D12B6803B138
:106C2000236038BD0C490020014B1868704700BF35
:106C30001C02002070B50D4D0D4C641BA4100026E5
:106C4000A64209D10B4D0C4C03F0FCF8641BA410B8
:106C50000026A64205D170BD55F8043B9847013681
:106C6000EEE755F8043B98470136F2E750BA0108C1
:106C700050BA010850BA010854BA01087047704769
:106C800070472DE9F74F03690C69A34207467EDB85
:106C9000013C01F11408A30000F11405009305EB79
:106CA0008403019358F8243055F8242001339A4284
:106CB00008EB8409B2FBF3F62ED34FF0000AC4466A
:106CC000AE46D3465CF8043B98B206FB00A0020C2B
:106CD0001B0C06FB0323DEF8002080B292B2121ACE
:106CE0005A44DEF800004FEA134A9BB2C3EB22433A
:106CF00003EB104392B242EA0342E1454EF8042B03
:106D00004FEA234BDED2009BEB582BB9019B043B8F
:106D10009D421A462FD33C61384601F07FF9002886
:106D200025DB2946002058F8042BD1F800C01FFAB3
:106D300082FE1FFA8CF3A3EB0E030344120CC2EB8A
:106D4000234202EB1C429BB243EA0243C14541F895
:106D5000043B4FEA2240E6D255F8242005EB840399
:106D600022B9043B9D421A460BD33C6101363046A2
:106D700003B0BDE8F08F1268043B002ACBD1013C80
:106D8000C6E71268043B002AEFD1013CEAE7002085
:106D9000EEE70000000000002DE9F04FC76997B052
:106DA00014461D46CDE90645239E81467FB9102035
:106DB00000F00CFE0246C9F81C0020B9AA4BEF21D6
:106DC000AA4801F069FCC0E901770760C760D9F8FB
:106DD0001C30196859B15A684A60012393408B608E
:106DE000484600F0E9FED9F81C3000221A602B1E3C
:106DF000B9BF23F00043079300233360DDF81C8004
:106E00009B4BBCBF0122326033EA080312D1229AA5
:106E100042F20F731360C8F31303234300F05B8542
:106E2000249BDFF850A2002B00F05D850AF10303DC
:106E300000F057BDDDE90623CDE90C23DDE90C01A7
:106E400000220023E9F718FE074658B1229A0123D1
:106E50001360249B13B1249A874B1360DFF81CA2A4
:106E600000F041BD14AB019315AB00934846DDE93A
:106E70000C2301F081F9C8F30A560390002E77D055
:106E80000D9B1297C3F31303DDE90C0143F07F530D
:106E900043F44013A6F2FF3619460022784BE9F777
:106EA000CBF96BA3D3E90023E9F77EFB6AA3D3E90F
:106EB0000023E9F7C3F9044630460D46E9F70AFB1B
:106EC00067A3D3E90023E9F76FFB02460B46204690
:106ED0002946E9F7B3F904460D46E9F715FE002205
:106EE0000746002320462946E9F7D0FD40B1384641
:106EF000E9F7F0FA22462B46E9F7BEFD00B9013F5B
:106F0000162F53D85F4B03EBC703D3E90023DDE90A
:106F10000C01E9F7BBFD00284AD0013F00230F9385
:106F2000149B9B1B5A1E45BFC3F10103049300230E
:106F30000023099254BF04930993002F3ADB099B65
:106F40000E973B44099300230A93209B092B64D896
:106F5000052BC4BF043B2093209BA3F10203CCBFAD
:106F600000240124032B64D8DFE803F05355382CA8
:106F7000DDE914631E4406F23243202BC1BFC3F186
:106F8000400308FA03F806F2124324FA03F3D6BFCB
:106F9000C3F1200348EA030004FA03F0E9F78AFA90
:106FA0000122A1F1F873013E129275E70123B6E7C1
:106FB0000F90B5E7049BDB1B04937B420A930023ED
:106FC0000E93C2E701230B93219B07EB030B0BF1FD
:106FD0000103012B0893B8BF012306E001230B93A3
:106FE000219B002B28DD9B460893D9F81C0000212B
:106FF000042202F114059D4226D94160484600F062
:107000009BFD8246002841D11F4B024640F2AF1142
:10701000D6E60023E3E70023D5E7012400232093ED
:107020000B944FF0FF3B0022CDF820B012232192A9
:10703000DBE701230B93F4E74FF0010BCDF820B011
:107040005B46CDF884B0D0E701315200D1E700BFF4
:1070500061436F63A787D23FB3C8608B288AC63F5E
:10706000FB799F501344D33F2DB5010844B5010867
:107070000000F07F29B50108FDB40108FCB4010847
:107080000000F83F98B601089CB50108D9F81C30FB
:107090001860089B0E2B00F2A180002C00F09E804F
:1070A000002F33DD9C4B07F00F0203EBC203D3E943
:1070B0000034F805CDE910344FEA271416D5974B64
:1070C000DDE90C01D3E90823E9F798FBCDE90601D6
:1070D00004F00F040326914D54B9DDE91023DDE9D6
:1070E0000601E9F78BFBCDE9060128E00226F2E76D
:1070F000E10708D5DDE91001D5E90023E9F754FAE5
:10710000CDE91001013664100835E5E700F0AF80E5
:107110007C42814B814D04F00F0203EBC203D3E9A3
:107120000023DDE90C01E9F73FFACDE9060124115E
:1071300000230226002C40F08F80002BD3D10F9B20
:10714000DDE90645002B00F09480754B00222046B7
:107150002946E9F79BFC002800F08B80089B002B58
:1071600000F08780BBF1000F34DD20466D4B00221C
:107170002946E9F719FACDE9060107F1FF3801368A
:107180005C463046E9F7A6F9DDE90623E9F70CFA93
:10719000654B0022E9F752F80546A1F15076002C24
:1071A0006AD1DDE90601614B0022E9F745F80246A4
:1071B0000B46CDE906232A463346E9F785FC00282D
:1071C00040F09882DDE906012A4606F10043E9F71E
:1071D0005DFC38BBDDE90C34CDE90634159B002B92
:1071E000C0F257810E2F00F354814B4B03EBC703C2
:1071F000D3E90034CDE90434219B002B80F2E580F3
:10720000089B002B00F3E1800CD1484B0022DDE904
:107210000401E9F7C9F9DDE90623E9F74BFC002889
:1072200000F0668200242546219B56466FEA03083B
:1072300000272146484600F0BFFC002D00F0BD802D
:107240002FB1AF4203D03946484600F0B5FC29467D
:10725000484600F0B1FCB0E0E20705D5D5E90023CF
:10726000E9F7A2F9013601236410083562E7022626
:1072700065E7089CB84684E7274B0B9903EBC403EA
:1072800053E902235444002954D029490020E9F746
:10729000B5FA33462A46E8F7CFFFCDE91001564646
:1072A000DDE90601E9F730FC0546E9F713F9024686
:1072B0000B46DDE90601E8F7BFFF303502460B4615
:1072C000CDE9062306F8015BDDE91023E9F7DEFBD3
:1072D000002872D1DDE9062311490020E8F7ACFF50
:1072E000DDE91023E9F7D2FB002840F0B480A64284
:1072F0003FF470AFDDE910010A4B0022E9F754F9C1
:10730000084BCDE910010022DDE90601E9F74CF94F
:10731000CDE90601C4E700BF98B6010870B60108C0
:107320000000F03F0000244000001C40000014401A
:107330000000E03F31462846E9F736F9CDE9100173
:1073400013945646DDE90601E9F7DEFB0546E9F749
:10735000C1F802460B46DDE90601E8F76DFF30355E
:1073600006F8015B02460B46A642CDE906234FF024
:10737000000224D1AF4BDDE91001E8F75FFF0246C0
:107380000B46DDE90601E9F79FFB002863D1DDE943
:107390001023A8490020E8F74FFF02460B46DDE91D
:1073A0000601E9F773FB00283FF414AF139E731E28
:1073B000139316F8013C302BF8D047463BE09E4B28
:1073C000E9F7F2F8CDE90601BCE7DDE906455646E6
:1073D000DDE9042320462946E9F710FAE9F794FB92
:1073E0008046E9F777F8DDE90423E9F7DDF802469E
:1073F0000B462046294608F13004E8F71DFF06F841
:10740000014B089DA6EB0A04A54202460B4633D168
:10741000E8F714FFDDE9042304460D46E9F754FBC1
:10742000C0B9DDE9042320462946E9F725FB10B160
:1074300018F0010F0ED10399484600F0BDFB002360
:107440003370229B01371F60249B002B00F04B827E
:107450001E6048E2B84633461E4613F8012D392A0D
:1074600006D19A45F8D1302208F101088AF80020A7
:107470001A7801321A70A0E76F4B0022E9F794F8EE
:107480000022002304460D46E9F7F6FA00289FD0B3
:10749000D1E70B9A002A00F0EA80209A012A00F333
:1074A000CD80129A002A00F0C18003F233430A9C77
:1074B000049E049A1A440492099A01211A444846E7
:1074C000099200F02DFC054666B1099B002B09DDF1
:1074D000B342049AA8BF3346D21A0492099AF61A04
:1074E000D31A09930A9B0BB30B9B002B00F0C680A9
:1074F000002C00F0C08029462246484600F0C8FC17
:10750000039A01460546484600F020FC0399804650
:10751000484600F051FB0A9B1B1B0A9300F0B18008
:107520000A9A4146484600F0B3FC039001214846C0
:1075300000F0F6FB0E9B0446002B00F0D8811A46A3
:107540000146484600F0A4FC209B012B044600F3B2
:107550009F80069B002B40F09780079BC3F313038B
:10756000002B40F09380079B23F000431B0D1B056D
:1075700033B1049B01330493099B01330993012325
:107580000A930E9B002B00F0B881236904EB830360
:10759000186900F079FBC0F12000099B184410F035
:1075A0001F0000F08280C0F12003042B73DD049BD8
:1075B000C0F11C0003440493099B0344064409934F
:1075C000049B002B05DD03991A46484600F0BAFCDF
:1075D0000390099B002B05DD21461A46484600F022
:1075E000B1FC04460F9B002B61D00398214600F0AC
:1075F00015FD00285BDA002303990A22484600F0B3
:10760000FDFA0B9B039007F1FF38002B00F0778108
:10761000294600230A22484600F0F0FABBF1000F89
:1076200005466FDC209B022B49DC6BE0149BC3F109
:1076300036033CE70000E03F00002440089B5C1E4E
:107640000A9BA34209DB1C1B089B002BBFF630AF33
:10765000049B089A9E1A00232BE70A9B0E9A0A9411
:10766000E31A1A44049E089B0E92002421E70A9C08
:10767000049E0B9D28E7DDF80C8051E70A9A0399D8
:1076800050E7CDF80C8051E7002379E7069B77E7B8
:1076900000230A9379E793D0049A1C331A44049286
:1076A000099A1A441E4409928AE70346F4E7089BA4
:1076B000002BB84620DC9B46209B022B1EDDBBF135
:1076C000000F7FF4B1AD21465B460522484600F02D
:1076D00095FA01460446039800F0A0FC00287FF7C5
:1076E000A3AD5646312306F8013B08F101089FE59A
:1076F000089CB8462546F4E7DDF820B00B9B002B2C
:1077000000F00181002E05DD29463246484600F092
:1077100019FC05460A9B002B5CD06968484600F0BE
:107720000BFA064628B9824B024640F2EF21FFF7DA
:1077300047BB2A690232920005F10C010C3000F0BF
:107740009DFF01223146484600F0FCFB0AF101038F
:1077500004930AEB0B030A93069B03F001032F46E5
:1077600009930546049B0398214603F1FF3BFFF76D
:1077700088FA034630330690394603980B9300F09D
:107780004DFC2A4608902146484600F063FCC2683A
:107790000B9B064602BB0146039800F03FFC0B9B87
:1077A000024631464846CDE90B3200F005FA209BEF
:1077B0000C9A049E42EA0301099B19430B9B0DD1CD
:1077C000392B27D0089A002A01DD069B31338BF82C
:1077D00000302EE52846B9E70122E2E708990029A2
:1077E00004DB209801430998014320D1002AEEDDF3
:1077F000039904930122484600F0A4FB214603901C
:1078000000F00CFC0028049B02DCE0D1DA07DED596
:10781000392BDAD139238BF8003033461E46013B31
:1078200016F8012C392A4ED001321A7001E5002ACF
:1078300003DD392BEED00133C9E7049A0A9902F827
:10784000013C8A4228D0039900230A22484600F0CE
:10785000D5F9AF4203904FF000034FF00A023946CA
:10786000484607D100F0CAF907460546049B013394
:10787000049377E700F0C2F92946074600230A225D
:10788000484600F0BBF90546F0E7BBF1000FCCBF5E
:107890005E46012656440027039904930122484678
:1078A00000F050FB2146039000F0B8FB0028B4DC48
:1078B00002D1049BDB07B0D433461E4613F8012DDA
:1078C000302AFAD0B5E49A45A8D1312308F101084D
:1078D0008AF80030ADE4249BDFF858A01BB10AF110
:1078E0000803249A1360504617B0BDE8F08F209B20
:1078F000012B7FF72EAE0E9B0A9301204DE6BBF1C4
:10790000000F7FF7D9AE564603982146FFF7B9F925
:1079100000F1300306F8013BA6EB0A029345B4DD03
:10792000039900230A22484600F068F90390EBE728
:107930009CB5010820B5010838B50546002941D09D
:1079400051F8043C0C1F002BB8BFE41800F0E8F815
:107950001D4A136833B9636014602846BDE8384097
:1079600000F0E4B8A34208D9206821188B4201BF77
:1079700019685B6809182160EDE71A465B680BB16E
:10798000A342FAD911685018A0420BD120680144D3
:10799000501883421160E0D118685B685360084456
:1079A0001060DAE702D90C232B60D6E72068211893
:1079B0008B4204BF19685B68636004BF09182160CB
:1079C0005460CAE738BD00BF18490020024B014689
:1079D000186800F025B800BF1C02002070B50F4EDB
:1079E0000C463168054611B900F038FE306021467A
:1079F000284600F033FE431C03D14FF0FF342046ED
:107A000070BDC41C24F00304A042F8D0211A2846FB
:107A100000F024FE0130F2D1EFE700BF144900204E
:107A20002DE9F843CD1C25F0030508350C2D38BF92
:107A30000C25002D064601DBA94204D90C23336036
:107A40000020BDE8F883DFF8D48000F069F8D8F8AA
:107A500000301C4644BB29463046FFF7BFFF431C9D
:107A6000044658D1D8F800402746002F43D1002CB7
:107A70004BD023683946304604EB030900F0EEFD95
:107A8000814542D121686D1A29463046FFF7A6FF8D
:107A900001303AD023682B442360D8F800305A686C
:107AA00062BBC8F800700FE02268521B20D40B2A7A
:107AB00017D96119A342256018BF5960636808BFD0
:107AC000C8F8001062514B60304600F02FF804F106
:107AD0000B00231D20F00700C21A1CBF1B1AA35065
:107AE000AFE76268A3420CBFC8F800205A60EBE71A
:107AF00023466468AEE73C467F68B6E71A465B6893
:107B0000A342FBD100235360DEE70C2333603046F1
:107B100000F00CF894E70560D6E700BF1849002094
:107B20000148FFF7ACB800BF104900200148FFF73B
:107B3000A7B800BF1049002070B5C66904460D46BD
:107B400076B91020FFF742FF0246E06120B9184BDA
:107B500018486B2100F0A0FDC0E901660660C66010
:107B6000E669F36883B1E369DB6853F82500B8B9C7
:107B7000012101FA05F6721D9200204600F0AAFDCF
:107B800060B1C0E901560EE021220421204600F038
:107B9000A1FDE369F060DB68002BE4D1002070BD3B
:107BA000026843F825200023C0E90333F7E700BF4C
:107BB0002DB50108ADB5010870B5C66905460C467E
:107BC00076B91020FFF702FF0246E86120B9094BA1
:107BD00009488F2100F060FDC0E901660660C660BB
:107BE0003CB1EB696268DB6853F82210216043F80E
:107BF000224070BD2DB50108ADB501082DE9F04159
:107C00000D6907460C461E4601F1140C0020DCF8F5
:107C1000003099B202FB01611E0C0B0C02FB063313
:107C200089B2013001EB034185424CF8041B4FEA55
:107C30001346ECDC0EB3A368AB4219DC616838462E
:107C40000131FFF779FF804628B902460C4B0D48F9
:107C5000BA2100F021FD2269023204F10C019200E8
:107C60000C3000F00BFD21463846FFF7A5FF4446D7
:107C700004EB850301355E6125612046BDE8F08196
:107C80009CB50108ADB50108B0F5803F034636BF8D
:107C9000030400201020B3F1807F3CBF1B0208309A
:107CA000B3F1805F3CBF1B010430B3F1804F3CBF98
:107CB0009B000230002B05DB13F0804F00F1010028
:107CC00008BF202070470368024613F007000BD05E
:107CD000D90721D4980749BF5B089B08012013608E
:107CE0005CBF13600220704799B209B91B0C1020C9
:107CF000D9B209B908301B0A190704BF1B0904309F
:107D0000990704BF9B080230D90703D45B0800F130
:107D1000010003D013607047002070472020704797
:107D200010B50C460121FFF707FF024628B9054BA5
:107D3000054840F2451100F0AFFC012344610361A6
:107D400010BD00BF9CB50108ADB501082DE9F04F8D
:107D500017460A693B699A42A8BF3B468946A4BFB9
:107D60000F4699463D69D9F810A0BB68796805EBC4
:107D70000A06B34285B0B8BF0131FFF7DDFE30B966
:107D80000246414B41484FF4B17100F085FC00F1CF
:107D9000140404EB860E23460022734520D307F11A
:107DA000140809F1140108EB850501EB8A0302931D
:107DB000EB1B153B23F0030304331537BD4238BFDB
:107DC00004230193029B03918B420CD8002E03DD08
:107DD0005EF8043D002B55D0066105B0BDE8F08F7C
:107DE00043F8042BD9E7B1F800A0BAF1000F1FD077
:107DF000C446A14600275CF8042BD9F800301FFACE
:107E000082FB9BB20AFB0B333B44D9F80070120C87
:107E10003F0C0AFB027202EB13429BB243EA02439D
:107E2000654549F8043B4FEA1247E4D8019BE75007
:107E3000039BB3F802900431B9F1000F20D02368FE
:107E40004746A4464FF0000AB7F800B0BCF802203D
:107E500009FB0B2252449BB243EA02434CF8043B19
:107E600057F8043B4FEA134ABCF8003009FB0A33C9
:107E700003EB1243BD424FEA134AE5D8019AA350DF
:107E800004349FE7013EA1E79CB50108ADB50108A8
:107E90002DE9F843154612F0030207460E4607D0B7
:107EA000254C013A002354F82220FFF7A7FE06468E
:107EB000AD103DD0FC697CB91020FFF787FD02466C
:107EC000F86128B91D4B1E4840F2B31100F0E4FBE5
:107ED000C0E901440460C460D7F81C80D8F80840A9
:107EE0004CB940F271213846FFF71AFF0023C8F859
:107EF0000800044603604FF00009EB070AD531463D
:107F000022463846FFF722FF314680463846FFF7C3
:107F100053FE46466D100BD0206838B922462146E4
:107F20003846FFF713FF2060C0F800900446E4E7EE
:107F30003046BDE8F88300BF60B601082DB50108E2
:107F4000ADB501082DE9F0470C464968236903EBFC
:107F50006218A368074691464FEA621A08F10106C3
:107F6000B3420BDB3846FFF7E7FD054648B902464A
:107F7000284B29484FF4EF7100F08EFB01315B0074
:107F8000EEE7002300F1140100F1100218465345FA
:107F900033DB20692AEAEA7A04F1140319F01F0995
:107FA00001EB8A0103EB800C2BD0C9F1200E8A462D
:107FB0000022186800FA09F010434AF8040B53F83D
:107FC000042B9C4522FA0EF2F3D8ACEB0403153BCC
:107FD00023F00303043304F11500604588BF042334
:107FE000CA500AB108F10206013E38462E61214608
:107FF000FFF7E2FD2846BDE8F08742F8040F0133A1
:10800000C5E7043953F8042B41F8042F9C45F9D8EF
:10801000EAE700BF9CB50108ADB501080A6903464F
:108020000069801A30B50ED11433143103EB820489
:1080300001EB820154F8045D51F8042D954203D000
:1080400005D24FF0FF3030BDA342F3D3FBE7012050
:10805000F9E700002DE9F74F8946064611464846E4
:108060001446FFF7DBFF051E12D129463046FFF705
:1080700063FD024628B93E4B40F237213D4800F0EF
:108080000BFB0123C0E90435104603B0BDE8F08FB7
:10809000BCBF4B46A1463046D9F80410BABF1C46B7
:1080A00001250025FFF748FD024618B9304B40F284
:1080B0004521E3E7D9F810702669C56009F110037E
:1080C00009F1140504F1140E00F1140B05EB8708F7
:1080D0000EEB86060193D9464FF0000C019B5EF82B
:1080E000040B53F804AF019381B21FFA8AF35B1AB1
:1080F000000C6344C0EB1A4000EB23409BB243EA00
:108100000043764549F8043B4FEA204CE6D8331B40
:10811000153B23F0030315340433A64238BF042370
:108120001D445B441E462C4644450ED308F1030112
:10813000491B21F00301033DA84538BF00210B4432
:1081400053F8041D91B117619EE754F8041BE646ED
:10815000080C1CFA81FC714400EB2C4089B241EA06
:10816000004146F8041B4FEA204CDDE7013FE7E7FA
:108170009CB50108ADB501082DE973430121089EA6
:1081800090469946FFF7D8FC044630B90246244B86
:10819000244840F20F3100F07FFAC9F30A55C9F3C1
:1081A00013030DB143F480130193B8F1000324D0FD
:1081B00068460093FFF787FDDDE90012D8B1C0F1F2
:1081C000200302FA03F30B43C24063610192019B57
:1081D000A361002B0CBF012202222261ADB1A5F2E6
:1081E000334505443560C0F13500099B18602046D1
:1081F00002B0BDE870836161E9E701A8FFF763FDA4
:10820000019B636120300122E7E704EB8203A0F2C7
:10821000324030601869FFF737FDC0EB4210E4E7E9
:108220009CB50108ADB501082DE9F0478E681F46E1
:10823000BE420B6882460C4690462DD8B1F90C2000
:1082400012F4906F26D06569096905EB4505A3EB2B
:10825000010905EBD5757B1C4B446D109D4238BF61
:108260001D46530527D52946FFF7DAFB064660B3BE
:1082700021694A4600F002FAA38923F4906343F08F
:108280008003A381266165614E44A5EB0905266044
:10829000A5603E46BE4200D93E4620683246414671
:1082A00000F0C2F9A3689B1BA360236833442360DA
:1082B0000020BDE8F0872A4600F032FA0646002882
:1082C000E0D121695046FFF737FB0C23CAF8003094
:1082D000A38943F04003A3814FF0FF30E9E700009A
:1082E0002DE9F04F98468B891B069DB007460D4639
:1082F000144610D50B6973B94021FFF791FB286034
:10830000286130B90C233B604FF0FF301DB0BDE851
:10831000F08F40236B610023099320238DF82930CF
:10832000CDF80C803023DFF89C818DF82A304FF097
:10833000010923469A4613F8012B0AB1252AF9D1DF
:10834000BAEB040B0BD05B46224629463846FFF7B2
:108350006BFF013000F0A780099A5A4409929AF8FD
:108360000030002B00F09F8000234FF0FF32CDE95A
:1083700005230AF1010A049307938DF853301A93E9
:108380005446052214F8011B4E48E7F7F9FE049AFB
:10839000D8B9D00644BF20238DF85330110744BF0D
:1083A0002B238DF853309AF800302A2B15D0079ADA
:1083B000544600204FF00A0C214611F8013B303B97
:1083C000092B4BD9B0B1079214E0A0EB080309FACE
:1083D00003F313430493A246D2E7039B191D1B68C2
:1083E0000391002BBBBF5B4242F00202079307934D
:1083F000B8BF049223782E2B0AD163782A2B32D16E
:10840000039B1A1D1B68039243EAE373023405932E
:10841000DFF8B4A0217803225046E7F7B1FE38B167
:10842000049BA0EB0A0040228240134301340493D2
:1084300014F8011B25488DF828100622E7F7A0FE46
:10844000002836D0224B1BBB039B073323F00703C6
:1084500008330393099B334409936AE70CFB023208
:108460000C460120A8E700230134059319464FF07C
:108470000A0C204610F8012B303A092A03D9002BA8
:10848000C6D00591C4E70CFB012104460123F0E7A7
:1084900003AB00932A460F4B04A93846FDF782FE32
:1084A000421C0646D6D1AB895B063FF52DAF099835
:1084B0002CE703AB00932A46064B04A93846FEF787
:1084C0000BF9EDE706B601080CB6010810B6010875
:1084D000A561010829820108B1F90C20F8B5160739
:1084E00005460C4654D44B68002B02DC0B6C002B69
:1084F00048DDE66A002E45D0002312F480522F6832
:10850000216A2B6030D0626DA389590705D5636855
:10851000D21A636B0BB1236CD21A0023E66A216A6C
:108520002846B047431CA38906D129681D292BD8AA
:10853000284ACA40D60727D500226260D90422699A
:10854000226004D5421C01D12B6803B96065616BC0
:108550002F60B9B104F14403994202D02846FFF7D5
:10856000EBF9002363630DE001232846B047024680
:10857000501CC9D12B68002BC6D01D2B01D0162B47
:108580001DD12F60002021E043F040031BB21AE010
:108590000F69002FF6D093070E6808BF4B690F6074
:1085A00018BF0023F61B8B60002EEBDD216AD4F888
:1085B00028C033463A462846E047002807DCB4F98D
:1085C0000C3043F04003A3814FF0FF30F8BD074467
:1085D000361AE9E70100402038B50B6905460C461C
:1085E00013B90025284638BD18B1036A0BB9FEF748
:1085F0001DFAB4F90C30002BF3D0626ED00704D40E
:10860000990502D4A06DFEF73AFB28462146FFF7F4
:1086100063FF636EDA070546E4D4A3899B05E1D4C2
:10862000A06DFEF72DFBDDE7884210B501EB0204DB
:1086300002D98442234607D8431EA14208D011F82C
:10864000012B03F8012FF8E7024401468A4200D1CA
:1086500010BD13F8014D02F8014DF7E738B5064D8E
:108660000023044608462B60EAF7E8FA431C02D1CF
:108670002B6803B1236038BD0C4900200A449142A5
:1086800000F1FF3300D1704710B511F8014B03F82A
:10869000014F9142F9D110BD1FB514461A46094B3E
:1086A0001B680546D8684CB1074B0091CDE90134F1
:1086B00006492B4600F070F800F080F8044B1C4689
:1086C000F3E700BF1C02002021B601082EB6010806
:1086D0005CB6010870B5A1FB025434B92946FFF716
:1086E0009FF9064628B9304670BD0C22026000266C
:1086F000F9E72A462146FEF744FAF4E782B001B9C9
:1087000001A942B14BB113780B601278101E18BF4B
:10871000012002B070471046FBE76FF00100F8E758
:108720002DE9F041074614460D4621B9BDE8F04158
:108730001146FFF775B92AB9FFF7FEF82546284616
:10874000BDE8F08100F041F88442064602D8B4EB5F
:10875000500FF4D821463846FFF762F9804608B931
:108760004546ECE7B4422246294628BF3246FFF789
:1087700085FF29463846FFF7DFF8F1E7034608464C
:1087800041B1FF2A04D98A221A604FF0FF307047A6
:108790000A700120704700000EB403B5014603AB18
:1087A000054853F8042B0068019300F03DF802B02F
:1087B0005DF804EB03B070471C02002008B50620EA
:1087C00000F006FA0120EAF709FA51F8043C181FF4
:1087D000002BBCBF0B58C01870479368013B002B9F
:1087E00010B4936007DA9469A34201DB0A2902D12D
:1087F00010BC00F031B91368581C1060197008469D
:1088000010BC7047F8B506460F461446D518AC4262
:1088100001D1002007E014F8011B3A463046FFF76B
:10882000DCFF431CF3D1F8BD2DE9F04F0D469DB0A0
:1088300014469846064618B1036A0BB9FEF7F6F8D7
:108840006B6ED90705D4AB899A0502D4A86DFEF7E3
:1088500016FAAB891B0701D52B699BB9294630460F
:1088600000F038F970B16B6EDC0704D54FF0FF30C3
:108870001DB0BDE8F08FAB899805F7D4A86DFEF761
:10888000FFF9F3E70023099320238DF82930CDF871
:108890000C803023DFF8AC818DF82A304FF00109CD
:1088A00023469A4613F8012B0AB1252AF9D1BAEBCF
:1088B000040B0BD05B46224629463046FFF7A2FF49
:1088C000013000F0A780099A5A4409929AF80030C2
:1088D000002B00F09F8000234FF0FF32CDE90523ED
:1088E0000AF1010A049307938DF853301A93544602
:1088F000052214F8011B5348E7F742FC049AD8B943
:10890000D10644BF20238DF85330130744BF2B23D7
:108910008DF853309AF800302A2B15D0079A544618
:1089200000204FF00A0C214611F8013B303B092B87
:108930004BD9B0B1079214E0A0EB080309FA03F396
:1089400013430493A246D2E7039B191D1B680391AE
:10895000002BBBBF5B4242F0020207930793B8BFF4
:10896000049223782E2B0AD163782A2B32D1039BD1
:108970001A1D1B68039243EAE37302340593DFF880
:10898000C8A0217803225046E7F7FAFB38B1049BD0
:10899000A0EB0A004022824013430134049314F8F0
:1089A000011B2A488DF828100622E7F7E9FB00286A
:1089B0003FD0274B1BBB039B073323F00703083330
:1089C0000393099B3B4409936AE70CFB02320C4674
:1089D0000120A8E700230134059319464FF00A0C43
:1089E000204610F8012B303A092A03D9002BC6D0B3
:1089F0000591C4E70CFB012104460123F0E703AB1A
:108A000000932A46134B04A93046FDF7CBFB0746DB
:108A1000781CD6D16B6ED90705D4AB899A0502D4E0
:108A2000A86DFEF72DF9AB895B063FF51FAF0998DE
:108A30001EE703AB00932A46064B04A93046FDF718
:108A40004BFEE4E706B601080CB6010810B60108B3
:108A5000A561010805880108F8B50E4614460546CB
:108A600018B1036A0BB9FDF7E1FFA369A360A389FD
:108A70001A0701D5236943B92146284600F02AF890
:108A800018B14FF0FF373846F8BD23682269981AAD
:108A90006369F6B28342374605DC21462846FFF774
:108AA0009BFD0028EDD1A368013BA36023685A1CFD
:108AB00022601E706269431C9A4204D0A389DB07BE
:108AC000E1D50A2EDFD121462846FFF785FD002893
:108AD000D9D0D6E738B5294B054618680C4618B1E9
:108AE000036A0BB9FDF7A2FFB4F90C30190722D4C1
:108AF000DA0607D409222A6043F04003A3814FF02D
:108B0000FF3033E0580712D5616B41B104F14403E3
:108B1000994202D02846FEF70FFF00236363A38922
:108B200023F02403A3810023636023692360A389C6
:108B300043F00803A38123694BB9A38903F420738D
:108B4000B3F5007F03D02146284600F083F8B4F93E
:108B50000C3013F001020AD00022A2606269524276
:108B6000A261226942B913F08000C5D138BD9907CE
:108B700058BF6269A260F4E70020F7E71C020020FA
:108B80001F2938B505460C4604D9162303604FF05B
:108B9000FF3038BDC26B12B152F821304BB92846B4
:108BA00000F030F8224601462846BDE8384000F083
:108BB00017B8012B0AD0591C03D1162303600120DA
:108BC000E7E7002142F82410204698470020E0E71C
:108BD000024B01461868FFF7D3BF00BF1C020020FC
:108BE00038B5074D00230446084611462B60E9F7C7
:108BF000EDFF431C02D12B6803B1236038BD00BFD9
:108C00000C490020E9F7E0BF70B50C46B1F90E1031
:108C1000002996B015461E460DDAA38913F0800F81
:108C20004FF0000114BF40234FF4806300203160F7
:108C30002B6016B070BD6A4600F048F80028ECDBE7
:108C4000019901F47041A1F50053594259414FF483
:108C50008063EBE78B89F7B59D0706460C4607D581
:108C600004F14703236023610123636103B0F0BD76
:108C700001AB6A46FFF7C8FF009F054639463046FC
:108C8000FEF7CEFE48B9B4F90C309A05EED423F0C5
:108C9000030343F00203A381E2E7A389206043F0CA
:108CA0008003A381019BC4E904075BB1B4F90E10F2
:108CB000304600F01DF828B1A38923F0030343F0E8
:108CC0000103A381A3891D43A581CFE738B5074DD3
:108CD00000230446084611462B60E9F7A6FF431C13
:108CE00002D12B6803B1236038BD00BF0C490020BE
:108CF00038B5064D0023044608462B60E9F79AFF75
:108D0000431C02D12B6803B1236038BD0C490020FD
:108D100030B5204D21F00044AC4287B002460B46EE
:108D200006D8002300930022002300F049FA04E053
:108D3000194DAC4203D9E7F77FFA07B030BD02AA5C
:108D400000F0F6FA00F00300012809D002280ED046
:108D5000C0B901230093DDE90201DDE90423E4E762
:108D6000DDE90423DDE9020100F06AF9E5E701230A
:108D70000093DDE90201DDE9042300F021FA01F1AD
:108D80000041DAE7DDE90423DDE9020100F058F9EA
:108D9000F5E700BFFB21E93FFFFFEF7F38B5054650
:108DA00000F016F8294604462846E8F719FA68B98B
:108DB00000212846E8F7ECF940B1FDF735FF212303
:108DC000002103600846E8F7F9F80446204638BD5C
:108DD00020F00042B2F1FF4F2DE9F0410346044676
:108DE0000AD30146E8F736F801462046E7F72AFF9E
:108DF00004462046BDE8F081002AFAD0002806DAB1
:108E00000146E7F71DFF0146E8F7D8F8F0E710F054
:108E1000FF413CD0C215C3F31603A2F17F0543F412
:108E20000003D20758BF5B0000246D105B001920BF
:108E300026464FF0807172189A42DDBF56186418AA
:108E40009A1A1A4601384FEA42034FEA5101F2D109
:108E5000BAB1154E154F30683968D6F80080E7F77B
:108E6000EFFE01464046E8F79DF950B13068396899
:108E70003668E7F7E7FE01463046E8F789F970B152
:108E80000234641004F17C5404EBC554B1E75B0078
:108E900018020A4601F10101F9D55242BBE701343B
:108EA00024F00104EDE700BF68B8010864B80108C8
:108EB0002DE9F041C1F30A57A7F2FF36132E0246FF
:108EC0000B460C460546804635DC002E17DA34A3E7
:108ED000D3E90023E7F7B2F900220023E7F7F4FD16
:108EE00050B1002C57DA24F000442C430025AC424A
:108EF0002D4C08BF4FF0004423462A4624E02B4F58
:108F0000374101EA070C5CEA000C1DD024A3D3E929
:108F10000023E7F793F900220023E7F7D5FD0028A7
:108F2000EAD0002CBEBF4FF480133341E41824EA8A
:108F300007040025E0E7332E0ADDB6F5806F03D184
:108F4000E7F77CF902460B4610461946BDE8F0816A
:108F5000A7F213474FF0FF3C2CFA07F70742F3D074
:108F60000FA3D3E90023E7F769F900220023E7F70D
:108F7000ABFD0028C0D0002C0ADA142E01D1013438
:108F800006E0C6F134060123B3401D444545F6D33F
:108F900025EA0705B0E700252C46ADE7AFF30080D2
:108FA0009C7500883CE4377E0000F0BFFFFF0F0097
:108FB000F8B5C1F30A57A7F2FF32132A04460D464B
:108FC0000B461ADC002A0BDA01F00043013204BF21
:108FD00043F07F5343F4401300221D46144616E02D
:108FE000154810410140214311D04FF4002141FAAE
:108FF00002F2134423EA0003EEE7332A0ADDB2F556
:10900000806F04D10246E7F719F904460D46204661
:109010002946F8BDA7F213474FF0FF30F840204231
:10902000F5D0C2F1330101228A40121928BF013361
:1090300022EA0002D1E700BFFFFF0F00000000009E
:109040002DE9F74F21F00046B6F1795FCDE9002315
:109050008046894604D2E7F757FD002800F0868055
:1090600042464B4640464946E7F79EFA4E4B0022A1
:1090700004460D46E7F798FA3FA3D3E9002382465A
:109080008B4620462946E7F78FFA3DA3D3E9002314
:10909000E7F7D4F822462B46E7F786FA3AA3D3E956
:1090A0000023E7F7C9F822462B46E7F77DFA38A3F5
:1090B000D3E90023E7F7C2F822462B46E7F774FA14
:1090C00035A3D3E90023E7F7B7F822462B46E7F7A5
:1090D0006BFA33A3D3E90023E7F7B0F822462B4617
:1090E000E7F762FA22462B46E7F75EFADDE900234E
:1090F00004460D4640464946E7F756FA0B460246F7
:1091000029462046E7F798F8284B9E428046894634
:109110000ED802460B4650465946E7F78DF80B46E7
:10912000234902460020E7F787F803B0BDE8F08F37
:10913000204B1F499E428CBF1F4DA6F500150024F1
:1091400022462B460020E7F777F8224606460F46D0
:109150002B4650465946E7F76FF842464B46E7F72D
:109160006BF802460B4630463946DCE710490020D2
:10917000DBE700BFAFF30080D43888BEE9FAA8BDB2
:10918000C4B1B4BD9EEE213EAD529C804F7E923E56
:109190009015CB19A001FA3E7751C1166CC1563F0C
:1091A0004C5555555555A53F0000E03F3233D33F50
:1091B0000000F03F0000E93F0000D23F0000000047
:1091C0002DE9F04F1F4621F00043B3F1795F85B0E0
:1091D00004460D46164603D2E7F796FC002851D008
:1091E00022462B4620462946E7F7DEF982468B4683
:1091F00002460B4620462946E7F7D6F93EA3D3E9B7
:1092000000238046894650465946E7F7CDF93CA3EE
:10921000D3E90023E7F710F852465B46E7F7C4F9B5
:1092200039A3D3E90023E7F709F852465B46E7F78D
:10923000BBF937A3D3E90023E6F7FEFF52465B46AE
:10924000E7F7B2F934A3D3E90023E6F7F7FF0E9B63
:10925000CDE90001DBB902460B4650465946E7F717
:10926000A3F92FA3D3E90023E6F7E6FF42464B46D6
:10927000E7F79AF902460B4620462946E6F7DEFF55
:1092800004460D462046294605B0BDE8F08F264B22
:10929000002230463946E7F787F9DDE90023CDE9BA
:1092A000020140464946E7F77FF902460B46DDE9F1
:1092B0000201E6F7C1FF52465B46E7F775F9324611
:1092C0003B46E6F7B9FF16A3D3E9002306460F464F
:1092D00040464946E7F768F902460B4630463946AC
:1092E000E6F7ACFF02460B4620462946E6F7A4FF08
:1092F000C6E700BFAFF300807CD5CF5A3AD9E53D31
:10930000EB9C2B8AE6E55A3E7DFEB157E31DC73E36
:10931000D561C119A0012A3FA6F810111111813F92
:10932000495555555555C53F0000E03F0000000028
:109330002DE9F04FC44B8DB021F00048984506460A
:109340000F461446049107D8C2E9006700230022A3
:10935000C4E90223002526E0BC4B984576D8049B3F
:10936000BB4D002BAAA3D3E9002338DDE6F764FF49
:10937000A84506460F461AD0A7A3D3E90023E6F76F
:109380005BFF02460B468046894630463946E6F783
:1093900053FFA1A3D3E90023E6F74EFFC4E90089F8
:1093A000C4E90201012528460DB0BDE8F08F9CA359
:1093B000D3E90023E6F740FF9BA3D3E90023064649
:1093C0000F46E6F739FF02460B468046894630468F
:1093D0003946E6F731FF94A3D3E90023DCE7E6F74B
:1093E0002DFFA84506460F4618D08BA3D3E90023CE
:1093F000E6F724FF02460B4680468946304639464A
:10940000E6F71AFF84A3D3E90023E6F717FF4FF02E
:10941000FF35C4E90089C4E90201C4E780A3D3E9A8
:109420000023E6F70BFF80A3D3E9002306460F468F
:10943000E6F704FF02460B46804689463046394629
:10944000E6F7FAFE78A3D3E90023DEE7814B9845DF
:1094500000F2CF8000F062F975A3D3E9002306463D
:109460000F46E7F7A1F87C4B0022E6F7E7FEE7F7A7
:109470004BFB0546E7F72EF802460B46CDE90223E3
:1094800063A3D3E90023E7F78FF802460B46304683
:109490003946E6F7D1FE60A3D3E9002382468B4626
:1094A000DDE90201E7F780F81F2D06460F460CDCC8
:1094B0006A4B6A1E53F82230434506D032463B467B
:1094C00050465946E6F7B8FE0EE03B463246504657
:1094D0005946E6F7B1FE4FEA28530593C1F30A5304
:1094E000C3EB1853102B02DCC4E9000139E04CA394
:1094F000D3E90023DDE90201E7F756F806460F46F7
:1095000002460B4650465946E6F796FE02460B4683
:109510008046894650465946E6F78EFE32463B461F
:10952000E6F78AFE40A3D3E9002306460F46DDE9AD
:109530000201E7F739F832463B46E6F77DFE024680
:109540000B4606460F4640464946E6F775FE059A25
:10955000C1F30A53D31A312B20DCC4E90001C246FF
:10956000CB46D4E90089504642464B465946E6F779
:1095700063FE3B463246E6F75FFE049B002BC4E9E0
:109580000201BFF610AF09F10043636001F100432F
:10959000C4F80080A060E3606D4204E726A3D3E92D
:1095A0000023DDE90201E6F7FFFF06460F4602460B
:1095B0000B4640464946E6F73FFE02460B468246CA
:1095C0008B4640464946E6F737FE32463B46E6F7CD
:1095D00033FE1BA3D3E9002306460F46DDE9020153
:1095E000E6F7E2FF32463B46E6F726FE06460F4622
:1095F00064E71B4B984535D902460B46E6F71CFE3F
:10960000C4E90201C4E90001A4E600BFAFF3008091
:1096100000004054FB21F93F3163621A61B4D03D30
:109620000000601A61B4D03D7370032E8A19A33B09
:1096300083C8C96D305FE43F0000002E8A19A33B48
:10964000C14920259A837B39FB21E93F7BD9024020
:10965000FB21F93FFB2139410000E03F6CB80108D4
:10966000FFFFEF7F4FEA2855A5F21645A8EB0551FD
:109670000F46E7F749FAE6F72DFF02460B4630465C
:109680003946CDE90623E6F7D7FD224B0022E6F75F
:109690008BFF0F460646E7F737FAE6F71BFF024651
:1096A0000B4630463946CDE90823E6F7C5FD194B90
:1096B0000022E6F779FFCDE90A010DF130094FF0FC
:1096C00003080026002779E9020132463B46C246DC
:1096D00008F1FF38E7F7D0F90028F4D10E4B0193D9
:1096E000022300932A465346214606A800F01AF8A2
:1096F000049B002B0546BFF656AED4E9002101F1CC
:109700000043C4E90023D4E9022101F10043C4E984
:10971000022341E700007041ECB8010821F000434A
:10972000194670472DE9F04FADF5197D12F1140F70
:1097300008930491B94BA299099053F821300293F0
:10974000089B03F1FF33A8BFD41E0693B2BF0024C9
:10975000182394FBF3F46FF0170304FB033303EBBC
:10976000020A069A029B03EB0208A39BA71A03EBCB
:10977000870920AE002500220023454513DD089A05
:1097800020AB03EBC2050DF5E07B0027029B9F4257
:1097900033DC099B0022A3F108090023CDE9002353
:1097A000A84600261FE0EF420BD459F82500CDE96A
:1097B0000023E6F78FFEDDE90023E6E8020101352C
:1097C000DBE710461946F8E778E90223F9E90201D8
:1097D000E6F7EAFE02460B46DDE90001E6F72EFD5C
:1097E000CDE900010136069B9E42EDDDDDE9002357
:1097F0000137EBE802230835C8E7029BDDF808B023
:109800000CAA02EB83030B93A39B03EB84030A9341
:1098100098AB03EBCB0353E9284570AB03EBCB03C9
:109820000CAE07939946B0465F46002F71DC524656
:109830002046294600F094FA00224FF07F53044658
:109840000D46E6F7B1FEFFF733FB754B0022E6F756
:10985000ABFE02460B4620462946E6F7EDFC0D46D8
:109860000446E7F751F90590E6F734FE02460B4649
:1098700020462946E6F7E0FCBAF1000F804689460B
:109880006DDD0BF1FF310CAB059C53F82130CAF1B3
:10989000180043FA00F2144482409B1A0CAA059463
:1098A00042F82130CAF1170213410093009B002BAC
:1098B00064DD059B00220133059314466FF07F4160
:1098C000934500F39D80BAF1000F07DDBAF1010F57
:1098D00000F0B280BAF1020F00F0B980009B022BB9
:1098E0004CD142464B464F490020E6F7A5FC804646
:1098F0008946002C42D052464A49002000F030FAF6
:1099000002460B4640464946E6F796FC80468946A5
:1099100034E0454B002220462946E6F745FEE7F7AE
:10992000F3F8E6F7D7FD02460B46CDE900233F4B9F
:109930000022E6F739FE02460B4620462946E6F7A6
:109940007BFCE7F7E1F879E9022348F8040BDDE94D
:109950000001E6F773FC013F04460D4665E706D1BA
:109960000BF1FF330CAA52F82330DB159DE7304B87
:109970000022E7F79FF800283FD100900022002343
:1099800040464946E7F778F8002800F0AF800BF131
:10999000FF33002202998B4261DA002A76D00BF164
:1099A000FF3B0CABAAF1180A53F82B30002BF6D072
:1099B00052461C49DFF870A0002000F0D1F970ABCE
:1099C00006460F464FEACB0403EBCB085D464FF04B
:1099D0000009002D80F2C0805D46002DC0F2F080AD
:1099E000144B069370AB03EBC5084FF000094FF022
:1099F000000A0027ABEB0506D6E00223009358E7E8
:109A000056F8043B44B923B1C3F1807346F8043CD3
:109A1000012301321C4653E7CB1AF7E738BA010895
:109A2000000020400000F03F0000703E0000704148
:109A30000000E03FF8B901080BF1FF320CAB53F81E
:109A40002230C3F316030CA941F8223046E70BF18C
:109A5000FF320CAB53F82230C3F31503F3E70CA924
:109A600051F82310013B0A4394E7013453F8042DC5
:109A7000002AFAD0089B20AA5B440BF1010802EBF4
:109A8000C3055C44444504DAA346C1E60B9B0124AC
:109A9000ECE70A9B53F82800E6F71CFD099BC5E993
:109AA0000001083B0093AB464FF000090026002759
:109AB000069B994507DD079BE3E9026708F101086A
:109AC00007930835DEE70099F1E9022300917BE86E
:109AD0000201E6F769FD02460B4630463946E6F7D5
:109AE000ADFB09F1010906460F46E1E7CAF10002A4
:109AF0004046494600F034F9974B002204460D4693
:109B0000E6F7D8FF00B3954B002220462946E6F73A
:109B10004BFDE6F7F9FF0646E6F7DCFC8E4B00222C
:109B2000E6F742FD0B46024629462046E6F784FB4F
:109B3000E6F7EAFF0CAB0AF1180A43F82B000BF129
:109B4000010B43F82B6033E720462946E6F7DCFF9C
:109B50000CAB43F82B002BE70CAB53F82500E6F7D2
:109B6000B9FC32463B46E6F71FFD4A4668E802016B
:109B7000534630463946E6F717FD013D06460F4687
:109B800027E7DDF818C0FCE80201F8E80223CDF869
:109B900018C0E6F709FD02460B4648465146E6F76F
:109BA0004DFB013781468A46029B9F4201DCB7424A
:109BB000E7DD48AB03EBC606C6E9009A013D0CE7BA
:109BC000A29B022B09DC002B2CDC4ED0059B03F062
:109BD00007000DF5197DBDE8F08FA29B032BF5D191
:109BE00048AB1C442546DA46BAF1000F63DC254633
:109BF000DA46BAF1010F7BDC00200021BBF1010F36
:109C000000F39380009BDDE94856DDE94A78002B9C
:109C100040F09280049BC3E90056C3E90278C3E98F
:109C20000401D3E748AB1C445D4600200021002D11
:109C300032DA009B002B35D0024601F10043049C30
:109C4000C4E9002302460B46DDE94801E6F7F4FAD1
:109C500048AC0125AB4528DA009B13B101F1004364
:109C60001946049BC3E90201B0E748AB1C4400203D
:109C70000021BBF1000F08DA009B13B101F1004392
:109C80001946049BC3E90001A0E774E80223E6F744
:109C9000D5FA0BF1FF3BECE774E80223E6F7CEFAC6
:109CA000013DC4E702460B46C9E7F4E90223E6F7A3
:109CB000C5FA0135CEE755E90289D5E900234046CA
:109CC0004946CDE90223E6F7B9FA02460B460646B5
:109CD0000F4640464946E6F7AFFADDE90223E6F7CC
:109CE000ADFA65E802010AF1FF3AC5E900677BE7D2
:109CF00055E90289D5E9002340464946CDE90223CA
:109D0000E6F79CFA02460B4606460F464046494691
:109D1000E6F792FADDE90223E6F790FA65E8020138
:109D20000AF1FF3AC5E9006763E774E80223E6F742
:109D300085FA0BF1FF3B61E7049B049A1D6006F175
:109D400000445C609F6008F10043D36001F1004370
:109D5000106153613AE700BF000070410000703E9F
:109D60002DE9F0481646C1F30A5283468C460B464D
:109D700082B921F00043034335D02D4B0022E6F792
:109D800013FC2C4B9E4283468C460DDA24A3D3E968
:109D9000002319E040F2FF77BA4209D10246E6F704
:109DA0004DFA83468C461EE0C1F30A520B46363A02
:109DB0004CF250318E420ADD1BA3D3E900236546E5
:109DC00063F31E051C482946E6F7EEFBE9E732443B
:109DD00040F2FE718A42EFDC002A08DD6FF31E5369
:109DE00043EA0255AC4658466146BDE8F08812F198
:109DF000350F09DA0CF0004343F0D27141F4B7316A
:109E00000E4841F01F01C1E736326FF31E5343EA9B
:109E1000025558460A4B29460022D5E7AFF3008089
:109E200059F3F8C21F6EA5019C7500883CE4377E8B
:109E300000005043B03CFFFF9C75008859F3F8C206
:109E40000000903CF8B500BFF8BC08BC9E467047C7
:109E5000F8B500BFF8BC08BC9E4670470000000083
:109E6000120024003000000006000C00100000006A
:109E7000000000000100000002000000000D070AC1
:109E80000E030904010C060B0F0208050000000078
:109E90008813000010270000204E000030750000DD
:109EA000409C000050C3000060EA0000C0D40100E4
:109EB00080A9030000530700A027BE330000000064
:109EC00050010000E034C1330000000050010000E8
:109ED0002042C4330000000050010000C194C100C2
:109EE00000000000B2270000000000004C6D486137
:109EF0006E646C65722053746F70206F6E20676F94
:109F0000696E67202E2E2E0D0A0000004C6D4861F0
:109F10006E646C65722053746F702065736567752D
:109F200069746F20636F7272657474616D656E74AD
:109F3000650D0A002D2D2D2D2D2D2D2D2D2D2D4C6A
:109F40006D48616E646C657220696E20726961741F
:109F5000746976617A696F6E652D2D2D2D2D2D2DED
:109F60002D2D2D2D0D0A00002D2D2D2D2D2D2D2DBE
:109F70002D2D2D5461736B20726961747469766143
:109F800074692D2D2D2D2D2D2D2D0D0A0D0A00005E
:109F9000706F74656E7A613A202564200A0D0A0D8F
:109FA000000000000A0D0A0D202D2D2D2D2D2D2D28
:109FB0002D2D2D2D2D20494D504F5354415A494F91
:109FC0004E49204C6F5261202D2D2D2D2D2D2D2DE4
:109FD0002D2D2D2D200A0D0A0D00000023232323F3
:109FE0002323204E6574534B657920253032583A2F
:109FF000253032583A253032583A253032583A25F1
:10A000003032583A253032583A253032583A2530D5
:10A0100032583A253032583A253032583A253032C3
:10A02000583A253032583A253032583A253032588D
:10A030003A253032583A253032580D0A00000000D7
:10A0400023232323232320417070534B657920253C
:10A050003032583A253032583A253032583A253085
:10A0600032583A253032583A253032583A25303273
:10A07000583A253032583A253032583A253032583D
:10A080003A253032583A253032583A253032583A4B
:10A09000253032583A253032583A253032580D0A98
:10A0A00000000000232323232323204465764164FA
:10A0B00064723A2020202020253032583A25303250
:10A0C000583A253032583A253032580D0A000000EF
:10A0D000232323232323204170704555493A202010
:10A0E00020202020253032583A253032583A253069
:10A0F00032583A253032583A253032583A253032E3
:10A10000583A253032583A253032580D0A000000AE
:10A1100023232323232320414452204F46460A0D64
:10A120000000000023232323232320414452204FF7
:10A130004E0A0D0023232323232320547854696DD2
:10A14000653A202020202025640D0A0023232323A4
:10A1500023232044522564000A0D0A0D202D2D2DA5
:10A160002D2D2D2D2D2D2D2D2046494E452053547E
:10A17000414D504120504152414D45545249204C8F
:10A180006F5261202D2D2D2D2D2D2D2D2D2D2D2D71
:10A190002D200A0D0A0D00000A0D2D2D2D2D2D2D1F
:10A1A0002D2D2D2D2D2043414C494252415A494FCE
:10A1B0004E4520504152414D455452492050494E40
:10A1C0005A45202D2D2D2D2D2D2D2D2D2D2D0A0DCA
:10A1D0000A0D00000A0D2D2D2D2D2D2D2D2D2D2D8F
:10A1E0002D204341524943414D454E544F2050414B
:10A1F00052414D45545249204C6F5261202D2D2D16
:10A200002D2D2D2D2D2D2D2D0A0D0A0D00000000B8
:10A210004572726F726520696E206C657474757218
:10A220006120706172616D6574726920646120459E
:10A230004550524F4D200A0D0A0D00004572726FB5
:10A24000726520696E20696D706F7374617A696FD1
:10A250006E652064617469204C6F526120646120D6
:10A26000454550524F4D200A0D0A0D004361726959
:10A270006361746920706172616D657472692064D4
:10A280006120454550524F4D0A0D0A0D0000000057
:10A290004361726963616D656E746F206461746996
:10A2A00020646920636F6E6669677572617A696F91
:10A2B0006E65204861726420636F64656420696E16
:10A2C00020636F646963650A0D0A0D004572726F41
:10A2D000726520696E20696D706F7374617A696F41
:10A2E0006E652064617469206469206465666175C7
:10A2F0006C74204C6F5261200A0D0A0D00000000A2
:10A30000436172696361746920646174692064697E
:10A310002064656661756C74204861726420636FA7
:10A320006465640A0D0A0D00444154415F4D454D7A
:10A3300000000000434F4D414E444F204E4F4E20F1
:10A340005249434F4E4F53434955544F0D0A000055
:10A350002D2D2D2D2D2D2D2D2D2D2D444953415499
:10A36000544956415A494F4E452050455249464559
:10A3700052494348452D2D2D2D2D2D2D2D2D2D0AA6
:10A380000D0000000A0D0A0D2D2D2D2D2D2D2D2D2A
:10A390002D2D2D50524F56412046554E5A494F4E65
:10A3A000492D2D2D2D2D2D2D2D2D2D0A0D0000008B
:10A3B000256473253033643A000000002D2D2D2DC7
:10A3C0002D2D2D2D2D2D2D4C4554545552412054BD
:10A3D000454E53494F4E4520424154544552494100
:10A3E0002045204241434B55502D2D2D2D2D2D2DF7
:10A3F0002D2D2D0A0D000000426174746572696193
:10A40000207072696E636970616C652041444320FD
:10A4100025640A0D00000000426174746572696170
:10A42000206261636B7570204144432025640A0DEE
:10A43000000000002D2D2D2D2D2D2D2D2D2D2D2D00
:10A440002D2D2D0A0D0A0D0054656E73696F6E690E
:10A45000206C657474652064612041444320636806
:10A460002025643A20696E67726573736F3A202500
:10A470006420567265663A2025640A0D00000000CB
:10A48000232323232323232323202D2D2D2D2D2D63
:10A490002D2D2D2323232323232323230A0D0000E3
:10A4A00050696E7A612025643A09206D656469619E
:10A4B000203D2025342E32662C09204465765354E5
:10A4C00044203D2025342E32662074656D706572FF
:10A4D0006174757261203D2025342E3266206469D6
:10A4E000616D6574726F203D2025342E32660A0D31
:10A4F00000000000257300006572726F72652069AC
:10A500006E206C6574747572612053454E540A0D4B
:10A5100000000000232323232323232323202D2D86
:10A520002D4C4554545552412053454E54205049CA
:10A530004E5A4120256420434F4D504C45544154C0
:10A54000412D2D2D2D2D2D23232323232323232381
:10A550000A0D0000232323232323232323202D2D2F
:10A560002D205573636974612073656E7420706962
:10A570006E7A612025642064612054696D656F7571
:10A58000742D2D2D2D2D2D2323232323232323230E
:10A590000A0D000074656D706572617475726120DA
:10A5A0003D2025342E32662C0A0D00002323232360
:10A5B0002323232323202D2D2D2046696E6520572C
:10A5C00068696C652070696E7A61202564202D2D84
:10A5D0002D2D2D2D2323232323232323230A0D0075
:10A5E000232323232323232323202D2D2D205049D0
:10A5F0004E5A41202564206E6F6E20617474697616
:10A6000061202D2D2D2D2D2D2323232323232323A3
:10A61000230A0D000D0A232323232323204245412F
:10A62000434F4E204C4F53540D0A00000D0A232374
:10A630002323232320424541434F4E205245434587
:10A6400049564544207C2044523A2564207C2052BF
:10A650005353493A2564207C20534E523A256420B6
:10A660007C2046513A2564207C2054494D453A25AA
:10A6700064207C20444553433A2564207C20494E85
:10A68000464F3A303258253032582530325820253E
:10A6900030325825303258253032580D0A0000002B
:10A6A0000D0A23232323232320424541434F4E20D9
:10A6B0004E4F542052454345495645440D0A00002B
:10A6C00053776974636820746F20436C61737320DF
:10A6D000256320646F6E650D0A000000414243004F
:10A6E00041434B004E41434B000000000D0A232321
:10A6F00023232323203D3D3D3D3D3D3D3D3D3D202C
:10A700004D4350532D436F6E6669726D203D3D3D44
:10A710003D3D3D3D3D3D3D3D3D3D0D0A00000000C0
:10A7200023232323232320552F4C204652414D45DC
:10A730003A25303464207C20504F52543A2564200E
:10A740007C2044523A2564207C205057523A25649C
:10A7500000000000207C204D534720545950453ABA
:10A7600000000000434F4E4649524D4544205B25B2
:10A77000735D0D0A00000000554E434F4E4649528E
:10A780004D45440D0A0000004E564D2044415441B1
:10A790002053544F5245440D0A0000004E564D20A0
:10A7A0004441544120524553544F5245440D0A00F0
:10A7B0000D0A232323232323203D204A4F494E45BE
:10A7C00044203D2000000000414250203D3D3D3DE1
:10A7D0003D3D3D3D3D3D3D3D3D3D3D3D3D3D3D3DA9
:10A7E0003D3D0D0A000000004F544141203D3D3DDC
:10A7F0003D3D3D3D3D3D3D3D3D3D3D3D3D3D3D3D89
:10A800003D3D0D0A000000000D0A232323232323CE
:10A81000203D204A4F494E204641494C45440D0AAF
:10A82000000000000D0A232323232323203D205270
:10A83000452D545259494E47204F544141204A4FCB
:10A84000494E0D0A000000004C4544204F46460D7D
:10A850000A0000004C4544204F4E0D0A0000000045
:10A8600023232323232320442F4C204652414D45AC
:10A870003A25303464207C20504F52543A256420CD
:10A880007C2044523A2564207C20534C4F543A2576
:10A8900073207C20525353493A2564207C20534E28
:10A8A000523A25640D0A00004C6D48616E646C6577
:10A8B000722053746F707065640D0A004C6D4861AE
:10A8C0006E646C65722073776974636820746F209E
:10A8D0004F544141206D6F64650D0A004E564D2066
:10A8E0004441544120555020544F20444154450D7B
:10A8F0000A0000004E564D20444154412053544F0D
:10A900005245204641494C45440D0A000A0D0A0DA6
:10A910002D2D2D2D2D2D2D2D2D2D2D6C657474751A
:10A92000726520736F737065736520706572206245
:10A93000617373612074656E73696F6E65206469FD
:10A940002062617474657269612D2D2D2D2D2D2D60
:10A950002D2D2D0A0D0000000A0D0A0D2D2D2D2D77
:10A960002D2D2D2D2D2D2D4C455454555241444106
:10A9700054492044412053454E534F52492D2D2DCB
:10A980002D2D2D2D2D2D2D0A0D0000005642617408
:10A9900074203A207E25640D0A000000506572691B
:10A9A0006F646F206D6F6469666361746F2C2070D3
:10A9B000726F7373696D6F20547820696E20203A2E
:10A9C000207E2564202873290D0A000053454E443B
:10A9D00020524551554553540D0A00004E65787478
:10A9E00020547820696E20203A207E2564207365EB
:10A9F000636F6E642873290D0A0000004150504CAB
:10AA000049434154494F4E5F56455253494F4E3A80
:10AA1000205625582E25582E25580D0A00000000D6
:10AA20004D575F4C4F524157414E5F564552534927
:10AA30004F4E3A20205625582E25582E25580D0ABF
:10AA4000000000004D575F524144494F5F56455248
:10AA500053494F4E3A202020205625582E25582E57
:10AA600025580D0A000000004C325F535045435FEB
:10AA700056455253494F4E3A202020202056255803
:10AA80002E25582E25580D0A0000000052505F5305
:10AA90005045435F56455253494F4E3A202020209F
:10AAA000205625582D25582E25582E25580D0A009C
:10AAB000537461636B204C6F526120696E746572D0
:10AAC000726F74746F20636F7272657474616D65F8
:10AAD0006E74650D0A00000043616C6C6261636B0B
:10AAE0002064612073657269616C652070657220F5
:10AAF000636F6D616E646920646120696E74657254
:10AB00006661636369613A20696E697A69616C693B
:10AB10007A7A6174610D0A00310000003200000091
:10AB200043000000435F4D43000000005000000060
:10AB3000505F4D43000000002323232323232025BF
:10AB40007320253032583A253032583A2530325861
:10AB50003A253032583A253032583A253032583A70
:10AB6000253032583A253032583A253032583A2575
:10AB70003032583A253032583A253032583A25305A
:10AB800032583A253032583A253032583A25303248
:10AB9000580D0A002323232323232044657645559B
:10ABA000493A202020202020253032583A253032C2
:10ABB000583A253032583A253032583A25303258F2
:10ABC0003A253032583A253032583A253032580D2D
:10ABD0000A0000004170704B65793A202020202047
:10ABE000000000004E776B4B65793A202020202032
:10ABF000000000004E776B534B65793A20202020EF
:10AC000000000000417070534B65793A20202020ED
:10AC1000000000004442496E744B65793A202020C0
:10AC2000000000004D43526F6F744B65793A20204D
:10AC3000000000004D434B454B65793A2020202011
:10AC4000000000004D43417070534B65795F303A0E
:10AC5000000000004D434E776B534B65795F303AEF
:10AC6000000000006572726F723A20526567696F6A
:10AC70006E206973206E6F7420646566696E65640A
:10AC800020696E20746865204D573A2073657420E2
:10AC90006C6F726177616E5F636F6E662E682061A4
:10ACA00063636F7264696E676C790D0A000000005F
:10ACB0004D414320727854696D654F75740D0A00DB
:10ACC0004D414320747854696D654F75740D0A00C9
:10ACD0004D4143207278446F6E650D0A00000000FC
:10ACE0004D4143207478446F6E650D0A00000000EA
:10ACF00052585F2573206F6E20667265712025643F
:10AD000020487A2061742044522025640D0A0000F6
:10AD10005258206F6E206672657120256420487A33
:10AD20002061742044522025640D0A005458206F7D
:10AD30006E206672657120256420487A2061742037
:10AD400044522025640D0A004D756C74695F430000
:10AD50004D756C74695F50004952515F52585F5491
:10AD6000585F54494D454F55540D0A0050524520E7
:10AD70004F4B0D0A0000000053594E43204F4B0D1E
:10AD80000A000000484452204F4B0D0A000000000A
:10AD9000484452204B4F0D0A000000004952515FB9
:10ADA0004352435F4552524F520D0A00526164694B
:10ADB0006F53656E64204F76657273697A650D0A0C
:10ADC00000000000303132333435363738396162B3
:10ADD000636465666768696A6B6C6D6E6F707172CB
:10ADE000737475767778797A0000000030313233E9
:10ADF0003435363738394142434445464748494A55
:10AE00004B4C4D4E4F505152535455565758595A1A
:10AE1000000000003C4E554C4C3E0000A1280008AC
:10AE20008D2800087528000895280008712800085A
:10AE300073280008A0860100400D0300801A060058
:10AE400000350C0040420F0080841E0000093D00C8
:10AE500000127A000024F40000366E010048E80178
:10AE6000006CDC0200000000000000000000000098
:10AE700000000000000000000000000000000000D2
:10AE800000000000010000000200000003000000BC
:10AE900004000000010000000300000005000000A5
:10AEA0000100000001000000060000000A00000090
:10AEB0002000000002000000040000000800000064
:10AEC00010000000400000008000000000010000B1
:10AED0000002000005310008C531000819310008E2
:10AEE000D53100088D310008BD3000080000000099
:10AEF0002D31000881300008C52F0008E92F000817
:10AF0000F52F0008193000084130000845300008CE
:10AF100059300008A9330008D13300081134000863
:10AF2000FD330008010002000400060008000A00CA
:10AF30000C00100020004000800000010804020402
:10AF40000801010101010103070100001A00CEFF01
:10AF5000B500D8FF5201E2FFEE01ECFF8B02F6FFD5
:10AF600028030000C6030A006504140004051E003F
:10AF7000A305280042063200E2063C008307460093
:10AF800024085000C5085A0067096400090A6E00C9
:10AF9000AB0A78004D0B8200F10B8C00920C9600EE
:10AFA00018AB01081CAB010820AB010824AB010859
:10AFB0002CAB010830AB0108A584998D0DBDB154AF
:10AFC0005003A97D1962E69A459D408715EBC90B90
:10AFD000EC67FDEABFF7965BC21CAE6A5A41024FAE
:10AFE0005CF434089373533F0C52655E28A10FB58F
:10AFF00009369B3D2669CD9F1B9E742E2DB2EEFB1C
:10B00000F64D61CE7B3E7197F568002C601FC8ED50
:10B01000BE46D94BDED4E84A6B2AE516C5D755940F
:10B02000CF100681F044BAE3F3FEC08AADBC4804F9
:10B03000DFC17563301A0E6D4C14352FE1A2CC3987
:10B0400057F28247ACE72B95A098D17F667EAB8301
:10B05000CA29D33C79E21D763B564E1EDB0A6CE4CE
:10B060005D6EEFA6A8A4378B324359B78C64D2E04B
:10B07000B4FA0725AF8EE918D5886F7224F1C7514D
:10B08000237C9C21DDDC86859042C4AAD805011270
:10B09000A35FF9D0915827B93813B333BB7089A790
:10B0A000B622922049FF787A8FF88017DA31C6B835
:10B0B000C3B07711CBFCD63AC6F8EEF6FFD6DE91D8
:10B0C0006002CE56E7B54DEC8F1F89FAEFB28EFBCA
:10B0D00041B35F452353E49B75E13D4C6C7EF583A2
:10B0E0006851D1F9E2AB622A0895469D30370A2FA4
:10B0F0000E241BDFCD4E7FEA121D583436DCB45BC4
:10B10000A476B77D52DD5E13A6B900C140E379B6DF
:10B11000D48D67729498B085BBC54FED869A661141
:10B120008AE904FEA078254BA25D80053F2170F1DD
:10B130006377AF4220E5FDBF811826C3BE35882E58
:10B140009355FC7AC8BA32E6C0199EA344543B0B0F
:10B150008CC76B28A7BC16ADDB647414920C48B87E
:10B160009FBD43C43931D3F2D58B6EDA01B19C490E
:10B17000D8ACF3CFCAF447106FF04A5C38577397D6
:10B18000CBA1E83E96610D0FE07C71CC9006F71CD8
:10B19000C26AAE6917993A27D9EB2B22D2A9073395
:10B1A0002D3C15C987AA50A50359091A65D784D023
:10B1B00082295A1E7BA86D2C637C777BF26B6FC54E
:10B1C0003001672BFED7AB76CA82C97DFA5947F0AA
:10B1D000ADD4A2AF9CA472C0B7FD9326363FF7CC86
:10B1E00034A5E5F171D8311504C723C31896059A23
:10B1F000071280E2EB27B27509832C1A1B6E5AA046
:10B20000523BD6B329E32F8453D100ED20FCB15B30
:10B210006ACBBE394A4C58CFD0EFAAFB434D338599
:10B2200045F9027F503C9FA851A3408F929D38F56D
:10B23000BCB6DA2110FFF3D2CD0C13EC5F974417A4
:10B24000C4A77E3D645D197360814FDC222A90881B
:10B2500046EEB814DE5E0BDBE0323A0A4906245CA7
:10B26000C2D3AC629195E479E7C8376D8DD54EA90C
:10B270006C56F4EA657AAE08BA78252E1CA6B4C6D8
:10B28000E8DD741F4BBD8B8A703EB5664803F60E31
:10B29000613557B986C11D9EE1F8981169D98E9420
:10B2A0009B1E87E9CE5528DF8CA1890DBFE6426839
:10B2B00041992D0FB054BB16000000004150505F63
:10B2C000D4AB0108010000004E574B5FE4AB01080E
:10B2D000080000004E574B53F4AB01080900000072
:10B2E0004150505304AC01080A0000004442495F39
:10B2F00014AC01080B0000004D43525424AC01086B
:10B300000C0000004D434B4534AC01080D0000001B
:10B310004D434B3044AC01080E0000004D4153300A
:10B3200044AC01080F0000004D4E533054AC0108EE
:10B33000100000005A45524F1CA70108080A0C0DC6
:10B340000E10121415181A1B1D1E212418AB01080B
:10B350001CAB010820AB010848AD01082CAB01086B
:10B3600050AD010833333373DEDEDEDE3333337347
:10B37000F2F2F2F248E8010048E8010048E8010072
:10B3800048E8010048E8010048E8010090D00300C7
:10B39000000000000C0B0A0908070732040506002C
:10B3A000C94501084B340108593A0108053801081C
:10B3B0004D450108453A010851420108A5400108E0
:10B3C0008D300108B5310108AD3801089938010800
:10B3D00041340108353801080D380108C13701082A
:10B3E000B7370108553301084D330108AF3701085D
:10B3F000A737010815330108614001089D3701088E
:10B400006D340108DD330108A93301087D330108DB
:10B410005D330108E13D0108D53A0108595301089F
:10B420005F5301080B3301080F330108C0120000FD
:10B430001F000000A816000017000000841C000078
:10B440000F000000E42500001E000000B42D0000E5
:10B4500016000000083900000E0000002C4C00000F
:10B460001D000000685B0000150000007472000001
:10B470000D000000589800001C00000034B70000C8
:10B4800014000000E8E400000C0000007831010026
:10B490001B000000686E01001300000034CA0100A8
:10B4A0000B000000286202001A00000040DB0200CE
:10B4B000120000003C9303000A000000C0C2040018
:10B4C0001900000060B305001100000038200700DB
:10B4D0000900000020A10700000000000403020290
:10B4E000010101010000000000000000494E46007B
:10B4F000696E66004E414E006E616E003000303164
:10B5000032333435363738394142434445460030CA
:10B5100031323334353637383961626364656600F9
:10B52000496E66696E697479004E614E00524545F8
:10B530004E54206D616C6C6F632073756363656539
:10B54000646564002F6275696C642F676E752D7475
:10B550006F6F6C732D666F722D73746D33325F3144
:10B56000332E332E72656C312E3230323530353217
:10B57000332D303930302F7372632F6E65776C69DD
:10B58000622F6E65776C69622F6C6962632F7374CA
:10B59000646C69622F64746F612E630042616C6C2D
:10B5A0006F6320737563636565646564002F6275FE
:10B5B000696C642F676E752D746F6F6C732D666F79
:10B5C000722D73746D33325F31332E332E72656C8E
:10B5D000312E32303235303532332D303930302F54
:10B5E0007372632F6E65776C69622F6E65776C6915
:10B5F000622F6C6962632F7374646C69622F6D7063
:10B600007265632E6300232D302B2000686C4C0084
:10B61000656667454647004300504F534958002E22
:10B62000002C2066756E6374696F6E3A200061733A
:10B6300073657274696F6E202225732220666169BA
:10B640006C65643A2066696C6520222573222C2083
:10B650006C696E65202564257325730A000000005F
:10B6600005000000190000007D000000000000003F
:10B670000080E03779C34143176E05B5B5B89346EE
:10B68000F5F93FE9034F384D321D30F94877825ABA
:10B690003CBF737FDD4F1575000000000000F03FD8
:10B6A000000000000000244000000000000059409D
:10B6B0000000000000408F40000000000088C340F0
:10B6C00000000000006AF8400000000080842E4165
:10B6D00000000000D01263410000000084D79741B1
:10B6E0000000000065CDCD41000000205FA00242B7
:10B6F000000000E876483742000000A2941A6D422C
:10B70000000040E59C30A2420000901EC4BCD6421E
:10B7100000003426F56B0C430080E03779C34143C9
:10B7200000A0D8855734764300C84E676DC1AB433F
:10B73000003D9160E458E143408CB5781DAF15445D
:10B7400050EFE2D6E41A4B4492D54D06CFF0804438
:10B75000F64AE1C7022DB544B49DD9794378EA444D
:10B7600000202020202020202020282828282820D1
:10B7700020202020202020202020202020202020C9
:10B780002088101010101010101010101010101031
:10B790001004040404040404040404101010101021
:10B7A00010104141414141410101010101010101EB
:10B7B000010101010101010101010101101010103D
:10B7C00010104242424242420202020202020202BD
:10B7D0000202020202020202020202021010101011
:10B7E0002000000000000000000000000000000039
:10B7F0000000000000000000000000000000000049
:10B800000000000000000000000000000000000038
:10B810000000000000000000000000000000000028
:10B820000000000000000000000000000000000018
:10B830000000000000000000000000000000000008
:10B8400000000000000000000000000000000000F8
:10B8500000000000000000000000000000000000E8
:10B86000000000006042A20D0000803FFB21F93F74
:10B87000FB2109407CD91240FB2119407A6A1F4004
:10B880007CD92240BBFD2540FB2129403A462C4073
:10B890007A6A2F405C4731407CD932409C6B3440FF
:10B8A000BBFD3540DB8F3740FB2139401BB43A40AC
:10B8B0003A463C405AD83D407A6A3F404C7E404030
:10B8C0005C4741406C1042407CD942408CA24340CE
:10B8D0009C6B4440AC344540BBFD4540CBC6464024
:10B8E000DB8F4740EB584840FB21494083F9A200D9
:10B8F000444E6E00FC291500D1572700DD34F500B9
:10B9000062DBC0003C999500419043006351FE000A
:10B91000BBDEAB00B761C5003A6E2400D24D4200D9
:10B920004906E00009EA2E001C92D100EB1DFE0042
:10B9300029B11C00E83EA700F535820044BB2E006B
:10B940009CE98400B4267000417E5F00D6913900E6
:10B95000538339009CF439008B5F840028F9BD00C3
:10B96000F81F3B00DEFF97000F980500112FEF0036
:10B970000A5A8B006D1F6D00CF7E360009CB270061
:10B98000464FB7009E663F002DEA5F00BA2775005C
:10B99000E5EBC7003D7BF100F739070092528A00C2
:10B9A000FB6BEA001FB15F00085D8D00300356009D
:10B9B0007BFC4600F0AB6B0020BCCF0036F49A0055
:10B9C000E3A91D005E619100081BE60085996500F2
:10B9D000A0145F008D40680080D8FF0027734D00E1
:10B9E00006063100CA561500C9A873007BE2600044
:10B9F0006B8CC0000000000000000040FB21F93FFC
:10BA0000000000002D44743E000000809846F83C81
:10BA10000000006051CC783B00000080831BF039AF
:10BA20000000004020257A38000000802282E336A2
:10BA3000000000001DF36935020000000300000053
:08BA40000400000006000000F4
:08BA48003847FE7F01000000F9
:08BA5000650100080000000080
:08BA580041010008000000009C
:10BA6000295C3F418FC26541F62886411F85994177
:10BA700048E1AC416666C0410000D44114AEE741E4
:10BA8000A470FB4114AE074214AE11428FC21B4298
:10BA900085EB2542333330425C8F3A420000454209
:10BAA0005C8F4F42713D5A423D0A65420000704230
:10BAB000B81E7B42142E834285EB884271BD8E42B4
:10BAC00014AE944252B89A4285EBA042713DA7420F
:10BAD00071BDAD426666B4428F42BB42295CC24230
:10BAE00052B8C94200C06B4400807944008084444D
:10BAF00000E08D440000984400E0A24400A0AD4462
:10BB00000000B8440000C2440040CB440020D444AC
:10BB10000080DC4400C0E4440080EC4400A0F44415
:10BB20000040FC4400E0014500D0054500D0094537
:10BB300000100E450050124500D0164500A01B45D0
:10BB400000D020450030264500002C4500B031458E
:10BB50000070374500103D450000424500D0464585
:10BB600000304B4500C0424500093D001000000078
:10BB70000000000038290020102700000500000008
:10BB800000000000000000000000000004000000B1
:10BB9000401F0000492A0008812A0008992A00084D
:10BBA000052B000835AD000821AD000819AC0008D0
:10BBB0004DAB00080000000091AB0008B5AA0008DA
:10BBC00059AC000891AA0008FDA90008B1A9000815
:10BBD000CDA90008B5A90008C1A9000841AC00081A
:10BBE0000100000000000000D42B00200000000035
:10BBF00000000000FF00000000000000D42B002027
:10BC00000000000000000000000000000000000034
:10BC100000000000D42B00200000FF000000000006
:10BC2000E000000011D30008FDCD000809CE000897
:10BC300061D20008000000000000000039CE0008BA
:10BC400015CE000817CE000800000000000000001C
:10BC50000000000000000000000E0F0D0109081197
:10BC600001000000FF000000FFFFFFFFFFFFFFFFDC
:10BC70000000000003000000D04700202002002048
:10BC800000000000D047002038480020A0480020D5
:10BC900000000000000000000000000000000000A4
:10BCA0000000000000000000000000000000000094
:10BCB0000000000000000000000000000000000084
:10BCC0000000000000000000000000004300000031
:10BCD0000000000000000000000000000000000064
:10BCE0000000000000000000000000004300000011
:10BCF0000000000000000000000000000000000044
:10BD000000000000000000000000000043000000F0
:10BD10000000000000000000000000000000000023
:10BD200000000000000000000000000043000000D0
:10BD30000000000000000000000000000000000003
:10BD400000000000000000000000000043000000B0
:10BD500000000000000000000000000000000000E3
:10BD60000000000000000000000000004300000090
:10BD700000000000000000000000000000000000C3
:10BD80000000000000000000000000004300000070
:10BD900000000000000000000000000000000000A3
:10BDA0000000000000000000000000007D87010886
:10BDB000FD8601080000000060B701081FB60108F9
:10BDC0005CB601085CB601085CB601085CB6010807
:10BDD0005CB601085CB601085CB601085CB60108F7
:10BDE0005CB60108FFFFFFFFFFFFFFFFFFFFFFFF44
:10BDF000FFFF0000010041534349490000000000DB
:10BE00000000000000000000000000000000000032
:10BE100000000000000041534349490000000000B9
:10BE20000000000000000000000000000000000012
:08BE300000000000000000000A
:020000040803EF
:10E500000000000000000000010101010101010103
:10E510000000000000000000002B7E151628AED27F
:10E52000A6ABF7158809CF4F3C012B7E151628AEF8
:10E53000D2A6ABF7158809CF4F3C082B7E151628BD
:10E54000AED2A6ABF7158809CF4F3C092B7E151626
:10E5500028AED2A6ABF7158809CF4F3C0A000000C1
:10E56000000000000000000000000000000B0000A0
:10E5700000000000000000000000000000000C008F
:10E580000000000000000000000000000000000D7E
:10E59000000000000000000000000000000000007B
:10E5A0000E0000000000000000000000000000005D
:10E5B000000F00000000000000000000000000004C
:10E5C000000010000000000000000000000000003B
:08E5D000000000000000000043
:040000050800350DAD
:00000001FF
