:020000040800F2
:10000000000001200D350008B3280008B5280008BD
:10001000B7280008B9280008BB2800080000000025
:10002000000000000000000000000000BD280008E3
:10003000BF28000800000000C1280008C3280008ED
:100040005D3500085D350008C52800085D350008ED
:100050005D3500085D3500085D3500085D35000838
:100060005D3500085D3500085D350008D5280008BD
:10007000E5280008F52800085D3500085D35000812
:100080005D3500085D3500085D3500085D35000808
:10009000000000005D350008052900085D350008F6
:1000A0005D3500085D3500085D3500085D350008E8
:1000B0005D350008112900085D3500085D35000830
:1000C0005D3500085D3500085D3500085D350008C8
:1000D0005D3500085D350008212900085D35000800
:1000E0005D3500085D350008312900085D350008E0
:1000F0005D35000800000000000000005D350008CC
:100100005D3500085D350008412900085D350008AF
:100110005D3500085D3500085D3500085D35000877
:100120005D3500085D3500085D3500085D35000867
:080130005D3500085D35000893
:1001400010B5054C237833B9044B13B10448AFF311
:1001500000800123237010BDD803002000000000A0
:100160002C9E010808B5034B1BB103490348AFF3AC
:10017000008008BD00000000DC0300202C9E010868
:1001800001F0FF01102A2BDB10F0070F08D010F848
:10019000013B013A8B422DD010F0070F42B3F6D14C
:1001A000F0B441EA012141EA014122F007047FF065
:1001B00000070023F0E80256083C85EA010586EABC
:1001C000010685FA47F5A3FA87F586FA47F6A5FAF8
:1001D00087F68EB9EED1F0BC01F0FF0102F0070204
:1001E00032B110F8013B013A83EA010313B1F8D1AF
:1001F0000020704701387047002D06BF3546033890
:10020000073815F0010F07D1013015F4807F02BFC8
:10021000013015F4C03F0130F0BC0138704700BF19
:10022000034613F8012B002AFBD1181A0138704736
:1002300081F0004102E000BF83F0004330B54FEA97
:1002400041044FEA430594EA050F08BF90EA020F04
:100250001FBF54EA000C55EA020C7FEA645C7FEA97
:10026000655C00F0E2804FEA5454D4EB5555B8BFBA
:100270006D420CDD2C4480EA020281EA030382EA2B
:10028000000083EA010180EA020281EA0303362DBD
:1002900088BF30BD11F0004F4FEA01314FF4801C90
:1002A0004CEA113102D0404261EB410113F0004FA2
:1002B0004FEA03334CEA133302D0524263EB430359
:1002C00094EA050F00F0A780A4F10104D5F1200EF7
:1002D0000DDB02FA0EFC22FA05F2801841F1000152
:1002E00003FA0EF2801843FA05F359410EE0A5F126
:1002F00020050EF1200E012A03FA0EFC28BF4CF057
:10030000020C43FA05F3C01851EBE37101F000450C
:1003100007D54FF0000EDCF1000C7EEB00006EEB19
:100320000101B1F5801F1BD3B1F5001F0CD34908A3
:100330005FEA30004FEA3C0C04F101044FEA4452FA
:1003400012F5800F80F09A80BCF1004F08BF5FEA81
:10035000500C50F1000041EB045141EA050130BD61
:100360005FEA4C0C404141EB0101013C28BFB1F573
:10037000801FE9D291F0000F04BF01460020B1FABE
:1003800081F308BF2033A3F10B03B3F120020CDA91
:100390000C3208DD02F1140CC2F10C0201FA0CF06F
:1003A00021FA02F10CE002F11402D8BFC2F1200CD4
:1003B00001FA02F120FA0CFCDCBF41EA0C0190408A
:1003C000E41AA2BF01EB0451294330BD6FEA0404D3
:1003D0001F3C1CDA0C340EDC04F11404C4F12002BE
:1003E00020FA04F001FA02F340EA030021FA04F3D0
:1003F00045EA030130BDC4F10C04C4F1200220FA27
:1004000002F001FA04F340EA0300294630BD21FA64
:1004100004F0294630BD94F0000F83F4801306BF2A
:1004200081F480110134013D4EE77FEA645C18BF1E
:100430007FEA655C29D094EA050F08BF90EA020FB5
:1004400005D054EA000C04BF1946104630BD91EAAD
:10045000030F1EBF0021002030BD5FEA545C05D1B0
:100460004000494128BF41F0004130BD14F58004EF
:100470003CBF01F5801130BD01F0004545F0FE4163
:1004800041F470014FF0000030BD7FEA645C1ABF98
:10049000194610467FEA655C1CBF0B46024650EACF
:1004A000013406BF52EA033591EA030F41F40021FB
:1004B00030BD00BF90F0000F04BF0021704730B581
:1004C0004FF4806404F132044FF000054FF0000156
:1004D00050E700BF90F0000F04BF0021704730B517
:1004E0004FF4806404F1320410F0004548BF4042EC
:1004F0004FF000013EE700BF42004FEAE2014FEA41
:1005000031014FEA02701FBF12F07F4393F07F4F1B
:1005100081F06051704732F07F4208BF704793F01E
:100520007F4F04BF41F40021704730B54FF4607431
:1005300001F0004521F000411CE700BF50EA010234
:1005400008BF704730B54FF000050AE050EA0102DD
:1005500008BF704730B511F0004502D5404261EB4D
:1005600041014FF4806404F132045FEA915C3FF48E
:10057000D8AE4FF003025FEADC0C18BF03325FEA2B
:10058000DC0C18BF033202EBDC02C2F1200300FADC
:1005900003FC20FA02F001FA03FE40EA0E0021FA01
:1005A00002F11444BDE600BF70B54FF0FF0C4CF4EF
:1005B000E06C1CEA11541DBF1CEA135594EA0C0FA1
:1005C00095EA0C0F00F0DEF82C4481EA030621EADC
:1005D0004C5123EA4C5350EA013518BF52EA033517
:1005E00041F4801143F4801338D0A0FB02CE4FF0C9
:1005F0000005E1FB02E506F00042E0FB03E54FF0F9
:100600000006E1FB03569CF0000F18BF4EF0010EF0
:10061000A4F1FF04B6F5007F64F5407404D25FEAEC
:100620004E0E6D4146EB060642EAC62141EA55519F
:100630004FEAC52040EA5E504FEACE2EB4F1FD0CE1
:1006400088BFBCF5E06F1ED8BEF1004F08BF5FEA5F
:10065000500E50F1000041EB045170BD06F0004611
:1006600046EA010140EA020081EA0301B4EB5C04BE
:10067000C2BFD4EB0C0541EA045170BD41F48011B6
:100680004FF0000E013C00F3AB8014F1360FDEBFDB
:10069000002001F0004170BDC4F10004203C35DAB7
:1006A0000C341BDC04F11404C4F1200500FA05F33A
:1006B00020FA04F001FA05F240EA020001F00042DB
:1006C00021F0004110EBD37021FA04F642EB060151
:1006D0005EEA430E08BF20EAD37070BDC4F10C047B
:1006E000C4F1200500FA04F320FA05F001FA04F23F
:1006F00040EA020001F0004110EBD37041F100012B
:100700005EEA430E08BF20EAD37070BDC4F1200535
:1007100000FA05F24EEA020E20FA04F301FA05F29D
:1007200043EA020321FA04F001F0004121FA04F245
:1007300020EA020000EBD3705EEA430E08BF20EA15
:10074000D37070BD94F0000F0FD101F0004640004F
:1007500041EB010111F4801F08BF013CF7D041EAD1
:10076000060195F0000F18BF704703F000465200D5
:1007700043EB030313F4801F08BF013DF7D043EAA6
:100780000603704794EA0C0F0CEA135518BF95EA5C
:100790000C0F0CD050EA410618BF52EA4306D1D1E3
:1007A00081EA030101F000414FF0000070BD50EA02
:1007B000410606BF1046194652EA430619D094EA8C
:1007C0000C0F02D150EA013613D195EA0C0F05D176
:1007D00052EA03361CBF104619460AD181EA0301CA
:1007E00001F0004141F0FE4141F470014FF0000082
:1007F00070BD41F0FE4141F4780170BD70B54FF01D
:10080000FF0C4CF4E06C1CEA11541DBF1CEA13559C
:1008100094EA0C0F95EA0C0F00F0A7F8A4EB05047E
:1008200081EA030E52EA03354FEA013100F0888075
:100830004FEA03334FF0805545EA131343EA12633E
:100840004FEA022245EA111545EA10654FEA0026F3
:100850000EF000419D4208BF964244F1FD0404F5AC
:10086000407402D25B084FEA3202B61A65EB030508
:100870005B084FEA32024FF480104FF4002CB6EBC5
:10088000020E75EB030E22BFB61A754640EA0C0045
:100890005B084FEA3202B6EB020E75EB030E22BF85
:1008A000B61A754640EA5C005B084FEA3202B6EBC6
:1008B000020E75EB030E22BFB61A754640EA9C0085
:1008C0005B084FEA3202B6EB020E75EB030E22BF55
:1008D000B61A754640EADC0055EA060E18D04FEA13
:1008E000051545EA16754FEA06164FEAC30343EAB3
:1008F00052734FEAC2025FEA1C1CC0D111F4801F80
:100900000BD141EA00014FF000004FF0004CB6E778
:1009100011F4801F04BF01430020B4F1FD0C88BF17
:10092000BCF5E06F3FF6AFAEB5EB030C04BFB6EB22
:10093000020C5FEA500C50F1000041EB045170BD15
:100940000EF0004E4EEA113114EB5C04C2BFD4EB42
:100950000C0541EA045170BD41F480114FF0000EC6
:10096000013C90E645EA060E8DE60CEA135594EA42
:100970000C0F08BF95EA0C0F3FF43BAF94EA0C0F45
:100980000AD150EA01347FF434AF95EA0C0F7FF4BA
:1009900025AF104619462CE795EA0C0F06D152EA0E
:1009A00003353FF4FDAE1046194622E750EA4106F2
:1009B00018BF52EA43067FF4C5AE50EA41047FF403
:1009C0000DAF52EA43057FF4EBAE12E74FF0FF3C68
:1009D00006E000BF4FF0010C02E000BF4FF0010C39
:1009E0004DF804CD4FEA410C7FEA6C5C4FEA430CB2
:1009F00018BF7FEA6C5C1BD001B050EA410C0CBF01
:100A000052EA430C91EA030F02BF90EA020F002062
:100A1000704710F1000F91EA030F58BF994208BFC9
:100A200090422CBFD8176FEAE37040F00100704786
:100A30004FEA410C7FEA6C5C02D150EA013C07D1DD
:100A40004FEA430C7FEA6C5CD6D152EA033CD3D028
:100A50005DF8040B704700BF8446104662468C4622
:100A60001946634600E000BF01B5FFF7B7FF002855
:100A700048BF10F1000F01BD4DF808EDFFF7F4FF7E
:100A80000CBF012000205DF808FB00BF4DF808ED09
:100A9000FFF7EAFF34BF012000205DF808FB00BF2C
:100AA0004DF808EDFFF7E0FF94BF012000205DF84E
:100AB00008FB00BF4DF808EDFFF7CEFF94BF012003
:100AC00000205DF808FB00BF4DF808EDFFF7C4FFFC
:100AD00034BF012000205DF808FB00BF4FEA410C45
:100AE0007FEA6C5C02D150EA013C0AD14FEA430C28
:100AF0007FEA6C5C02D152EA033C02D14FF0000065
:100B000070474FF0010070474FEA410212F50012A2
:100B100015D211D56FF47873B3EB625212D94FEA44
:100B2000C12343F0004343EA505311F0004F23FA2E
:100B300002F018BF404270474FF00000704750EA83
:100B4000013005D111F0004008BF6FF00040704740
:100B50004FF00000704700BF4A0011D212F500129A
:100B600011D20DD56FF47873B3EB62520ED44FEA05
:100B7000C12343F0004343EA505323FA02F0704785
:100B80004FF00000704750EA013002D14FF0FF30C3
:100B900070474FF0000070474FEA4102B2F1E04366
:100BA00024BFB3F5001CDCF1FE5C0DD901F0004C54
:100BB0004FEAC0024CEA5070B2F1004F40EB8300A4
:100BC00008BF20F00100704711F0804F21D113F1D0
:100BD0003872BCBF01F00040704741F480114FEA09
:100BE0005252C2F11802C2F1200C10FA0CF320FA92
:100BF00002F018BF40F001004FEAC1234FEAD323AF
:100C000003FA0CFC40EA0C0023FA02F34FEA430318
:100C1000CCE77FEA625307D150EA01331EBF4FF0A1
:100C2000FE4040F44000704701F0004040F0FE40BC
:100C300040F40000704700BF80F0004002E000BFB9
:100C400081F0004142001FBF5FEA410392EA030FB7
:100C50007FEA226C7FEA236C6AD04FEA1262D2EB01
:100C60001363C1BFD218414048404140B8BF5B4206
:100C7000192B88BF704710F0004F40F4000020F09F
:100C80007F4018BF404211F0004F41F4000121F0B5
:100C90007F4118BF494292EA030F3FD0A2F10102FF
:100CA00041FA03FC10EB0C00C3F1200301FA03F13D
:100CB00000F0004302D5494260EB4000B0F5000F60
:100CC00013D3B0F1807F06D340084FEA310102F11F
:100CD0000102FE2A51D2B1F1004F40EBC25008BFD1
:100CE00020F0010040EA03007047490040EB00009B
:100CF000013A28BFB0F5000FEDD2B0FA80FCACF19C
:100D0000080CB2EB0C0200FA0CF0AABF00EBC250C8
:100D100052421843BCBFD0401843704792F0000FB6
:100D200081F4000106BF80F400000132013BB5E709
:100D30004FEA41037FEA226C18BF7FEA236C21D07F
:100D400092EA030F04D092F0000F08BF08467047E4
:100D500090EA010F1CBF0020704712F07F4F04D1B2
:100D6000400028BF40F00040704712F100723CBFC5
:100D700000F50000704700F0004343F0FE4040F4EF
:100D8000000070477FEA226216BF08467FEA2363AD
:100D90000146420206BF5FEA412390EA010F40F498
:100DA000800070474FF0000304E000BF10F00043E4
:100DB00048BF40425FEA000C08BF704743F09643CB
:100DC00001464FF000001CE050EA010208BF7047E6
:100DD0004FF000030AE000BF50EA010208BF70476D
:100DE00011F0004302D5404261EB41015FEA010C82
:100DF00002BF84460146002043F0B64308BFA3F17A
:100E00008053A3F50003BCFA8CF2083AA3EBC2535B
:100E100010DB01FA02FC634400FA02FCC2F120027A
:100E2000BCF1004F20FA02F243EB020008BF20F0B1
:100E30000100704702F1200201FA02FCC2F1200217
:100E400050EA4C0021FA02F243EB020008BF20EA0C
:100E5000DC7070474FF0FF0C1CEAD0521EBF1CEA3A
:100E6000D15392EA0C0F93EA0C0F6FD01A4480EA28
:100E7000010C400218BF5FEA41211ED04FF0006311
:100E800043EA501043EA5111A0FB01310CF000403D
:100E9000B1F5000F3EBF490041EAD3715B0040EA63
:100EA000010062F17F02FD2A1DD8B3F1004F40EB33
:100EB000C25008BF20F00100704790F0000F0CF006
:100EC000004C08BF49024CEA502040EA51207F3ACA
:100ED000C2BFD2F1FF0340EAC250704740F40000A5
:100EE0004FF00003013A5DDC12F1190FDCBF00F096
:100EF00000407047C2F10002410021FA02F1C2F144
:100F0000200200FA02FC5FEA310040F1000053EADF
:100F10004C0308BF20EADC70704792F0000F00F02D
:100F2000004C02BF400010F4000F013AF9D040EA33
:100F30000C0093F0000F01F0004C02BF490011F4C7
:100F4000000F013BF9D041EA0C018FE70CEAD153C5
:100F500092EA0C0F18BF93EA0C0F0AD030F0004C45
:100F600018BF31F0004CD8D180EA010000F00040F9
:100F7000704790F0000F17BF90F0004F084691F0B7
:100F8000000F91F0004F14D092EA0C0F01D14202F1
:100F90000FD193EA0C0F03D14B0218BF084608D1BA
:100FA00080EA010000F0004040F0FE4040F4000004
:100FB000704740F0FE4040F4400070474FF0FF0C97
:100FC0001CEAD0521EBF1CEAD15392EA0C0F93EADE
:100FD0000C0F69D0A2EB030280EA010C49024FEA30
:100FE000402037D04FF0805343EA111143EA1013E9
:100FF0000CF000408B4238BF5B0042F17D024FF4A1
:10100000000C8B4224BF5B1A40EA0C00B3EB510F7B
:1010100024BFA3EB510340EA5C00B3EB910F24BF64
:10102000A3EB910340EA9C00B3EBD10F24BFA3EBE9
:10103000D10340EADC001B0118BF5FEA1C1CE0D1B1
:10104000FD2A3FF650AF8B4240EBC25008BF20F064
:10105000010070470CF0004C4CEA50207F32C2BFB8
:10106000D2F1FF0340EAC250704740F400004FF055
:101070000003013A37E792F0000F00F0004C02BF86
:10108000400010F4000F013AF9D040EA0C0093F050
:10109000000F01F0004C02BF490011F4000F013BAA
:1010A000F9D041EA0C0195E70CEAD15392EA0C0F12
:1010B00008D142027FF47DAF93EA0C0F7FF470AF4A
:1010C000084676E793EA0C0F04D14B023FF44CAF8D
:1010D00008466EE730F0004C18BF31F0004CCAD122
:1010E00030F000427FF45CAF31F000437FF43CAF5E
:1010F0005FE700BF4FF0FF3C06E000BF4FF0010C80
:1011000002E000BF4FF0010C4DF804CD4FEA400261
:101110004FEA41037FEA226C18BF7FEA236C11D0AB
:1011200001B052EA530C18BF90EA010F58BFB2EB5E
:10113000030088BFC81738BF6FEAE17018BF40F0DE
:10114000010070477FEA226C02D15FEA402C05D192
:101150007FEA236CE4D15FEA412CE1D05DF8040B17
:10116000704700BF844608466146FFE70FB5FFF7AA
:10117000C9FF002848BF10F1000F0FBD4DF808ED62
:10118000FFF7F4FF0CBF012000205DF808FB00BF53
:101190004DF808EDFFF7EAFF34BF012000205DF8AD
:1011A00008FB00BF4DF808EDFFF7E0FF94BF0120FA
:1011B00000205DF808FB00BF4DF808EDFFF7D2FFF7
:1011C00094BF012000205DF808FB00BF4DF808ED3A
:1011D000FFF7C8FF34BF012000205DF808FB00BF07
:1011E0004FEA40024FEA41037FEA226C02D15FEAF4
:1011F000402C08D17FEA236C02D15FEA412C02D156
:101200004FF0000070474FF0010070474FEA400276
:10121000B2F1FE4F0FD34FF09E03B3EB12620DD924
:101220004FEA002343F0004310F0004F23FA02F08E
:1012300018BF404270474FF00000704712F1610F35
:1012400001D1420205D110F0004008BF6FF000400C
:1012500070474FF00000704742000ED2B2F1FE4FCF
:101260000BD34FF09E03B3EB126209D44FEA002375
:1012700043F0004323FA02F070474FF0000070473C
:1012800012F1610F01D1420202D14FF0FF307047DD
:101290004FF00000704700BF53B94AB9002908BF9A
:1012A00000281CBF4FF0FF314FF0FF3000F088B92D
:1012B000ADF1080C6DE904CE00F006F8DDF804E0AD
:1012C000DDE9022304B070472DE9F047089D8E4602
:1012D00004468846002B4AD18A42174662D9B2FAA0
:1012E00082F64EB1C6F1200301FA06F820FA03F3A4
:1012F000B74043EA0808B4404FEA174E1FFA87FC8C
:10130000B8FBFEF1230C0EFB118843EA084301FBF6
:101310000CF29A4209D9FB1801F1FF3080F0EA8003
:101320009A4240F2E78002393B449A1AA3B2B2FBD8
:10133000FEF00EFB102243EA024300FB0CFC9C452E
:1013400009D9FB1800F1FF3280F0D6809C4540F2AD
:10135000D3803B44023840EA0140A3EB0C03002158
:101360001DB1F3400022C5E90032BDE8F0878B4291
:1013700005D90DB1C5E9000100210846F5E7B3FA2A
:1013800083F1002946D1734502D3824200F20581E0
:10139000841A6EEB030201209046002DE5D0C5E9CA
:1013A0000048E2E7002A00F09080B2FA82F6002EB0
:1013B00040F0A4808A1A030C4FEA174E80B2BCB2E8
:1013C0000121B2FBFEFC0EFB1C2243EA024304FB9C
:1013D0000CF29A4207D9FB180CF1FF3802D29A425C
:1013E00000F2E080C4469B1AB3FBFEF20EFB123300
:1013F00040EA034302FB04F49C4207D9FB1802F1C4
:10140000FF3002D29C4200F2CA8002461B1B42EA15
:101410000C40A5E7C1F120068B4022FA06F71F43D6
:101420000EFA01F420FA06F32EFA06FE4FEA1749E7
:10143000234300FA01F81FFA87FCBEFBF9F01C0CED
:1014400009FB10EE44EA0E4400FB0CFEA64502FA2E
:1014500001F209D93C1900F1FF3A80F09C80A645C1
:1014600040F2998002383C44A4EB0E041FFA83FE3C
:10147000B4FBF9F309FB13444EEA044403FB0CFCF0
:10148000A44508D93C1903F1FF3E80F08280A445B1
:101490007FD9023B3C4443EA0040A4EB0C04A0FB90
:1014A00002EC64457346E14662D35FD05DB1B8EBB0
:1014B000030264EB090404FA06F622FA01F31E4360
:1014C000CC40C5E9006400214FE7B1FBF2FC010C00
:1014D00041EA0E4180B240EA01423B4638463C4672
:1014E000B846BE462026B1FBF7F1A2EB080241EA5E
:1014F0000C4166E7014618E710462CE7C6F12002CA
:101500002EFA02F3B740B14020FA02F24FEA174E2A
:101510000A43B3FBFEF8BCB20EFB1833110C41EAD0
:10152000034108FB04F9B04089454FEA104380B2FB
:101530003ED9791808F1FF3C01D289451FD8A1EBAB
:101540000901B1FBFEF909FB04F80EFB191192B277
:1015500042EA0142424529D2BA1809F1FF31C4D208
:101560004245C2D2A9F102013A44BEE7F0459DD2FC
:10157000BEEB02036CEB070C0138E14696E7A7EBE4
:1015800009094944A8F1020CB1FBFEF909FB04F872
:10159000DBE773467FE7504666E70846FDE63B44D7
:1015A000023A33E7ACF1020C3B441CE749469CE7A6
:1015B000A1EB0901C446B1FBFEF909FB04F8C4E73D
:1015C000704700BF08B50A2001F0CEFA08BD08B583
:1015D0000A2001F0C9FA08BD10B5012014F054F931
:1015E000204C2070022014F04FF96070042014F099
:1015F0004BF9A070082014F047F9E070642001F066
:10160000B3FA0BF019FAA0B90446174B00221146A1
:10161000022014F063FC134B1B789BB1114B5B78D9
:10162000A3B1104B9B78ABB10E4BDB78B3B1204626
:1016300010BD0E4B00221146022014F04FFC6FF03B
:101640000104F4E7012014F011F9E7E7022014F097
:101650000DF9E6E7042014F009F9E5E7082014F095
:1016600005F9E4E740190020F49E0108D49E010822
:1016700010B5012014F008F9214C2070022014F05C
:1016800003F96070042014F0FFF8A070082014F033
:10169000FBF8E070012108460AF0F4FD194B002226
:1016A0001146022014F01AFC0A2001F05DFA23789A
:1016B000012B15D0124B5B78012B15D0104B9B786A
:1016C000012B15D00E4BDB78012B15D00E4B0022D1
:1016D0001146022014F002FC642001F045FA10BD0E
:1016E000012014F0DFF8E5E7022014F0DBF8E5E76D
:1016F000042014F0D7F8E5E7082014F0D3F8E5E764
:10170000401900201C9F0108509F010838B5164C55
:1017100020460AF0D1FF0546201D0BF0C9F955FA05
:1017200080F0C5B204F108000BF096F955FA80F587
:10173000EDB242F21073236304F134000BF0E6F9CA
:1017400055FA80F5EDB204F1100108200BF0B4FA5F
:1017500055FA80F5EDB204F1200109200BF0ACFA46
:1017600055FA80F040B238BDF803002070B5194C2E
:1017700060680BF0B2F90546264616F9080B0BF027
:10178000E7F955FA80F0C5B230460BF079F955FA11
:1017900080F5EDB294F834000BF0C4F955FA80F5F9
:1017A000EDB204F1100108200BF09DFA55FA80F516
:1017B000EDB204F1200109200BF095FA55FA80F5FD
:1017C0006DB2012108460AF05DFD206B09F0E2FBD5
:1017D000284670BDF803002010B584B0FFF7FCFE6A
:1017E0000446FFF7C3FF54FA80F0C4B20DF10F00B6
:1017F0000BF0CAF954FA80F4E4B204208DF80F001B
:101800000BF044FA54FA80F464B29DF90F3000935F
:10181000054B00221146022014F060FBFFF728FF61
:10182000204604B010BD00BF789F01082DE9F04F9D
:10183000A3B0814B00221146022014F04FFB18A9DF
:1018400008200BF039FA04461CA909200BF034FAE1
:1018500054FA80F0C3B211939DF8602012929DF863
:10186000611013919DF862309DF863209DF864101B
:101870009DF865009DF866409DF867509DF868608A
:101880009DF869709DF86AC09DF86BE09DF86C80CA
:101890009DF86D909DF86EA09DF86FB0CDF83CB0AE
:1018A000CDF838A0CDF83490CDF83080CDF82CE0CC
:1018B000CDF828C0099708960795069405900491DD
:1018C0000392029313990191129A00925B4B0022AA
:1018D0001146022014F002FB9DF8702012929DF830
:1018E000711013919DF872309DF873209DF874105B
:1018F0009DF875009DF876409DF877509DF87860CA
:101900009DF879709DF87AC09DF87BE09DF87C8009
:101910009DF87D909DF87EA09DF87FB0CDF83CB0FD
:10192000CDF838A0CDF83490CDF83080CDF82CE04B
:10193000CDF828C00997089607950694059004915C
:101940000392029313990191129A00923C4B002248
:101950001146022014F0C2FA14A80AF0ADFE119B41
:1019600053FA80F4E4B215A80BF0A2F854FA80F50B
:10197000EDB216A80BF070F855FA80F464B29DF839
:1019800057309DF856209DF855109DF8540003904F
:101990000291019200932B4B00221146022014F079
:1019A0009DFA9DF858309DF859209DF85A109DF8E1
:1019B0005B009DF85C509DF85D609DF85E709DF841
:1019C0005FC0CDF81CC00697059604950390029160
:1019D000019200931C4B00221146022014F07EFA63
:1019E0009DF884300BBB194B00221146022014F0E5
:1019F00075FA09F0D3FA0090154B00221146022027
:101A000014F06CFA9DF950300093124B00221146ED
:101A1000022014F063FA104B00221146022014F049
:101A20005DFA204623B0BDE8F08F0C4B0022114632
:101A3000022014F053FADCE78C9F0108C49F0108D0
:101A400028A001088CA00108B8A00108F8A001088E
:101A50001CA1010834A1010840A101080CA1010842
:101A600030B585B0574B00221146022014F036FAEB
:101A7000002513E054494FF4237303FB0511534B26
:101A8000C1F88032524BC1F88432212008F03AF973
:101A90000134E4B2202CEDD90135EDB2072D01D887
:101AA0000024F7E74B4B00221146022014F016FAEF
:101AB000494BE8221A70494A6B4692E8030083E8D2
:101AC0000300082246490DEB020000F029FCD8B9BA
:101AD000082269460DEB020015F039F848BB3E4B71
:101AE0001A784049404800F01BFC88B9FFF774FEA3
:101AF000C0B93E4B00221146022014F0EFF9FFF767
:101B000095FE002005B030BDFFF75CFD0120F9E730
:101B1000FFF758FD364B00221146022014F0DEF983
:101B20000120EFE7334B00221146022014F0D6F9D2
:101B3000DFE7314B00221146022014F0CFF90023D9
:101B40001AE0294903EB830201EB8202012082F8AB
:101B50003900002082F83A0082F838002748D06324
:101B60004FF0814010640020506403EB830201EBCE
:101B7000820188640133DBB2072BE2D900230DE038
:101B800003EB4301184A0A44012182F8D81082F875
:101B9000D910002182F8DA100133DBB2032BEFD920
:101BA000FFF7B4FD30B9164B00221146022014F0A5
:101BB00095F9A4E7134B00221146022014F08EF988
:101BC00001209FE780A10108E0040020840000209C
:101BD00000000020BCA10108F503002010A30108AB
:101BE00000FF030808FF0308F803002054A20108BF
:101BF000F8A1010824A2010878A201080000F0421F
:101C0000E8A20108B4A2010800B583B06B4683E8DE
:101C1000030093E8030013F059FC03B05DF804FBE4
:101C200000B583B0684613F073FC009803B05DF80C
:101C300004FB000010B5AAB0AF238DF8A73014281C
:101C400000F2EE80DFE810F0150020002B003300DA
:101C50006A007D008700EC00EC00EC00EC00EC007A
:101C6000EC00EC00EC00EC00AA00B200C200CA00DC
:101C7000DA00AB238DF83C30322000F075FF0121F3
:101C80000FA801F0F3FB47E04FF080730F930A2099
:101C900000F06AFF04210FA801F0E8FB3CE00A20F5
:101CA00000F062FF3821664801F0E0FB34E00A20D2
:101CB00000F05AFF01210DF1A70001F0D7FB3821F8
:101CC0005F4801F017FC142000F04EFF5D4A0FAB97
:101CD00092E8030083E80300082219465A4800F0FE
:101CE00003FB002840F0A380E8225549574800F044
:101CF000FBFA002840F09E800A2000F035FF012109
:101D00000DF1A70001F0B2FB0A2000F02DFFFFF754
:101D10002DFD002840F091802AB010BD03A907A82E
:101D200001F05CFDBDF80C20BDF81C3043EA024315
:101D30000F930A2000F018FF04210FA801F096FB72
:101D4000EAE700230F93FFF76BFF0F9004210FA822
:101D500001F08CFBE0E70A2000F006FF01210DF105
:101D6000A70001F083FB00240794042107A801F0D9
:101D7000C1FB079B0F93ADF840400FAB93E8030006
:101D8000FFF742FF0A2000F0EFFE01210DF1A7004E
:101D900001F06CFB0A2000F0E7FEBDE70A2000F02E
:101DA000E3FEA0212A4801F061FBB5E70A2000F01C
:101DB000DBFE01210DF1A70001F058FBA021244812
:101DC00001F098FB142000F0CFFE7FE70A2000F01E
:101DD000CBFE0C211F4801F049FB9DE70A2000F0D3
:101DE000C3FE01210DF1A70001F040FB0C211948B1
:101DF00001F080FB142000F0B7FE67E70A2000F036
:101E0000B3FE1FAB019317AB009303AB27AA07A93F
:101E10000FA801F0B5FF68210FA801F027FB7BE7B1
:101E20000D4B00221146022014F058F874E7FFF71A
:101E3000C9FB59E7FFF7C6FB5EE7FFF7C8FB6BE797
:101E4000F803002010A3010800FF030808FF03089F
:101E500030040020D00400201CA3010810B5047831
:101E60000A2000F081FE2046FFF7E4FE10BD0000CE
:101E700038B50C4640F60973984225D840F64263BF
:101E8000984218D9C0F570600A30FEF78FFF0F49ED
:101E9000FFF794F80146FEF7D5FE4FF07E51FEF7AE
:101EA000D1FE05462046FEF77DFF2946FEF7D2FF0C
:101EB000FFF7D2F938BD0846FEF774FF0449FEF774
:101EC000C9FFFFF7C9F9F5E70846F3E70000484303
:101ED0000000404008B51648164B03604FF08043A1
:101EE000436000238360C360036104224261037680
:101EF000012242768376C26180F820304362836299
:101F000080F82C304FF480510163072141638163D5
:101F100080F83C201C2202644FF480724264836487
:101F2000C36402F001F800B908BD00F083FBFBE7D1
:101F3000441900200024014000B589B00023039318
:101F400004930593069307930268124B9A4202D0BA
:101F500009B05DF804FB4FF0B0431A6E42F4007212
:101F60001A661A6E02F400720292029ADA6C42F059
:101F70000202DA64DB6C03F002030193019B42F27C
:101F8000020303930323049303A9034803F004F912
:101F9000DEE700BF002401400004004808B50268E5
:101FA000074B9A4200D008BD4FF0B042136E23F4A5
:101FB0000073136642F20201024803F0BFF9F2E730
:101FC000002401400004004800B583B04FF0B04346
:101FD0009A6C42F004029A649A6C02F00402019234
:101FE000019A9A6C42F001029A649B6C03F001031F
:101FF0000093009B002211460B2002F0F1FC0B2005
:1020000002F0FEFC002211460C2002F0E9FC0C203C
:1020100002F0F6FC002211460D2002F0E1FC0D203A
:1020200002F0EEFC03B05DF804FB30B108B539B145
:1020300092B213F0F9F9002008BD6FF00500704767
:102040006FF00500F8E7000008B502F07BFF78B9F3
:10205000094B9A6942F040429A614CF2FA321A6195
:1020600002F088FF08B9002008BD6FF00400FBE70C
:102070006FF00400F8E700BF0040005870B584B06E
:1020800000230393002839D00E460446FFF7DCFFF7
:10209000054610B1284604B070BD02F053FF80BB66
:1020A0000223009304F178431748D0F8E015174A4B
:1020B00002EA8121B3FBF1FC01FB1C33DB0A019333
:1020C000A11901F178410139D0F8E00502EA802236
:1020D000B1FBF2F002FB1011C3EBD12301330293E9
:1020E00003A9684603F018F818B1022804D06FF06D
:1020F000010502F03FFFCDE70125FAE76FF0050586
:10210000C8E76FF00405C5E70070FF1F00FCFF0380
:102110002DE9F04F8BB004461046049201940291D1
:1021200000220023CDE90823002C00F0BC80002908
:1021300000F0BD8010F0070F40F0BD8014F00703E1
:10214000059340F0BC80FFF77FFF039018B1039820
:102150000BB0BDE8F08F02F0F5FE002840F0B38030
:1021600004F178415A4BD3F8E0355A4A02EA832207
:10217000B1FBF2F302FB1311CB0A0693049BE318A5
:1021800003F17843013BB3FBF2F002FB1032D20AB9
:10219000A2EBD1220132012A0AD9C4F30A04C4F500
:1021A0000063DDF818B0CDF800B09B46079218E048
:1021B000049BF6E76FF003030393039B002B6BD1A3
:1021C000019B5B440193029B5B440293049BA3EB42
:1021D0000B0BBBF5006F28BF4FF4006B009B013366
:1021E0000093069B079A1344009A934254D9009B8C
:1021F00003F58034E402384B1868002849D04FF4C6
:1022000000622146FFF711FF334B1B68019AC2F3AE
:102210000A001FFA8BF20299184413F005F94FF4E3
:1022200000612046FFF72AFF002838D12A4BD3F857
:1022300000A002F087FE10B16FF004030393059D28
:10224000B5F5006FB9D205EB0A0355F80A6000270F
:10225000CDE908675968DDE90823904641EA03099A
:10226000CDE90889DDE908232146012002F0D0FEEE
:1022700000289FD120686168DDE90823994208BFE2
:10228000904202D108340835DAE76FF00303039374
:1022900093E76FF00503039302F06CFE57E76FF0CE
:1022A00001030393F8E76FF0050303934FE76FF023
:1022B000050303934BE76FF00503039347E76FF0C4
:1022C0000503039343E76FF0040303933FE700BF65
:1022D0000070FF1F00FCFF03A8190020014B1860CD
:1022E00000207047A8190020B0F1006F0ED310B580
:1022F000094BD3F8E045094B03EA842303F100635B
:10230000013B984205D8FFF703FF10BD4FF0FF30A7
:1023100070474FF0FF30F8E70070FF1F00FCFF032D
:10232000B1F1006F0ED310B5094BD3F8E045094B5E
:1023300003EA842303F10063013B994205D8FFF7C8
:1023400074FE10BD4FF0FF3070474FF0FF30F8E7DC
:102350000070FF1F00FCFF032DE9F0418AB000244C
:10236000059406940794089409944FF0B043DA6CEE
:1023700042F00102DA64DA6C02F001020492049A7B
:10238000DA6C42F00202DA64DA6C02F002020392C2
:10239000039ADA6C42F00402DA64DA6C02F00402A6
:1023A0000292029ADA6C42F08002DA64DB6C03F08B
:1023B00080030193019B414E224645F604013046BD
:1023C00003F041F822464FF4F0614FF0904003F0E3
:1023D0003AF8DFF8EC8022460721404603F033F854
:1023E00048F21303059303250695079405A94FF0BA
:1023F000904002F0D1FE48F2F84305930695079409
:1024000005A9304602F0C8FE44F6040305930127EF
:1024100006970794089405A9304602F0BDFE42F2E3
:10242000780305930695079405A9404602F0B4FE8B
:102430004FF4F063059306970794089405A94FF0AD
:10244000904002F0A9FE072305930697079408948D
:1024500005A9404602F0A0FE4FF48053059306976D
:1024600002270797089405A9304602F095FE4023FD
:1024700005934FF444130693079405A94FF0904039
:1024800002F08AFE202305930694079705A94FF0D2
:10249000904002F081FE082305930695079405A954
:1024A000084802F079FE22463946162002F098FAD2
:1024B000162002F0A5FA0AB0BDE8F0810004004839
:1024C00000080048001C004808B51248124B036081
:1024D000124B4360002383600122C26003614361A9
:1024E0008361C361036203F090F950B90021094888
:1024F00003F0B4FB40B90021064803F0DDFB30B91E
:1025000008BD00F097F8F1E700F094F8F3E700F069
:1025100091F8F5E7AC19002000580040885D801064
:1025200010B596B0044600211191129113911491A7
:102530001591382203A814F01AFB22681A4B9A420C
:1025400001D016B010BD802303934FF440230993AC
:1025500003A804F0EBF918BB4FF0B044E36C43F070
:102560000103E364E36C03F001030293029B4FF465
:10257000C053119312231293002313931493042333
:10258000159311A94FF0904002F006FEA36D43F49D
:102590008003A365A36D03F480030193019BD0E73F
:1025A00000F048F8D8E700BF0058004008B50268BE
:1025B0000B4B9A4200D008BD4FF0B042936D23F40C
:1025C000800393654FF480514FF0904002F0B6FEC7
:1025D0004FF400614FF0904002F0B0FEEBE700BF17
:1025E0000058004008B5114B00221146022013F09C
:1025F00075FC00214FF4007001F0AEF907F019FAF4
:1026000007F0CCFC0021022001F0A6F900210120F6
:1026100001F0A2F9064803F05CF900F0BBFC00F001
:10262000C5FC0021102001F097F908BD38A301086E
:10263000AC19002072B6FEE710B59AB0482200210E
:1026400008A814F094FA00240294039404940594C6
:102650000694079403F05CFB4FF0B042D2F8903040
:1026600023F01803C2F8903002F58062136823F457
:10267000C06343F400731360136803F4C0630193F1
:10268000019B2423089381230B930123109311941E
:10269000B0231293139408A803F0D4FC70B94F230D
:1026A0000293002303930493059306930793022157
:1026B00002A803F0F9FF18B91AB010BDFFF7BAFF6E
:1026C000FFF7B8FF00B5A9B001F0E0FBFFF7B4FFDA
:1026D000FFF742FEFFF778FC08F04CF9FFF7F4FE35
:1026E00000F0D2FA00F02CFB01F0FCF8FFF7B8F98B
:1026F0000024ADF89E40ADF89C40012227A90DF1C1
:102700009E0001F0EBF9FFF76DFF08211FA801F013
:1027100015FB082117A801F011FB0FAD0821284671
:1027200001F00CFB07AE0821304601F007FB104B0F
:1027300022462146022013F0D1FB0196009503ABFF
:1027400005AA17A91FA801F01BFB03A905A801F002
:102750003BFA0823009333462A4617A91FA801F025
:1027600057FAFFF73FFF01F0E7F808F009F9FCE737
:102770006CA3010800B58DB02C22002101A814F033
:10278000F6F91948194B03601F2383600023036186
:10279000436183614FF08042C26103624FF48073F2
:1027A000436204F0A9FAA8B90F4804F0F3FBA0B9FA
:1027B00000220892029206924FF0005307934FF4C2
:1027C00080730B9301A9084804F008FB40B90DB0D1
:1027D0005DF804FBFFF72EFFE6E7FFF72BFFE7E7C7
:1027E000FFF728FFF3E700BF001A00200028004091
:1027F00010B590B004463822002102A814F0B7F9B1
:1028000022681A4B9A4201D010B010BD4FF48033A9
:1028100002934FF480730F9302A804F087F808BB6B
:102820004FF0B043D3F8902042F40042C3F8902018
:102830009A6D42F480629A659B6D03F48063019304
:10284000019B00221146022002F0CAF8022002F089
:10285000D7F8002202212A2002F0C2F82A2002F032
:10286000CFF8D1E7FFF7E6FEDAE700BF0028004027
:102870007047704708B501F01FFB0120024BC3F8F9
:10288000880003F0A9FA08BD0004005808B501F05B
:102890001AFB08BD08B501F016FB00F0F3FD08BDFA
:1028A00008B501F009FB0121002003F039FA08BD49
:1028B0007047FEE7FEE7FEE7FEE7FEE7704770477A
:1028C0007047704708B5024804F090FB08BD00BF90
:1028D000001A002008B5024802F096FA08BD00BFB1
:1028E000C41B002008B5024802F08EFA08BD00BFE4
:1028F000AC1A002008B5024802F086FA08BD00BFF5
:102900004C1A002008B5402002F0A2FD08BD0000CE
:1029100008B5024805F057F808BD00BF0C1B0020A1
:1029200008B5024805F0B0FD08BD00BF241C00201A
:1029300008B5024804F05AF908BD00BF001A00208B
:1029400008B5024804F006FE08BD00BF381A002092
:1029500008B505480823036004F07EFB00B908BDF4
:10296000FFF768FEFBE700BF381A002000B583B010
:102970004FF0B0435A6E42F001025A665B6E03F0AC
:1029800001030193019B00221146322002F028F836
:10299000322002F035F803B05DF804FB0CB400B54A
:1029A00083B004AB53F8042B019312F087FE03B0FD
:1029B0005DF804EB02B0704730B585B004460D46B3
:1029C00002A812F0A5FDBDF90C300093029B054A48
:1029D00010212046FFF7E2FF2046FDF721FC28806A
:1029E00005B030BD98A3010810B54FF0B042936810
:1029F00023F40043936013F027F801240D4B1C705F
:102A000000F0BBF813F0EEF90B4813F00DFA0B4B86
:102A10004FF400421A61032013F00CFA00F05EFE3E
:102A200000F0D0F812F0A6FC2146204612F0C2FCBD
:102A300010BD00BF441A0020B9290008004000580A
:102A400008B512F0CDFC08BD08B500F04FFE40F609
:102A5000B83398420DD8B0F5E16F0CD3A0F5E16022
:102A6000C0EBC0104000054BA3FB0030C0F3C71003
:102A700000E0FE2008BD0020FCE700BFB5814E1B32
:102A800000B587B0684600F081F80198FEF7BEFBFC
:102A900000B207B05DF804FB38B50446184BD3F814
:102AA0008035B3F1FF3F13D0C3711A0A82711A0C3B
:102AB00042711B0E0371124BD3F88425C270D3F8F8
:102AC00084351A0A82701A0C42701B0E037038BDCE
:102AD00001F000FA054601F009FA054401F000FA98
:102AE0002B0EE3712B0CA3712B0A63712571030E5E
:102AF000E370030CA370030A63702070E7E700BF64
:102B00000070FF1F38B50A4BD3F880350360B3F16E
:102B1000FF3F00D038BD044601F0DCF9054601F066
:102B2000DFF9454001F0E2F945402560F2E700BFDA
:102B30000070FF1F08B50121022012F025FC08BD1E
:102B400008B50021022012F01FFC08BD00207047CC
:102B500008B5044B1B780BB9002008BD00F05CFAE7
:102B6000FBE700BF441A002000B583B00190019834
:102B700000F038FB03B05DF804FB08B501F0BCF9C8
:102B800001F0C2F901F0C8F908BD000010B5044613
:102B900000F0CEFD40F30F20FEF708F9054BA360CF
:102BA0006060054B2360054BE360054B236100200B
:102BB00010BD00BF0000484200007A440D093E00ED
:102BC000AB030500002070470120704708B514F0E2
:102BD00021F8162303604FF0FF3008BD08B54FF011
:102BE000FF31FFF7F3FFFEE770B50C4616460025F0
:102BF00006E0AFF30080214601F8010B01350C46D9
:102C0000B542F6DB304670BD70B50C461646002561
:102C100004E014F8010BAFF300800135B542F8DB96
:102C2000304670BD4FF0FF3070474FF400534B609B
:102C300000207047012070470020704710B5034600
:102C40000C4A0D490D48006840B10C480068034427
:102C5000521A934206D8094A136010BD0748084C1F
:102C60000460F2E713F0D6FF0C2303604FF0FF304F
:102C7000F3E700BF0000012000040000481A002014
:102C8000204900207047000030B585B00023009334
:102C90000193029303932448244A026043608360B3
:102CA0004FF6FF72C26003614361836104F0B4FFB9
:102CB00000282FD11C4804F0DFFF00282DD10A2363
:102CC0000093012301930022029203926946164861
:102CD00005F034F820BB03F01DF90446144B1860CE
:102CE000114B5868134B188080B20130FEF75EF824
:102CF00005462046FEF756F801462846FEF75EF9DF
:102D00000D49FEF7A7F80C49FEF7A4F80B4B186025
:102D100005B030BDFFF78EFCCCE7FFF78BFCCEE7AC
:102D2000FFF788FCD7E700BF581B00200044014094
:102D3000B81B0020B41B002000007A44B01B002008
:102D400030B585B000230093019302930393244888
:102D5000244A02608F22426083604FF6FF72C26095
:102D600003614361836104F057FF00282ED11C48A2
:102D700004F082FF00282CD100220092012301934D
:102D8000029203926946164804F0D8FF20BB03F074
:102D9000C1F80446144B1860114B5868134B188047
:102DA00080B20130FEF702F805462046FDF7FAFF33
:102DB00001462846FEF702F90D49FEF74BF80C498B
:102DC000FEF748F80B4B186005B030BDFFF732FC3A
:102DD000CDE7FFF72FFCCFE7FFF72CFCD7E700BFCD
:102DE0000C1B002000480140AC1B0020A81B002049
:102DF00000007A44A41B002030B58BB004460023A9
:102E0000059306930793089309930368414A9342F5
:102E100004D0414A93423AD00BB030BD4FF0B0439A
:102E20001A6E42F400321A661A6E02F400320292EE
:102E3000029ADA6C42F00202DA64DB6C03F00203FD
:102E40000193019B4FF480750595022306930E2391
:102E5000099305A9314802F09FF93148314B0360CD
:102E60002323436000238360C360802202614561A5
:102E70004FF480628261C361036201F039FE18B9C8
:102E8000274B63629C62C7E7FFF7D4FBF8E74FF07C
:102E9000B0431A6E42F480221A661A6E02F480223F
:102EA0000492049ADA6C42F00202DA64DB6C03F0FA
:102EB00002030393039B4FF40073059302230693CD
:102EC0000E23099305A9154802F066F91648174B19
:102ED00003602523436000238360C3608022026176
:102EE0004FF4807242614FF480628261C361036279
:102EF00001F0FEFD58B90C4B63629C620022012177
:102F00001D2001F06DFD1D2001F07AFD84E7FFF723
:102F100091FBF0E7004401400048014000040048F4
:102F2000AC1A00201C0002404C1A00203000024065
:102F300010B504460368144A934203D0134A9342DF
:102F40000FD010BD4FF0B042136E23F40033136660
:102F50004FF480710E4802F0F1F9606A01F038FE1A
:102F6000EFE74FF0B042136E23F4802313664FF463
:102F70000071074802F0E2F9606A01F029FE1D20A5
:102F800001F042FDDDE700BF004401400048014080
:102F90000004004808B5044804F047FC00B108BD2F
:102FA000014804F078FCFAE7581B002008B50448F3
:102FB00004F03BFC00B108BD014804F06CFCFAE7EA
:102FC0000C1B0020064B986801E0054B9868044BE9
:102FD0009B688342F9D1C043024B1860704700BF21
:102FE00000280040BC1B0020014B1868704700BF40
:102FF000BC1B0020064B986801E0054B9868044B09
:103000009B688342F9D1C043024B1B68C01A7047CA
:1030100000280040BC1B0020074B1B7853B1074B16
:10302000986801E0054B9868044B9B688342F9D18E
:10303000C043704700207047C01B0020002800409C
:103040000320704708B501464FF47A7200238002CE
:10305000890DFEF721F908BDC20E43011B1A62F16A
:103060000002920042EA93729B001B1842F100009A
:10307000C00040EA5370C3F3D51343EA8050704751
:1030800010B5074B0122DA65064C4FF480712046DB
:1030900003F06CFD4FF0FF332363002010BD00BF31
:1030A00000280040001A002008B50246022102480C
:1030B00003F0B1FF08BD00BF001A002038B50F4B68
:1030C0001B780BB1002038BD0D4C4FF0FF35256348
:1030D000FFF750FBFFF7D4FF4FF48071204603F059
:1030E00045FD2563204603F035FF0020FFF7DCFF98
:1030F000FFF768FF014B01221A70E3E7C01B0020B5
:10310000001A002008B502460021024803F083FFA0
:1031100008BD00BF001A002008B502460121024880
:1031200003F079FF08BD00BF001A002010B58CB075
:1031300004462C22002101A813F019FDFFF7A0FF7F
:103140000C4B1B681C4400230893E4430294069331
:103150004FF0005307934FF480730B93012201A9A2
:10316000054803F03BFE10B900200CB010BDFFF77E
:1031700061FAF9E7BC1B0020001A002008B5022103
:10318000014803F04FFF08BD001A002038B505467E
:103190000B4B9C6801E00A4B9C68094A9268A2426A
:1031A000F9D1E443FFF7EAFF2346A40A44EA805436
:1031B000C3F30900FFF750FF2880204638BD00BF49
:1031C0000028004008B50021014803F02BFF08BD8E
:1031D000001A002008B50121014803F023FF08BDB3
:1031E000001A002008B5FFF72DFF0C4B996801E08D
:1031F0000A4B9968094B9B688B42F9D109E0074B50
:103200009B68064A92689A42F9D1CB1A984203D930
:1032100000BF024B9B68F4E708BD00BF00280040D8
:1032200008B512F035FD08BD08B5FFF7A7FF01305E
:10323000FFF73AFF08BD000008B51848184B0360B7
:103240004FF4E133436000238360C36003610C22C9
:10325000426183610362436283624FF000534366BD
:1032600006F0E8F870B900210C4806F098FA60B949
:1032700000210A4806F0B8FA50B9084806F06BFA7F
:1032800048B908BDFFF7D6F9EDE7FFF7D3F9EFE747
:10329000FFF7D0F9F1E7FFF7CDF9F2E7241C0020A2
:1032A0000080004030B597B0044600211191129182
:1032B000139114911591382203A813F058FC226839
:1032C000284B9A4201D017B030BD2023039303A8A6
:1032D00003F02CFB00283ED14FF0B043DA6D42F0F2
:1032E0000102DA65DA6D02F001020292029ADA6CEA
:1032F00042F00102DA64DB6C03F001030193019BED
:103300000C2311930223129300251395149508237F
:10331000159311A94FF0904001F03EFF1248134B56
:1033200003601623436010238360C560802303611C
:1033300045618561C561056201F0DAFB70B90A4B30
:10334000E3679C6200220221262001F049FB26202F
:1033500001F056FBB7E7FFF76DF9BDE7FFF76AF934
:10336000EDE700BF00800040C41B002008000240C1
:1033700002680C4B9A4200D0704710B504464FF0DB
:10338000B042D36D23F00103D3650C214FF0904080
:1033900001F0D4FFE06F01F01BFC262001F034FBAC
:1033A00010BD00BF0080004008B5074B1860FEF755
:1033B0000BFEFFF741FF054AD2F8803043F08053FF
:1033C000C2F88030002008BDBC1C00200008005856
:1033D00008B54FF0B043DA6B42F00102DA63DA6B02
:1033E00022F00102DA630448FFF7C2FF0F2001F068
:1033F0000BFB002008BD00BF241C002008B50A46B6
:103400000146024804F00EFF002008BD241C0020E5
:1034100010B582B0124B18604FF40013009302AB4A
:1034200013E906000F4806F03EF90E4B1B68DA69F7
:1034300012F4803FF9D1DA6912F4800FFBD09A6858
:1034400042F480029A60074C204606F06DF9012292
:103450000549204606F0C0F8002002B010BD00BFAC
:10346000B81C0020241C0020C01C002008B50A46FF
:103470004FF47A730146024805F072FE08BD00BFA2
:10348000241C002008B5044801F032FB00B908BD37
:10349000FFF7D0F8FBE700BFC41B002008B50268A7
:1034A000044B9A4200D008BD034B1B68002098478C
:1034B000F9E700BF00800040BC1C002002680A4BF6
:1034C0009A4200D0704710B50446084B1B682BB1D8
:1034D000D0F8902012B901210548984701220449EB
:1034E000204606F079F810BD00800040B81C00208E
:1034F000C01C002008B50A464FF47A730146024802
:1035000005F09FFE08BD00BF241C00200D48854625
:10351000FFF7B8FB0C480D490D4A002302E0D458D0
:10352000C4500433C4188C42F9D30A4A0A4C00230D
:1035300001E013600432A242FBD313F071FBFFF7EA
:10354000C1F8FEE70000012000000020D8030020A1
:1035500048BA0108D803002020490020FEE70000F7
:103560002DE9F84306460C46914698461E4800F061
:10357000B1F81E4BB3F8AA704FF6FF739F420CD000
:1035800040F6E44303FB07F7B7FBF0F7278098F812
:10359000000028B9002425460CE040F6E447F5E792
:1035A000FFF7E2FAF6E7484600F094F815FA80F5DE
:1035B0000134E4B298F80110A142F4D811B9012302
:1035C00088F8013098F80130B5FBF3F5ADB207FB90
:1035D00005F5074BA3FB0523ED1A03EB5503DB0AA7
:1035E0003380BDE8F88300BF002000B40075FF1FE2
:1035F000010110002DE9F04180460F4616460121D9
:103600004FF4007000F0A8F90120FFF7ADFA002494
:103610000CE0204606F0FAF92B46114A06EB44016D
:1036200007EB4400FFF79CFF0134E4B2032C0BD8F6
:1036300004EB44054544AB78002BEAD1002327F87E
:10364000143026F81430EFE700214FF4007000F03A
:1036500083F9032006F0DAF906F0EBF9BDE8F08112
:103660002000001430B585B0044600230193029376
:103670000393FEF72FFC164801F08EF8F8B9019479
:1036800000230293039301A9114800F0C7FDC8B9B4
:103690000F4800F085FFC0B90D4C4FF0FF312046B8
:1036A00000F05AFD204601F057F8204600F0B3FD27
:1036B0000546204600F0F0FF284605B030BDFEF775
:1036C000B9FFDCE7FEF7B6FFE2E7FEF7B3FFE3E79B
:1036D0004419002008B5FFF7C5FF08BD014B024A99
:1036E0001A607047441900200024014008B50D48B5
:1036F000FFF7B8FFA0B103460B4AB2F8AA004FF695
:10370000FF72904207D040F6E44202FB00F0B0FBAB
:10371000F3F080B205E00548B0FBF3F080B200E0C2
:10372000002008BD002000B40075FF1FD8084C0021
:1037300010B582B00023ADF80630FFF7D7FF04467E
:103740002148FFF78FFF214BB3F8C820B3F8A8102A
:103750008A421DD000FB04F39B081D48A0FB030315
:10376000C1EB5313642000FB03F3521A93FBF2F3F3
:103770001E331BB2ADF80630BDF806301BB21B027B
:103780001BB2ADF80630BDF8060000B202B010BDA5
:1037900004FB00F00F4BA3FB0023C41A03EB5403FC
:1037A000DB0A4FF47A7202FB03F3A3F53923A3F586
:1037B0000C63094A82FB0312DB17C3EBA2231E33FF
:1037C0001BB2ADF80630D7E7001000B00075FF1F40
:1037D0009F00EE0901011000AD8BDB682DE9F84375
:1037E00080460F462948FFF775FF294BB3F8AA908A
:1037F0004FF6FF73994545D040F6E44303FB09F9C2
:10380000B9FBF0F90121102000F0A6F81420FFF711
:10381000ABF90120FFF75EFF80B209FB00F01D4C01
:10382000A4FB0035401B05EB5005C5F3CF25002157
:10383000102000F091F8184ED6F8083723F0E07306
:1038400043F08073C6F808370120FFF78DF913485D
:10385000FFF740FF80B209FB00F0A4FB0034001B1F
:1038600004EB5004C4F3CF24D6F8083723F0E073F8
:10387000C6F808376D00A8F8005004EB44043C80FB
:10388000BDE8F88340F6E449BCE700BF002000B47F
:103890000075FF1F0101100000200140004000B82A
:1038A00000B587B00023019302930393049305931B
:1038B00001910323029301A901F06EFC07B05DF8AA
:1038C00004FB00B587B00023019302930393049394
:1038D000059301910123029301A901F05DFC07B05A
:1038E0005DF804FB10B582B04FF0B043DA6C42F0E3
:1038F0000202DA64DB6C03F002030193019B074CC4
:103900004FF400612046FFF7DCFF01224FF4006115
:10391000204601F098FD02B010BD00BF0004004831
:1039200008B54FF40061034801F086FD012800D07E
:10393000002008BD0004004810B5064C00224FF4DA
:103940000061204601F07FFD4FF400612046FFF743
:10395000A7FF10BD0004004870B504460D460129BC
:1039600014BF0026012610F0010F24D114F0020F1D
:1039700035D114F0040F49D114F0080F5AD114F0C6
:10398000100F5FD114F0200F70D114F0400F73D1DD
:1039900014F0800F76D114F4807F40F0878014F407
:1039A000007F40F08B80012D00F08E80042149487B
:1039B000FFF776FF70BD32464FF48041454801F075
:1039C00042FD012D05D04FF480414248FFF768FFCA
:1039D000CCE74FF480413F48FFF773FFC6E732461C
:1039E0004FF480614FF0904001F02DFD012D06D085
:1039F0004FF480614FF09040FFF752FFB9E74FF46A
:103A000080614FF09040FFF75CFFB2E732464FF421
:103A10000051304801F017FD012D05D04FF4005141
:103A20002C48FFF73DFFA7E74FF400512948FFF767
:103A300048FFA1E732464FF400714FF0904001F08B
:103A400002FD9CE732464FF48051224801F0FBFC16
:103A5000012D05D04FF480511E48FFF721FF91E75B
:103A60004FF480511B48FFF72CFF8BE732460221B1
:103A7000194801F0E8FC88E732460121164801F0B8
:103A8000E2FC85E732464FF40061124801F0DBFCAE
:103A9000012D05D04FF400610E48FFF701FF7AE7D2
:103AA0004FF400610B48FFF70CFF74E732464FF408
:103AB00080714FF0904001F0C6FC70E7324604215F
:103AC000044801F0C0FC6EE704210248FFF7F9FE4C
:103AD00070E700BF000400480008004870B584B0DB
:103AE00005460C4616460DF10E0103A8FFF776FEBB
:103AF0003EB9BDF80C302B80BDF80E30238004B0E9
:103B000070BD154B00221146022012F0E7F9052086
:103B1000FFF72AF8BDF80C300093104B0022114635
:103B2000022012F0DBF90520FFF71EF8BDF80E3079
:103B300000930B4B00221146022012F0CFF9052012
:103B4000FFF712F8074B00221146022012F0C6F9C7
:103B50006420FFF709F8CCE7A4A30108E0A301085B
:103B600000A401081CA4010838B50C4615460849F4
:103B7000FDF770F9FDF770FB2368E8542368013303
:103B80002360C0F30720E85423680133236038BD65
:103B90000000C84238B50C461546FCF79BFC0022D5
:103BA000084BFCF701FDFCF7D7FF2368E8542368B6
:103BB00001332360C0F30720E854236801332360F6
:103BC00038BD00BF0000244070B584B006460D46E5
:103BD00000240EE036F8143035F8142002920193D8
:103BE0000094094B00221146022012F077F90134AB
:103BF000E4B2032CEED9054B00221146022012F04C
:103C00006DF904B070BD00BF30A4010868A40108BC
:103C10002DE9F04FA5B082468946089209939DF898
:103C2000B8B000242BE05AF8246059F82470089B9F
:103C300053F824800BAD099B53F82400FCF75CFC7F
:103C4000CDE906014046FCF757FCCDE904013846B2
:103C5000FCF752FCCDE902013046FCF74DFCCDE902
:103C6000000122460849284612F00CFF0095074B38
:103C700000221146022012F031F90134E4B25C4511
:103C8000D1D325B0BDE8F08F88A40108DCA40108D9
:103C90002DE9F04F85B00290039192461F46DDF862
:103CA0003890DDF83C80002407E06B6849F8243048
:103CB000AB6848F824300134A4B2544538D204EB40
:103CC000840307EB830517F82330002BEDD003990D
:103CD000029B53F82400FCF7B3FF06461649E86838
:103CE000FDF7B8F8009014492869FDF7B3F8019082
:103CF000D5F804B000993046FDF7ACF84FF07E518E
:103D0000FCF7A0FF01465846FDF7A4F849F8240047
:103D1000AD6801993046FDF79DF84FF07E51FCF7F4
:103D200091FF01462846FDF795F848F82400C2E7C0
:103D300005B0BDE8F08F00BFBD378635002303E036
:103D4000002240F8232001338B42F9D370472DE93C
:103D5000F04180460D4617461E4600240BE006EB58
:103D6000840257F824104FF4237000FB048006F0FF
:103D700093F80134E4B2AC42F1D3BDE8F081000025
:103D80002DE9F04F9BB007468A4690469946259DFF
:103D9000FFF7C6FD0646012828D1DFF8DCB0002475
:103DA0000094249B52463946584606F079FB12ABE4
:103DB0003A4608213148FFF7CAFF02AF08213846CA
:103DC000FFF7BCFF0DF1280A08215046FFF7B6FFA8
:103DD00008212846FFF7B2FFCDF804A000975B4604
:103DE000082227492498FFF753FF31E0FFF77AFDB7
:103DF0000026D2E71AAB03EB840A5AF8600C01469E
:103E0000FCF720FF07465AF8200CFCF775FB18A3B7
:103E1000D3E90023FCF7C8FB00221A4BFCF7EEFCA9
:103E200014F06AFFFCF7B8FE01463846FDF712F8B9
:103E3000074645F824005AF8400C0146FCF702FFFB
:103E400001463846FCF7FCFE45F824000134E4B294
:103E5000072CCFD94A4641460B48FFF7CBFB012E32
:103E600002D11BB0BDE8F08FFFF766FDF9E700BF98
:103E7000182D4454FB21094030040020E0040020A8
:103E80000000C84100806640D004002010B5032027
:103E900000F094FD02F0C6F8064B18600F20FEF704
:103EA00055FE10B10124204610BD0446FEF700FD6A
:103EB000F9E700BF080100204FF0E022136923F06A
:103EC0000203136170474FF0E022136943F00203CD
:103ED00013617047014BD3F8900570470070FF1FC6
:103EE000014BD3F8940570470070FF1F014BD3F8C6
:103EF000980570470070FF1F024A536823F00103C2
:103F000053607047002004E0024A536823F0020324
:103F100053607047002004E0024A536823F0040312
:103F200053607047002004E030B583B00023019354
:103F3000002800F004810446836DBBB122689368B9
:103F400013F0805F1FD1936823F0104323F0170311
:103F500043F0805393607B4B1B689B097A4AA2FB1A
:103F600003239B0901335B00019309E0FDF7E4FFA4
:103F70000023E36584F85430E0E7019B013B0193A3
:103F8000019B002BF9D12268936813F0805F40F009
:103F90009880A36D43F01003A365E36D43F0010324
:103FA000E3650120936813F0040300D00123A16DA1
:103FB00011F0100F40F0BC80002B40F0B980A36DD1
:103FC00023F4817343F00203A365936813F0010F98
:103FD0004DD1A368217E43EA8133617E43EAC13338
:103FE000A57E43EA4533216B09B14FF480510B4361
:103FF000E1680B432169002965DB4FF400110B4395
:1040000094F82C1043EA410394F8201001295DD064
:10401000616A21B101F4E071A56A29430B43D568B7
:104020004A4929401943D160636803F04043E26C78
:104030001A4394F83C10012955D021680D69444B6E
:104040002B4013430B616368B3F1404F0FD0B3F1C2
:10405000804F0CD0B3F1004F09D03E49D1F808276A
:1040600022F4701203F470131343C1F80837216867
:10407000636B4A6922F0070213434B612268A16B0C
:10408000536923F0700343EA011353612369002B42
:1040900033D12268936A63F00F03936223685B69EC
:1040A00003F00703626B9A4239D0A36D23F0120329
:1040B00043F01003A365E36D43F00103E3650120C2
:1040C0003BE000206EE721F0004198E715B943F48A
:1040D00080339DE7A16D41F02001A165E16D41F0C4
:1040E0000101E16594E7216C0B43616C0B43A16C0A
:1040F0000B431A4342F001029FE7B3F5001FCDD1F5
:1041000021688B6AE369013B9B0003F01C036FF09D
:104110000F0202FA03F3226E13438B62BEE7002301
:10412000E365A36D23F0030343F00103A36504E0FB
:10413000A36D43F01003A365012003B030BD01203F
:10414000FBE700BF08010020632D3E050102DEFFF2
:1041500002FCFF1F00200140F8B504460D464669E9
:10416000082E05D00368DB6813F0010F1ED104266A
:10417000FEF7EEFC074623681A6832421CD1B5F1FF
:10418000FF3FF8D0FEF7E4FCC31BAB4201D8002D83
:10419000F1D123681B683342EDD1A36D43F00403D2
:1041A000A365002384F85430032028E0836D43F096
:1041B00020038365012022E0A26D42F40072A26513
:1041C000DA6812F4406F15D1A27E9AB91A6812F01B
:1041D000080F0FD09A6812F0040F11D15A6822F01C
:1041E0000C025A60A36D23F4807323F0010343F0A3
:1041F0000103A365207E60B923680C221A60F8BD14
:10420000A36D43F02003A365E36D43F00103E36571
:10421000F0E70020F3E70368186C704770B483B0D0
:1042200000220192046990F85420012A00F00381D1
:104230000346012280F854200268906810F0040FB1
:104240000AD09A6D42F020029A650120002283F87C
:10425000542003B070BC70474868022800F09C806E
:10426000B4F1004F27D0754DAC4224D01C6E00F045
:104270001F000F25854024EA05050C68C4F31106CC
:10428000002E31D1C4F3846484402C431C664C68F6
:10429000A0080130DD69A84213D80D68906A04F0C7
:1042A0001F040F26A64020EA0600C5F38365A5403B
:1042B0002843906205E00C68906AC4F3110420431F
:1042C00090621C680D688A68606920EA052002EA2D
:1042D000052222F07C4222F0FF02024362610A685A
:1042E000002A09DB0020B1E794FAA4F414B1B4FA6F
:1042F00084F4C9E72024C7E75149D1F8080700F042
:10430000E071504CA24207D04F4CA24226D04F4CF5
:10431000A24232D0002099E710F4000FF4D141F40A
:1043200000014748D0F8082722F0E0721143C0F896
:104330000817474A126892094649A1FB02129209DE
:10434000013202EB42029200019202E0019A013A2C
:104350000192019A002AF9D1002077E710F0807FBE
:10436000D5D141F080713648D0F8082722F0E072AC
:104370001143C0F80817002068E710F4800F58D1E7
:1043800041F480022E48D0F8081721F0E0710A436A
:10439000C0F80827002059E7B4F1004F02D02748A1
:1043A000844206D10C68906AC4F3110420EA040028
:1043B00090620A68002A01DB002047E72049D1F813
:1043C00008172048824207D01F48824213D01F4856
:1043D00082421FD0002039E701F0A07100F11040A7
:1043E00000F58830D0F8082722F0E0721143C0F8B9
:1043F000081700202AE701F4400200F1084000F508
:104400006040D0F8081721F0E0710A43C0F808278F
:1044100000201BE701F0C07200F10C4000F5803075
:10442000D0F8081721F0E0710A43C0F808270020EF
:104430000CE700200AE702200BE700BF0400008021
:1044400000200140001000B0004000B8002000B47F
:1044500008010020632D3E0538B503689A6812F004
:10446000040F2AD004469A6812F0020F07D19A6806
:1044700022F0004222F0170242F010029A60FEF78A
:1044800067FB054623689B6813F0040F13D0FEF703
:104490005FFB431B022BF5D923689B6813F0040FC5
:1044A000F0D0A36D43F01003A365E36D43F0010367
:1044B000E365012002E0002000E0002038BD00009C
:1044C00030B583B00023019303689A6812F0010F9E
:1044D0005BD1044699682E4A114217D19A6822F09E
:1044E000004222F0170242F001029A60294BD3F8F1
:1044F000083713F4000F19D0274B1B689B09274A74
:10450000A2FB03239B09013301930CE0836D43F06D
:1045100010038365C36D43F00103C365012035E0DB
:10452000019B013B0193019B002BF9D1637E012B81
:1045300001D100202AE0FEF70BFB054623681A682C
:1045400012F0010F1FD19A6812F0010F07D19A687B
:1045500022F0004222F0170242F001029A60FEF7B8
:10456000F7FA401B0228E9D923681B6813F0010FF2
:10457000E4D1A36D43F01003A365E36D43F00103A1
:10458000E365012002E0002000E0002003B030BD20
:10459000170000800020014008010020632D3E0527
:1045A00003689B6813F0040F28D110B5044690F8F7
:1045B0005430012B24D0012380F85430FFF780FFC2
:1045C000C0B9A36D23F4706323F0010343F4807337
:1045D000A3650023E36522681C21116084F8543030
:1045E0002268936823F0004323F0170343F0040389
:1045F000936010BD002384F85430FAE7022070471E
:104600000220F6E738B504460268936813F0020307
:1046100000D00123916811F0010F39D0002B39D15E
:10462000936803F00503012B09D0A36D43F0100339
:10463000A365E36D43F00103E365012029E093687E
:1046400023F0004323F0170343F002039360236831
:1046500003221A60FEF77CFA054623689B6813F074
:10466000010F13D0FEF774FA401B0228F5D9236816
:104670009B6813F0010FF0D0A36D43F01003A36506
:10468000E36D43F00103E365012002E0002000E058
:10469000002038BD0020FCE770B5002856D0044645
:1046A000836D43F002038365FFF7D6FE06460028BC
:1046B0003DD02268536823F4677323F003035360EB
:1046C000236840F29F321A602268D168204B0B4069
:1046D000D3602268536923F00703536123689A6A01
:1046E00000259D622268136A03F0F023136222689A
:1046F000536A03F0F02353622268D36A03F0F02375
:10470000D3622268136923F040431361114AD2F83F
:10471000083723F0FE73C2F808372046FDF73EFC49
:104720002566E565A56584F85450304670BD204681
:10473000FFF768FF064608B90123A365226893685E
:1047400023F0104323F017039360B2E70126ECE750
:1047500000021E830020014090F85430012B19D034
:1047600010B50446012380F85430FFF775FE18B1E8
:10477000002384F8543010BD2046FFF743FF002883
:10478000F6D1A36D23F4807323F0010343F00103FA
:10479000A365EDE702207047F0B583B000230193D5
:1047A00090F85430012B00F0B0800446012380F8CB
:1047B0005430FFF727FF054623689A6812F001027C
:1047C00009D0A36D43F01003A365002384F854308F
:1047D000284603B0F0BDA16D21F4817141F00201C2
:1047E000A165DE6826F4FF4626F07C063604360C0A
:1047F000D96821F4004121F00301D960104605E099
:10480000D3F8B43003F07F0318440132072A1ED8CE
:1048100021688B6823F0004323F0170343F0004323
:104820008B60236899680029EADA019B01330193C0
:10483000019BB3F52E3FF4D3A36D23F0120343F095
:104840001003A365002384F854300125C0E7B0FBB2
:10485000F2F221688B6823F0004323F0170343F042
:1048600001038B6021680B69B3F1804F17D2284B8D
:10487000D3F8083703F47013B3F5E01F0FD39B0C84
:10488000033B012000FA03F30093009BC340009315
:1048900002E0009B013B0093009B002BF9D1D1F873
:1048A000B43023F07F031A43C1F8B4202268936820
:1048B00023F0004323F0170343F002039360FEF755
:1048C00047F9074623689A6812F0010F09D1DA68A0
:1048D0003243DA60A36D23F0030343F00103A365C1
:1048E00073E7FEF735F9C31B022BEBD923689B68EE
:1048F00013F0010FE6D0A36D43F01003A365E36D41
:1049000043F00103E365012562E7022560E700BF8C
:1049100000200140002807DB00F01F0240090123AE
:104920009340024A42F82030704700BF00E100E0A7
:1049300000280CDB00F01F024009012393402030C7
:10494000034A42F82030BFF34F8FBFF36F8F704799
:1049500000E100E0002808DB0901C9B200F1604075
:1049600000F5614080F80013704700F00F00090166
:10497000C9B2014B1954704714ED00E000B500F0C6
:104980000700C0F1070CBCF1040F28BF4FF0040C66
:10499000031D062B0FD9C31E4FF0FF3E0EFA0CF07D
:1049A00021EA000199400EFA03FE22EA0E0241EAD2
:1049B00002005DF804FB0023EEE70000074AD3681D
:1049C00023F4E0631B041B0C000200F4E0600343CB
:1049D00043F0BF6343F40033D360704700ED00E061
:1049E00010B50446054BD868C0F30220FFF7C6FF98
:1049F00001462046FFF7AEFF10BD00BF00ED00E00E
:104A000008B5FFF787FF08BD08B5FFF791FF08BDA0
:104A100010B4C46CD0F850C0C4F804C0446D24B1C4
:104A2000846DD0F85CC0C4F804C0446C04F01C0C65
:104A3000012404FA0CF4D0F840C0CCF80440046817
:104A400063608368102B05D0036899600368DA609F
:104A500010BC704703689A600368D960F8E70000EB
:104A60000368144A934216D8426C22F0030202F102
:104A7000804202F502328264DBB2083B0E4AA2FB9E
:104A800003231B090D4AC26403F01F03012202FA2B
:104A900003F303657047426C22F00301084A0A449D
:104AA0008264DBB2083B044AA2FB03231B090733E1
:104AB000E8E700BF07040240CDCCCCCC8008024020
:104AC0001C080240436803F07F03074A1A4492001F
:104AD0004265064A8265013B03F00303012202FAA4
:104AE00003F3C365704700BF3F82001040090240D6
:104AF00000285ED010B5044603682F4A934240D880
:104B00002E4A1A442E49A1FB021212099200426455
:104B10002C4A0264022284F825201A686FF30E12D0
:104B20001A6021680A68A368E068034320690343A8
:104B300060690343A0690343E0690343206A0343B8
:104B400013430B602046FFF78BFFA368B3F5804F3C
:104B500022D06368A26C03F07F031360E36C226DC4
:104B60005A606368013B032B19D900236365A36571
:104B7000E3650020E063012384F8253084F82400F5
:104B800010BD114A1A440E49A1FB021212099200EB
:104B900042640E4A0264BDE700236360D9E7204601
:104BA000FFF790FF636D00221A60A36DE26D5A60FB
:104BB000DFE70120704700BF07040240F8FFFDBF98
:104BC000CDCCCCCC00000240F8FBFDBF000402407D
:104BD00000284BD038B504460268136823F001035F
:104BE00013600268224B9A422CD8224B134422496C
:104BF000A1FB03131B099B004364204B03640025A6
:104C00001560636C03F01C02216C012393404B6020
:104C10002046FFF725FFA36C1D60E36C226D5A60F0
:104C20006368013B032B18D900206065A065E0652F
:104C3000E06220636063A063E06384F8250084F889
:104C4000240038BD0E4B13440B49A1FB03131B0971
:104C50009B0043640B4B0364D1E72046FFF732FF10
:104C6000636D1D60A36DE26D5A60DDE70120704742
:104C700007040240F8FFFDBFCDCCCCCC00000240C1
:104C8000F8FBFDBF0004024038B5044690F824004C
:104C9000012843D0012084F8240094F82500C0B2F4
:104CA000012806D08023E363002384F82430012008
:104CB00038BD022084F825000020E06325682868BC
:104CC00020F0010028602046FFF7A2FE236BD3B13D
:104CD0002268136843F00E031360A36C1A6812F481
:104CE000803F03D01A6842F480721A60636D1BB172
:104CF0001A6842F480721A602268136843F0010354
:104D000013600020D4E72268136823F004031360C3
:104D10002268136843F00A031360DEE70220C7E746
:104D20000346002834D090F82520D2B2022A06D0BB
:104D30000422C263002280F8242001207047016809
:104D40000A6822F001020A6001680A6822F00E0275
:104D50000A60816C0A6822F480720A60426C02F078
:104D60001C01006C01228A404260DA6C196D5160AE
:104D70005A6D32B1116821F4807111609A6DD96D4C
:104D80005160012283F82520002083F82400704719
:104D90000120704708B590F82530DBB2022B03D014
:104DA0000423C363012008BD0268136823F00103D4
:104DB00013600268136823F00E031360826C13689B
:104DC00023F480731360436C03F01C02016C012315
:104DD00093404B60C36C026D5A60436D33B11A68E7
:104DE00022F480721A60836DC26D5A60012380F8CC
:104DF0002530002380F82430836B13B198470020BE
:104E0000D1E70020CFE7000038B5036C19680468CB
:104E10002568436C03F01C0304229A400A4215D013
:104E200015F0040F12D0236813F0200F03D123686C
:104E300023F004032360436C03F01C02016C042381
:104E400093404B60036B03B1984738BD02229A40F0
:104E50000A4228D015F0020F25D0236813F0200F46
:104E600006D1236823F00A032360012380F825304C
:104E700002681C4B9A420ED9436C03F01C020223B9
:104E80009340194A5360002380F82430C36A002BF2
:104E9000DBD09847D9E7436C03F01C020223934010
:104EA000124A5360EFE7082202FA03F30B42CCD018
:104EB00015F0080FC9D0236823F00E032360436C5C
:104EC00003F01C03016C012202FA03F34B60C2637E
:104ED00080F82520002380F82430436B002BB4D0C9
:104EE0009847B2E780000240000402400000024000
:104EF00010B4054C616941F0010161610260BFF3CA
:104F00006F8F436010BC7047004000580C4A5369D3
:104F100043F480235361EFF3108C72B6402351F8B1
:104F2000042B40F8042B013B13F0FF03F7D1044B93
:104F30001B6913F4803FFAD18CF31088704700BFCF
:104F400000400058094B5B69002B01DB00207047D3
:104F5000064B074A9A6002F188329A605B69002B1F
:104F600001DB002070470120704700BF004000585F
:104F700023016745054B5A6942F000425A615B695B
:104F8000002B01DB012070470020704700400058D3
:104F900038B50546FDF7DCFD04461B4B1B6913F4D1
:104FA000803F06D0FDF7D4FD001BA842F5D30320B7
:104FB00038BD154B1B6913F0010F15D123F4705345
:104FC00023F005031B041B0C0BB10F4A1361ABB993
:104FD0000D4B1B6913F4802F14D0FDF7B9FD001B96
:104FE000A842F5D30320E3E7074A0121116123F426
:104FF000705323F005031B041B0CE5E7034A5360C1
:105000000120D5E70020D3E700400058C41C002051
:10501000F8B51F46154B1B78012B25D004460D46CD
:105020001646124B01221A7000225A604FF47A7011
:10503000FFF7AEFF70B9012C10D031462846FFF7BC
:1050400065FF4FF47A70FFF7A3FF094A536923EA1B
:1050500004035361054B00221A70F8BD32463B46EB
:105060002846FFF745FFECE70220F6E7C41C0020C6
:1050700000400058034A536943F4803343F004036B
:105080005361704700400058164B1B6813F4007FB3
:1050900010D0144B1A6822F400721A601A6842F495
:1050A00000621A601A6822F400621A601A6842F4F8
:1050B00000721A600B4B1B6813F4806F10D0094B01
:1050C0001A6822F480621A601A6842F480521A60E8
:1050D0001A6822F480521A601A6842F480621A60D8
:1050E000704700BF00400058034A536923F47E73A1
:1050F00023F002035361704700400058054A53698A
:1051000023F47E7343EAC00040F4803040F0020094
:105110005061704700400058F8B51E4B1B78012BBA
:1051200035D005460F461B4B01221A7000225A60EB
:105130004FF47A70FFF72CFF064618BB2B68042B40
:1051400013D04FF0FF333B606C686B68AA68134460
:10515000A34213D92046FFF7D1FF4FF47A70FFF72F
:1051600017FF064648B90134EFE7FFF783FF4FF416
:105170007A70FFF70DFF064602E03C60FFF7B4FFD0
:10518000FFF782FF034B00221A703046F8BD02265B
:10519000FBE700BFC41C002070B5002369E08568F0
:1051A0005E000324B44025EA0405CC68B4402C43D7
:1051B0008460456825EA0C054C68C4F300149C40E3
:1051C0002C43446066E0DD08083550F8254003F0C4
:1051D000070C4FEA8C0C4FF00F0E0EFA0CFE24EA6F
:1051E0000E0E0C6904FA0CF444EA0E0440F8254053
:1051F00067E0022400E0002404FA0EF42C430CF1D2
:10520000020C4B4D45F82C404A4C2568D44325EA06
:105210000206D1F804C01CF4801F01D042EA050642
:10522000444D2E606D6804EA0506D1F804C01CF4F4
:10523000001F01D042EA05063E4D6E60D5F8805051
:1052400004EA0506D1F804C01CF4803F01D042EA0C
:105250000506384DC5F88060D5F884502C404E685E
:1052600016F4003F01D042EA0504324AC2F88440F5
:1052700001330A6832FA03F458D04FF0010C0CFAEB
:1052800003FC1CEA0202F3D04C6804F00304013C66
:10529000012C84D94C6804F00304032C0CD0C4689E
:1052A0005D004FF0030C0CFA05FC24EA0C0C8C6832
:1052B000AC4044EA0C04C4604C6804F00304022CC3
:1052C00081D004684FEA430E4FF0030C0CFA0EFC39
:1052D00024EA0C0C4C6804F0030404FA0EF444EACB
:1052E0000C0404604C6814F4403FC1D04FEA930CA6
:1052F0000CF102050E4C54F8255003F0030E4FEA52
:105300008E0E072404FA0EF425EA0405B0F1904F3E
:105310003FF471AF084CA04206D004F58064A0426F
:105320003FF467AF072467E7012465E770BD00BF5E
:10533000000001400008005800040048002331FA32
:1053400003F271D0F0B52EE0022500E0002505FA49
:105350000CF5A54249D004685D004FF0030C0CFA2F
:1053600005FC44EA0C0404604FEAD30E0EF1080E6B
:1053700050F82E4003F00706B6000F25B54024EA8A
:10538000050440F82E40846824EA0C0484604468D4
:1053900024EA02024260C26822EA0C02C2600133BF
:1053A00031FA03F23FD001229A4012EA0107F6D007
:1053B0009E08B51C1D4C54F8254003F0030C4FEA21
:1053C0008C0C4FF0070E0EFA0CFE0EEA0404B0F13E
:1053D000904FBBD0164DA84205D005F58065A84278
:1053E000B2D00725B3E70125B1E7124CD4F88050BD
:1053F00025EA0705C4F88050D4F8845025EA07054B
:10540000C4F88450256825EA07052560656825EA03
:1054100007056560054D023655F8264024EA0E045E
:1054200045F8264097E7F0BD704700BF00000140F7
:1054300000040048000800580369194201D0012007
:105440007047002070470AB18161704781627047E0
:1054500008B5054BDB68034200D108BD024BD8609C
:1054600005F054FEF9E700BF0008005803689A6988
:1054700012F0020F01D000229A6203689A6912F0BA
:10548000010F03D19A6942F001029A61704710B48A
:10549000019CC1F3090141EA02411943214321F072
:1054A000004102685368640D04F4806444F07F7422
:1054B00044F4583444F47F7444F0030423EA0403AE
:1054C0000B43536010BC70472DE9F041044603685C
:1054D0009E6916F010067CD00D4690461022DA61C7
:1054E000002637462368986910F0200F30D17FBB23
:1054F000B5F1FF3FF6D0FDF72BFBA0EB0800A8426B
:1055000001D8002DEED121684B6803F4804394F854
:105510004220D2B2886910F4004F02D00BB9202A81
:105520000ED123689B6913F0200FDBD1FDF710FB30
:10553000A0EB08001928F4D946F020060127D1E78E
:105540004B6843F480434B60FDF702FB8046E8E77D
:105550000FB92022DA6146F004060125226893691A
:1055600013F4807F05D046F001064FF48071D161BD
:10557000012513F4806F06D046F0080622684FF428
:105580008061D161012513F4007F24D046F002062A
:1055900023684FF40072DA6101252046FFF766FFA9
:1055A0002268536823F0FF7323F48B3323F4FF73D3
:1055B00023F001035360636C33436364202384F856
:1055C0004130002384F8423084F840302846BDE85A
:1055D000F0810025C2E7002DF8D0DEE770B5044663
:1055E0000D46164623689B6913F0020F22D13246FE
:1055F00029462046FFF768FFF0B9B5F1FF3FF1D02B
:10560000FDF7A6FA801BA84201D8002DEAD1236835
:105610009B6913F0020FE5D1636C43F020036364D0
:10562000202384F84130002384F8423084F840304D
:10563000012000E0002070BD0120FCE72DE9F843C7
:105640000546884617461E46DDF820902B689C6963
:1056500038EA04040CBF01230023BB4227D14A4689
:1056600031462846FFF730FF20BBB6F1FF3FEDD0B3
:10567000FDF76EFAA0EB0900B04201D8002EE5D18B
:105680002B689B6938EA03030CBF01230023BB424C
:10569000DCD16B6C43F020036B64202385F8413030
:1056A000002385F8423085F84030012000E00020DA
:1056B000BDE8F8830120FBE72DE9F04182B0044604
:1056C00090461D46089E099F194B00934FF080732A
:1056D000EAB2FFF7DCFE3A4631462046FFF77EFF8E
:1056E000F8B9012D0ED123685FFA88F29A6200970B
:1056F0003346002280212046FFF7A0FFA8B902B060
:10570000BDE8F08123684FEA18229A623A46314692
:105710002046FFF763FF30B923685FFA88F29A6288
:10572000E5E70120EBE70120E9E70120E7E700BF1B
:10573000002000802DE9F04182B0044690461D46CD
:10574000089E099F184B00930023EAB2FFF79FFEC3
:105750003A4631462046FFF741FFF8B9012D0ED1F8
:1057600023685FFA88F29A6200973346002240214C
:105770002046FFF763FFA8B902B0BDE8F0812368B7
:105780004FEA18229A623A4631462046FFF726FF32
:1057900030B923685FFA88F29A62E5E70120EBE707
:1057A0000120E9E70120E7E70020008070B504460A
:1057B0000D46164604E023689B6913F0200F12D0B3
:1057C00023689B6913F0200F1BD1324629462046DF
:1057D000FFF77AFEB8B9FDF7BBF9801BA842EAD8FB
:1057E000002DEDD1E7E7636C43F0200363642023D1
:1057F00084F84130002384F8423084F8403001209E
:1058000000E0002070BD0120FCE700285FD010B54B
:10581000044690F84130002B48D0242384F84130CE
:105820002268136823F0010313606368226823F081
:10583000706313612268936823F400439360E36804
:10584000012B38D0A368226843F404439360E368D3
:10585000022B36D02268536823F400635360226819
:10586000536843F0007343F4004353602268D368E5
:1058700023F40043D360236962691343A16922685A
:1058800043EA0123D360E369216A22680B43136072
:105890002268136843F00103136000206064202332
:1058A00084F84130206384F8420010BD80F8403015
:1058B000FCF736FEB1E7A368226843F40043936027
:1058C000C5E72268536843F400635360C7E70120CB
:1058D0007047A8B110B50446242380F8413002680F
:1058E000136823F001031360FCF760FE002060647E
:1058F00084F84100206384F8420084F8400010BD21
:10590000012070472DE9F04F83B00E46BDF834A05A
:105910000E9D90F84110C9B2202940F0BB8004468A
:10592000904699460C9BCBB1BAF1000F16D090F877
:105930004030012B00F0B2804FF0010B80F840B0F6
:10594000FDF706F90746009019235A464FF4004127
:105950002046FFF773FE30B101209CE04FF4007346
:105960006364012097E0212384F84130402384F8C8
:105970004230002363640C9A6262A4F82AA0636335
:10598000019700954B46424631462046FFF794FE6C
:1059900070B9638D9BB2FF2B0FD9FF2222850023A4
:1059A00000934FF0807331462046FFF770FD21E0F1
:1059B000002384F8403058466DE0628D92B2228513
:1059C000002300934FF00073D2B231462046FFF718
:1059D0005EFD0FE0628D92B22285002300934FF0AE
:1059E0000073D2B231462046FFF751FD638D9BB262
:1059F000002B33D03A4629462046FFF7EFFD00281A
:105A00004ED1626A236812789A62636A01336362D4
:105A1000638D9BB2013B9BB26385238D013B9BB29F
:105A20002385628D92B2002AE0D0002BDED1009750
:105A30002B46002280212046FFF700FE90BB638D9D
:105A40009BB2FF2BC6D9FF222285002300934FF083
:105A5000807331462046FFF71AFDC7E73A462946CC
:105A60002046FFF7A3FEF8B923682022DA612168F7
:105A70004B6823F0FF7323F48B3323F4FF7323F07D
:105A800001034B6084F84120002384F8423084F8FD
:105A9000403000E0022003B0BDE8F08F0220FAE7BA
:105AA0000120F8E70120F6E70120F4E72DE9F04FA7
:105AB00083B00E46BDF834A00E9D90F84110C9B2D7
:105AC000202940F0BC800446904699460C9BCBB1FF
:105AD000BAF1000F16D090F84030012B00F0B380DF
:105AE0004FF0010B80F840B0FDF732F80746009008
:105AF00019235A464FF400412046FFF79FFD30B16D
:105B000001209DE04FF400736364012098E022239C
:105B100084F84130402384F84230002363640C9AB7
:105B20006262A4F82AA06363019700954B4642463F
:105B300031462046FFF7FEFD70B9638D9BB2FF2B07
:105B40000FD9FF222285444B00934FF080733146DA
:105B50002046FFF79CFC21E0002384F840305846A3
:105B60006EE0628D92B222853B4B00934FF0007342
:105B7000D2B231462046FFF78AFC0FE0628D92B226
:105B80002285002300934FF00073D2B231462046A5
:105B9000FFF77DFC638D9BB2002B34D000972B4622
:105BA000002204212046FFF749FD00284DD123683B
:105BB0005A6A636A1A70636A01336362228D013A1A
:105BC00092B22285638D9BB2013B9BB26385638D4C
:105BD0009BB2002BDED0002ADCD100972B4680211F
:105BE0002046FFF72BFD90BB638D9BB2FF2BC5D9E1
:105BF000FF222285002300934FF080733146204618
:105C0000FFF745FCC6E73A4629462046FFF7CEFD9A
:105C1000F8B923682022DA6121684B6823F0FF730A
:105C200023F48B3323F4FF7323F001034B6084F8D8
:105C30004120002384F8423084F8403000E0022004
:105C400003B0BDE8F08F0220FAE70120F8E7012059
:105C5000F6E70120F4E700BF00240080034690F837
:105C60004120D2B2202A23D190F84020012A21D00D
:105C7000012280F84020242280F841200068026838
:105C800022F0010202601868026822F48052026069
:105C9000186802681143016019680A6842F001023D
:105CA0000A60202283F84120002083F840007047DA
:105CB0000220704702207047034690F84120D2B27C
:105CC000202A21D190F84020012A1FD0012280F8FB
:105CD0004020242280F841200068026822F001025E
:105CE00002601868026822F4706242EA01220260CF
:105CF00019680A6842F001020A60202283F84120F4
:105D0000002083F84000704702207047022070474F
:105D1000024A136843F4807313607047000400580C
:105D200010B50C46A0B90F4B5B6913F4007F0AD184
:105D30000D4A136923F004031361012C10D040BFF6
:105D400020BF20BF10BD00F021F80028F0D0F9E7F7
:105D5000044B5B6913F4007FEAD100F00FF8E7E72A
:105D600030BFEFE70004005800ED00E0024B186878
:105D700000F4C060704700BF00040058024A136876
:105D800043F4804313607047000400580F4A1368BF
:105D900023F4804313600E4B1B68322202FB03F393
:105DA0000C4AA2FB03239B0C00E0013B074A52690B
:105DB00012F4007F01D0002BF7D1044B5B6913F480
:105DC000007F01D100207047032070470004005875
:105DD0000801002083DE1B430C4A136823F00703ED
:105DE00043F0020313600A4A136943F0040313618A
:105DF000012808D040BF20BF20BF054A136923F007
:105E000004031361704730BFF7E700BF0004005878
:105E100000ED00E030B589B004468C462A4B93E88B
:105E200003000690ADF81C1003F1080292E803008D
:105E30000490ADF8141001AD103393E8070085E825
:105E40000700BCF5007F07D0002314E008AA02EB8E
:105E5000830353F81C5C1EE00023022B08D808AA19
:105E600002EB430232F8082CA242EFD20133F4E7EE
:105E7000002510E00133022B0CD808AA02EB4302E4
:105E800032F8102CA242F5D308AA02EB830353F890
:105E90001C5C00E000250D4A136823F007032B4328
:105EA0001360FCF755FE0446084B1B6803F007031C
:105EB000AB4206D0FCF74CFE001B0228F4D90320AD
:105EC00000E0002009B030BD489E010800400058A5
:105ED00010B5C0F303100C4B53F820404FF0B04303
:105EE000D3F8083103F00F03084A52F82330B4FB0B
:105EF000F3F4FFF73BFF0146054BA3FB0434A00C72
:105F0000FFF788FF10BD00BF1CAE01087CAE010882
:105F100083DE1B434FF0B0439968DB6803F0030353
:105F200011F00C010AD00C2906D0042947D0082909
:105F30003BD00022104626E0012BF6D14FF0B043B3
:105F40001B6813F008030DD04FF0B0431B6813F02B
:105F5000080324D14FF0B042D2F894202E4A52F8D0
:105F600023200EE04FF0B042126812F0080F12D159
:105F70004FF0B043D3F89430C3F30323264A52F8CA
:105F80002320D1B100204FF0B0439B6803F00C03F5
:105F90000C2B1AD070474FF0B0421268EEE74FF06A
:105FA000B0431B68C3F30313D8E74FF0B0431A683C
:105FB00012F4801206D11948E5E71046E3E7002203
:105FC0001748E0E700221648DDE74FF0B043DB68F2
:105FD00003F00303022B09D0032B08D14FF0B04389
:105FE0001B6813F4801F15D10C4A00E00C4A4FF0D7
:105FF000B041CB68C3F3062303FB02F2CB68C3F3C3
:1060000002130133B2FBF3F2C868400F0130B2FB58
:10601000F0F0BFE7024AEAE71CAE01080048E801D9
:106020000024F40008B5FFF775FF4FF0B0439B68FC
:10603000C3F30313024A52F82330B0FBF3F008BD58
:106040007CAE0108002800F01183F8B504464FF03B
:10605000B0439D6805F00C05DE6806F00306036892
:1060600013F0200F2AD0002D65D00C2D61D0236AAB
:10607000002B00F0BF804FF0B042136843F00103E3
:106080001360FCF765FD07464FF0B0431B6813F043
:10609000020F00F0A7804FF0B0431A6842F00802E8
:1060A0001A601A6822F0F002A16A0A431A60616A53
:1060B0005A6822F47F4242EA01225A60236813F0B0
:1060C000010F00F0B580082D00F0AE800C2D00F01F
:1060D000A8804FF0B042136823F48013A1680B43EB
:1060E00013606368B3F5803F00F0C480B3F5041F0C
:1060F00000F0C5804FF0B0431A6822F480321A6075
:106100001A6822F400121A606368002B00F0C28043
:10611000FCF71EFD07464FF0B0431B6813F4003F29
:1061200040F08680FCF714FDC01B6428F3D90320DF
:10613000A9E2012E9BD1236A002B00F09982A06A6C
:106140004FF0B0431B6813F0080F29D04FF0B04355
:106150001B6803F0F00398422AD9FFF7B9FE002824
:1061600040F088824FF0B0431A6842F008021A608B
:106170001A6822F0F002A16A0A431A60616A5A683A
:1061800022F47F4242EA01225A60FFF74BFFBA4BEA
:106190001860BA4B1868FCF7D9FC00288ED072E260
:1061A0004FF0B043D3F894301B0903F0F003D2E76B
:1061B0004FF0B0431A6842F008021A601A6822F0E1
:1061C000F002A16A0A431A60616A5A6822F47F42A7
:1061D00042EA01225A60A06AFFF77AFE0028D4D072
:1061E000012050E2FCF7B4FCC01B02287FF64CAF44
:1061F000032048E24FF0B042136823F0010313601C
:10620000FCF7A6FC07464FF0B0431B6813F0020FE3
:106210003FF454AFFCF79CFCC01B0228F3D90320C9
:1062200031E2032E7FF455AF6368002B00F0248227
:10623000236813F0020F56D0042D3DD00C2D39D019
:106240002369002B00F08A804FF0B042136843F4BA
:1062500080731360FCF77CFC06464FF0B0431B686C
:1062600013F4806F36D1FCF773FC801B0228F4D93D
:10627000032008E2136843F48033136044E74FF0CF
:10628000B0431A6842F400121A601A6842F480326D
:106290001A6039E7FCF75CFC07464FF0B0431B6817
:1062A00013F4003FC4D0FCF753FCC01B6428F4D99E
:1062B0000320E8E1022EC3D12369002B00F0DE8128
:1062C00061694FF0B042536823F0FE4343EA016333
:1062D000536008E061694FF0B042536823F0FE4319
:1062E00043EA01635360236813F0080F7ED0A3696B
:1062F000002B62D04FF0B043D3F89430E16903F043
:106300001002914211D003F00302022A00F0B8817A
:1063100013F0010F38D14FF0B042D2F8943023F08F
:106320001003E1690B43C2F894304FF0B042D2F849
:10633000943043F00103C2F89430FCF709FC0646A0
:106340004FF0B043D3F8943013F0020F4ED1FCF766
:10635000FFFB801B1128F3D9032094E14FF0B042DA
:10636000136823F480731360FCF7F2FB06464FF0CA
:10637000B0431B6813F4806FB5D0FCF7E9FB801BBA
:106380000228F4D903207EE14FF0B042D2F89430D5
:1063900023F00103C2F89430FCF7DAFB06464FF015
:1063A000B043D3F8943013F0020FB4D0FCF7D0FB15
:1063B000801B1128F3D9032065E14FF0B042D2F8D9
:1063C000943023F00103C2F89430FCF7C1FB064679
:1063D0004FF0B043D3F8943013F0020F06D0FCF71F
:1063E000B7FB801B1128F3D903204CE1236813F07D
:1063F000040F00F0B880224B1B6813F4807F10D18B
:10640000FFF786FCFCF7A4FB06461D4B1B6813F444
:10641000807F06D1FCF79CFB801B0228F5D9032066
:1064200031E1E368002B68D0852B01D0052B07D123
:106430004FF0B042D2F8903043F00403C2F89030ED
:10644000FCF786FB06464FF0B042D2F8903043F09E
:106450000103C2F890304FF0B043D3F8903013F0FE
:10646000020F0FD1FCF774FB801B41F28833984276
:10647000F1D9032007E100BF080100200C01002032
:1064800000040058E368812B01D0852B1AD1FCF75A
:106490005FFB06464FF0B042D2F8903043F08003E5
:1064A000C2F890304FF0B043D3F8903013F4006F3F
:1064B00059D1FCF74DFB801B41F288339842F1D94A
:1064C0000320E0E0FCF744FB06464FF0B042D2F870
:1064D000903023F08003C2F890304FF0B043D3F8EF
:1064E000903013F4006F3ED0FCF732FB801B41F27A
:1064F00088339842F1D90320C5E0FCF729FB064612
:106500004FF0B042D2F8903023F08003C2F89030C0
:106510004FF0B043D3F8903013F4006F08D0FCF77D
:1065200017FB801B41F288339842F1D90320AAE07F
:10653000FCF70EFB06464FF0B042D2F8903023F045
:106540000103C2F890304FF0B043D3F8903013F00D
:10655000020F08D0FCF7FCFA801B41F28833984206
:10656000F1D903208FE0E36A002B00F08B800C2D23
:1065700060D0022B16D04FF0B042136823F0807326
:106580001360FCF7E5FA04464FF0B0431B6813F0C4
:10659000007F48D14FF0B042D168414B0B40D360EF
:1065A000002070E04FF0B042136823F08073136056
:1065B000FCF7CEFA05464FF0B0431B6813F0007F9E
:1065C0002AD14FF0B042D36836491940236B606B33
:1065D0000343A06B43EA0023E06B0343206C0343B7
:1065E000606C03431943D160136843F080731360F8
:1065F000D36843F08053D360FCF7AAFA04464FF007
:10660000B0431B6813F0007F3ED1FCF7A1FA001BDA
:106610000A28F4D9032036E0FCF79AFA401B0A282E
:10662000C9D903202FE0FCF793FA001B0A28ABD945
:10663000032028E0012B29D04FF0B043DB6803F0A2
:106640000301226B914223D103F07002616B8A42F5
:1066500020D103F4FE42A16BB2EB012F1CD103F059
:106660006043626C934219D100200CE00120704716
:10667000012008E0012006E0012004E0012002E002
:10668000012000E00020F8BD0020FCE70120FAE72F
:106690000120F8E70120F6E70120F4E70120F2E706
:1066A000FCFFFEEE8C80C111002800F0048170B563
:1066B0000C460546824B1B6803F007038B4227D329
:1066C0002B6813F0020F39D12B6813F0400F4DD116
:1066D0002B6813F0040F65D12B6813F0080F79D1E4
:1066E0002B6813F0010F00F0C1806B68022B00F0E3
:1066F0008B80032B00F09080002B40F095804FF0B2
:10670000B042126812F0020F40F094800120D1E0F4
:106710006B4A136823F007030B431360FCF718FA66
:106720000646674B1B6803F00703A342C8D0FCF77B
:106730000FFA801B0228F4D90320BBE0AB684FF0AE
:10674000B0418A6822F0F00213438B60FCF700FA34
:1067500006464FF0B0439B6813F4803FB4D1FCF77A
:10676000F7F9801B0228F4D90320A3E069694FF0F0
:10677000B042D2F8083123F00F0343EA1113C2F8F4
:106780000831FCF7E5F906464FF0B043D3F808317D
:1067900013F4803F9CD1FCF7DBF9801B0228F3D96E
:1067A000032087E0EB684FF0B0418A6822F4E06292
:1067B00013438B60FCF7CCF906464FF0B0439B685F
:1067C00013F4003F88D1FCF7C3F9801B0228F4D9E9
:1067D00003206FE029694FF0B042936823F46053BF
:1067E00043EAC1039360FCF7B3F906464FF0B043A8
:1067F0009B6813F4802F7FF473AFFCF7A9F9801B1B
:106800000228F3D9032055E04FF0B042126812F489
:10681000003F0FD101204DE04FF0B042126812F05E
:10682000007F07D1012045E04FF0B042126812F41A
:10683000806F42D04FF0B0418A6822F003021343C8
:106840008B60FCF785F906464FF0B0439B6803F078
:106850000C036A68B3EB820F08D0FCF779F9801B50
:1068600041F288339842EFD9032023E0144B1B6890
:1068700003F00703A34215D9114A136823F0070355
:1068800023431360FCF764F905460D4B1B6803F0C6
:106890000703A34206D0FCF75BF9401B0228F4D99A
:1068A000032007E0FFF7BEFB064B1860064B186895
:1068B000FCF74CF970BD012070470120FAE700BFDA
:1068C00000400058080100200C01002008B5FFF727
:1068D000A9FB4FF0B0439B68C3F30223024A52F86E
:1068E0002330D84008BD00BF5CAE010808B5FFF7F3
:1068F00099FB4FF0B0439B68C3F3C223024A52F89E
:106900002330D84008BD00BF5CAE01084FF0B04155
:10691000D1F88830020902F47F2223EA0203000141
:1069200000F47F200343C1F88830704770B50446F7
:10693000036813F4803F40F0AA800025236813F019
:10694000010F0AD062684FF0B041D1F8883023EAD5
:10695000124392B21343C1F88830236813F0020F38
:106960000AD0A2684FF0B041D1F8883023EA124330
:1069700092B21343C1F88830236813F0200F09D076
:1069800023694FF0B041D1F8882022F440621343CC
:10699000C1F88830236813F4007F0CD0216A4FF0CF
:1069A000B042D2F88830080C000423EA000343EA1E
:1069B0000143C2F88830236813F4806F0CD0616AF9
:1069C0004FF0B042D2F88830080C000423EA0003EC
:1069D00043EA0143C2F88830236813F4006F0CD0F7
:1069E000A16A4FF0B042D2F88830080C000423EAC4
:1069F000000343EA0143C2F88830236813F0400FD4
:106A000040F09B80236813F0800F40F09A80236849
:106A100013F4807F40F09980236813F0100F0ED09C
:106A2000E3684FF0B041D1F8882022F4407213435C
:106A3000C1F88830E368B3F5807F00F08A8023686E
:106A400013F4004F0FD0236B4FF0B041D1F88820E2
:106A500022F040421343C1F88830236B1BB9CB6846
:106A600043F08073CB60236813F4804F0DD0E36A4A
:106A70004FF0B041D1F8882022F040521343C1F8C2
:106A80008830E36AB3F1005F68D0284670BDFFF735
:106A90003FF9FCF75DF80546334B1B6813F4807F24
:106AA00006D1FCF755F8401B0228F5D9032500E074
:106AB0000025002D7FF442AF4FF0B043D3F8903063
:106AC00003F44073626B9A4216D04FF0B043D3F890
:106AD000901021F44070D3F8902042F48032C3F833
:106AE0009020D3F8902022F48032C3F89020C3F88D
:106AF000900011F0020F0DD1002D7FF41FAF636BDA
:106B00004FF0B041D1F8902022F440721343C1F805
:106B1000903013E7FCF71CF806464FF0B043D3F86B
:106B2000903013F0020FE7D1FCF712F8831B41F20B
:106B300088329342F1D90325DEE76069FFF7E6FE6C
:106B400060E7A069FFF7E2FE61E7E069FFF7DEFEBC
:106B500062E7CB6843F08073CB6070E7CB6843F4A7
:106B60008033CB6091E700BF00040058034690F8E3
:106B70002C20012A35D0012280F82C20022280F816
:106B80002D20194ACA20506253205062B1F5807FEF
:106B900018D0154A916921F408519161D16C21F006
:106BA0000041D164196B21F0020119630221D16502
:106BB0000D4AFF215162012283F82D20002083F825
:106BC0002C007047916921F488519161516C21F03A
:106BD00000415164196B21F0010119630121D16554
:106BE000E6E70220704700BF0028004038B50446A1
:106BF0000D4B5D6D036B1D4015F0010F06D115F0B7
:106C0000020F09D1012384F82D3038BD064B012233
:106C1000DA65FCF705FBF2E7034B0222DA65204652
:106C200000F0F8F9EEE700BF0028004010B50B4A6D
:106C3000D36823F02003D360FBF78AFF0446074B99
:106C4000DB6813F0200F07D1FBF782FF001BB0F5C4
:106C50007A7FF4D9032000E0002010BD0028004016
:106C600070B5114BDB6813F0400F02D000242046B2
:106C700070BD06460C4AD36843F08003D360FBF72F
:106C800067FF05460024084BDB6813F0400FEED188
:106C9000032CECD0FBF75CFF431BB3F57A7FF2D9F2
:106CA000032486F82D40EEE70028004010B5044686
:106CB000104BDA6822F08002DA609B6913F0200F33
:106CC00006D1FFF7B3FF98B1032084F82D000FE041
:106CD000084A936923F020039361FFF7A7FF10B1DF
:106CE000032084F82D00034A936943F02003936145
:106CF00010BD00BF0028004000285ED038B5044613
:106D000090F82D3083B1022384F82D302C4BDB68B2
:106D100013F0100F4CD12A4BDB6803F44073B3F52A
:106D2000807F06D1002044E080F82C30FBF760FD26
:106D3000E9E7234BCA225A6253225A622046FFF7E0
:106D40008FFF18B11E4BFF225A6235E01C4B9A6927
:106D500022F08E6222F040029A619969626820698D
:106D60000243A06902430A439A61E268A16842EAC9
:106D700001421A61DA6822F4F852616AA06A01439A
:106D80000A43DA602046FFF791FF18B10C4BFF224F
:106D90005A6211E00A498B6923F06043226AE5696F
:106DA0002A4365692A4313438B61FF234B6200E04A
:106DB0000020012384F82D3038BD0120704700BF2A
:106DC00000280040002302E001330A38C0B209283D
:106DD000FAD81B01DBB218437047000090F82C3042
:106DE000012B00F0B0802DE9F04105460C4601234F
:106DF00080F82C30022380F82D30544BDE6806F4E6
:106E00004076B6F5807F43D012BB9B6913F0400FEC
:106E100001D10023CB70D4F814802078FFF7D2FF83
:106E200007046078FFF7CEFF47EA0027A078FFF756
:106E3000C9FF0743E37847EA835794F82400FFF734
:106E4000C1FF47EA0060236A184348EA000020E0D7
:106E50004869B0F1803F09D0B0F5000F06D03B4B38
:106E60009B6913F0400F01D10023CB702278637827
:106E70001B0243EA0243A2781343E27843EA8253B7
:106E800094F8242043EA0263226A1343184300E083
:106E900000202E4BCA225A6253225A62A36AB3F5CB
:106EA000807F2AD0294B9A6922F408529A610222E3
:106EB000DA65B6F5807F40D0244B9864A269DA6425
:106EC0006268224B5A672A6B42F002022A639A696F
:106ED00042F408529A611E4AD2F8803043F40033DB
:106EE000C2F88030194BFF225A62012385F82D30F9
:106EF000002085F82C00BDE8F081144B9A6922F43B
:106F000088529A610122DA65B6F5807F0FD00F4B67
:106F10001864A2695A6462680C4B1A672A6B42F0C3
:106F200001022A639A6942F488529A61D3E7A369FD
:106F3000E2691343054A5364EDE7A369E269134329
:106F4000024AD364BCE70220704700BF002800401B
:106F50000008005890F82C30012B17D0012180F840
:106F60002C10022380F82D30094BCA225A6253227A
:106F70005A629A6942F020029A61FF225A6280F8AE
:106F80002D10002380F82C301846704702207047DF
:106F90000028004090F82C30012B20D010B40121A3
:106FA00080F82C10022380F82D300E4BCA225A6232
:106FB00053225A629A6942F080029A610A4CD4F8CC
:106FC000802042F48022C4F88020FF225A6280F898
:106FD0002D10002380F82C30184610BC704702207A
:106FE000704700BF002800400008005810B5044654
:106FF000074B5B6D13F0400F03D1012384F82D3054
:1070000010BD034B4022DA65FCF70EF9F5E700BF2F
:10701000002800407047890001F1804101F53141AD
:107020000A607047890001F1804101F5314108682B
:1070300070470000074B1A6822F040021A6040F4C3
:10704000417018604FF4B8525A601A6842F040021A
:107050001A6070470000015830B583B000285DD039
:107060000446837903F0FF050BB1032D0BD10023F8
:1070700063712046FBF77AFC294AD2F8903043F43A
:107080008053C2F8903085B1264B4FF400629A616C
:1070900000252068FFF7CEFF012323710023A360A2
:1070A0000123A371284603B030BD0223A3714FF022
:1070B000B042D2F8943023F40043C2F894301A4B13
:1070C0001B68C3EBC303C3F34C43642202FB03F30B
:1070D000019314E00125A560124BD3F8902042F4EF
:1070E0000042C3F890209A6842F400629A604FF41C
:1070F00000629A61002DD3D1CBE7002BECD0019B2D
:10710000002BE7D0019B013B01934FF0B043D3F834
:10711000943013F48043F0D00123EEE70125C1E75A
:1071200000080058000400580801002082B0024600
:107130001A4B1B68C3EBC303C3F34C43642000FB2F
:1071400003F30193019B4BB1019B013B0193144B52
:107150009B6813F0020FF5D0002001E00120906041
:107160000F4B19730D4B1B68C3EBC303C3F34C43A5
:10717000642101FB03F30193019B43B1019B013B9C
:107180000193074B9B6813F0010FF5D001E001203C
:107190009060034BDB6802B0704700BF080100201D
:1071A0000000015882B002461C4B1B68C3EBC303AE
:1071B000C3F34C43642000FB03F30193019B4BB1E9
:1071C000019B013B0193164B9B6813F0020FF5D016
:1071D000002001E001209060114B4FF0FF0C83F87C
:1071E0000CC00E4B1B68C3EBC303C3F34C434FF0FF
:1071F000640C0CFB03F30193019B43B1019B013B26
:107200000193074B9B6813F0010FF5D001E00120BB
:107210009060034BDB680B7002B0704708010020E0
:107220000000015882B0134B1B6803EB4303C3F308
:107230004B43642202FB03F3019306E002238360C5
:10724000012002B07047134212D00B4B5B6913F060
:10725000040300D00123019A002AEFD0019A013AD9
:107260000192054A526912F00202ECD00122EAE7CB
:107270000020E6E7080100200004005800B583B0B4
:107280000379012B04D0FFF7CDFF03B05DF804FBB9
:107290000B4B5B8801930B4AD2F8903023F40043E8
:1072A000C2F89030019B013B0193019B002BF9D167
:1072B000044AD2F8903043F40043C2F89030E2E739
:1072C00008010020000400582DE9F04105468079AE
:1072D0005FFA80F8B8F1010F3ED10C4617461E4602
:1072E0006B79012B3BD001236B710223AB712846D4
:1072F000FFF7C4FF1B4AD2F8903023F40043C2F8D2
:1073000090300D212846FFF711FF210A2846FFF78C
:107310000DFFE1B22846FFF709FF002405E0395DC3
:107320002846FFF703FF0134A4B2B442F7D30D4A55
:10733000D2F8903043F40043C2F890302846FFF76B
:1073400071FFAB680BB94FF000080123AB7100234C
:107350006B714046BDE8F0814FF00208F9E74FF04D
:107360000208F6E7000400582DE9F041064680794E
:107370005FFA80F8B8F1010F41D10C4615461F465F
:107380007379012B3ED0012373713046FFF776FFEE
:107390001E4AD2F8903023F40043C2F890301D21E9
:1073A0003046FFF7C3FE210A3046FFF7BFFEE1B2C9
:1073B0003046FFF7BBFE00213046FFF7B7FE002442
:1073C00006E029463046FFF7EDFE01350134A4B250
:1073D000BC42F6D30D4AD2F8903043F40043C2F8D1
:1073E00090303046FFF71EFFB3680BB94FF000082E
:1073F0000123B371002373714046BDE8F0814FF063
:107400000208F9E74FF00208F6E700BF0004005851
:107410002DE9F843054680795FFA80F9B9F1010F4B
:1074200043D1884617461E466B79012B40D0012375
:107430006B712846FFF722FFB8F1840F05D0B8F131
:10744000940F02D000232B7101E001232B711A4A03
:10745000D2F8903023F40043C2F8903041462846D9
:10746000FFF764FE002405E0395D2846FFF75EFE65
:107470000134A4B2B442F7D30F4AD2F8903043F4A7
:107480000043C2F89030B8F1840F0AD1AB680BB951
:107490004FF000090123AB7100236B714846BDE832
:1074A000F8832846FFF7BEFEF0E74FF00209F5E744
:1074B0004FF00209F2E700BF000400582DE9F04147
:1074C000064680795FFA80F8B8F1010F39D10C4691
:1074D00015461F467379012B36D001237371304650
:1074E000FFF7CCFE1A4AD2F8903023F40043C2F8DA
:1074F000903021463046FFF719FE00213046FFF755
:1075000015FE002406E029463046FFF74BFE013504
:107510000134A4B2BC42F6D30D4AD2F8903043F401
:107520000043C2F890303046FFF77CFEB3680BB9D9
:107530004FF000080123B371002373714046BDE88A
:10754000F0814FF00208F9E74FF00208F6E700BFBC
:107550000004005870B582B005460023ADF8043031
:10756000022301AA1221FFF7A9FF9DF804309DF81C
:10757000054044EA032426B2022301AA19462846FC
:10758000FFF746FF16F0010F2DD114F0020F09D0BE
:1075900014F0400F03D0AB6843F00403AB602846FF
:1075A0000DF01EFE14F0040F21D114F0080F22D1AB
:1075B00014F0100F23D114F0200F24D114F0400F39
:1075C00025D114F0800F06D014F4807F23D0012140
:1075D00028460DF015FE14F4007F21D114F4804FDD
:1075E00022D102B070BD28460DF0F2FDCDE728464D
:1075F0000DF02AFED9E728460DF02EFED8E72846E2
:107600000DF032FED7E728460DF016FED6E72846E5
:107610000DF0EEFDD5E7002128460DF0F1FDDAE78B
:1076200028460DF0FFFDD9E728460DF025FED8E7E6
:107630002DE9F041054680795FFA80F8B8F1010F35
:1076400038D10C4617461E466B79012B35D00123E5
:107650006B712846FFF712FE194AD2F8903023F4D6
:107660000043C2F890300E212846FFF75FFD214607
:107670002846FFF75BFD002405E0395D2846FFF74B
:1076800055FD0134A4B2B442F7D30D4AD2F890307C
:1076900043F40043C2F890302846FFF7C3FDAB68BF
:1076A0000BB94FF000080123AB7100236B7140460A
:1076B000BDE8F0814FF00208F9E74FF00208F6E765
:1076C000000400582DE9F041064680795FFA80F801
:1076D000B8F1010F3DD10C4615461F467379012BB9
:1076E0003AD0012373713046FFF7C8FD1C4AD2F827
:1076F000903023F40043C2F890301E213046FFF74B
:1077000015FD21463046FFF711FD00213046FFF7F9
:107710000DFD002406E029463046FFF743FD013504
:107720000134A4B2BC42F6D30D4AD2F8903043F4EF
:107730000043C2F890303046FFF774FDB3680BB9D0
:107740004FF000080123B371002373714046BDE878
:10775000F0814FF00208F9E74FF00208F6E700BFAA
:107760000004005830B4056A046A24F0100404626E
:107770000D4CA04213D0846924F4407C4CEA0222D0
:1077800022F470421B039BB2134325F0A0020901AF
:1077900001F0A00111438361016230BC7047046AAB
:1077A00024F040040462E6E7002C014030B4056A8E
:1077B000046A24F4807404620D4CA04213D0C4699E
:1077C00024F0030C4CEA020222F0F0021B01DBB2AF
:1077D000134325F42062090201F420611143C361BF
:1077E000016230BC7047046A24F480640462E6E7F6
:1077F000002C014030B4056A046A24F48054046209
:10780000C46924F4407C4CEA022C2CF4704C1B0319
:107810009BB243EA0C0325F42045090301F42041FF
:107820002943C361016230BC704710B5044602238E
:1078300080F83D300268136A03F0113323F0885357
:1078400043B9116A40F24443194203D1136823F04B
:10785000010313602046FBF76BFB002084F848000F
:1078600084F83E0084F83F0084F8400084F841002A
:1078700084F8420084F8430084F8440084F845000A
:1078800084F8460084F8470084F83D0084F83C0002
:1078900010BD7047704710B50446022380F83D3094
:1078A0000268136A03F0113323F0885343B9116A55
:1078B00040F24443194203D1136823F001031360DB
:1078C0002046FFF7E7FF002084F8480084F83E00D8
:1078D00084F83F0084F8400084F8410084F84200B6
:1078E00084F8430084F8440084F8450084F8460096
:1078F00084F8470084F83D0084F83C0010BD7047D0
:10790000704710B5846A636A83420ED0A36A8342CB
:1079100016D0E36A83421ED0236B834226D02046D2
:1079200002F044FF0023237710BD01232377C369AE
:10793000002BF4D1012384F83E3084F84430EEE784
:1079400002232377C369002BE9D1012384F83F3058
:1079500084F84530E3E704232377C369002BDED1A5
:10796000012384F8403084F84630D8E70823237791
:10797000C369002BD3D1012384F8413084F8473008
:10798000CDE7704710B5846A636A83420BD0A36A5F
:10799000834210D0E36A834210D0236B834204D128
:1079A0000823237701E0012323772046FFF7E9FF2F
:1079B0000023237710BD02232377F6E704232377E0
:1079C000F3E77047704770B504460368DE681D69C9
:1079D00015F0020F10D016F0020F0DD06FF002025A
:1079E0001A610123037703689B6913F0030F64D0C6
:1079F00002F0DCFE0023237715F0040F12D016F0FE
:107A0000040F0FD023686FF004021A61022323775A
:107A100023689B6913F4407F55D0204602F0C6FED0
:107A20000023237715F0080F12D016F0080F0FD09F
:107A300023686FF008021A61042323772368DB6947
:107A400013F0030F46D0204602F0B0FE0023237748
:107A500015F0100F12D016F0100F0FD023686FF032
:107A600010021A61082323772368DB6913F4407F2F
:107A700037D0204602F09AFE0023237715F0010F3D
:107A800002D016F0010F33D115F4025F02D016F0C8
:107A9000800F35D115F4807F02D016F0800F37D1DA
:107AA00015F0400F02D016F0400F39D115F0200F1D
:107AB00002D016F0200F3BD170BDFFF721FF20460A
:107AC000FFF77FFF96E72046FFF71AFF2046FFF7F4
:107AD00078FFA5E72046FFF713FF2046FFF771FF69
:107AE000B4E72046FFF70CFF2046FFF76AFFC3E725
:107AF00023686FF001021A612046FFF700FFC3E719
:107B000023686FF402521A61204600F045FBC1E77A
:107B100023686FF480721A61204600F03EFBBFE7D5
:107B200023686FF040021A612046FFF74BFFBDE764
:107B300023686FF020021A61204600F02CFBBBE79F
:107B4000704710B5846A636A83420CD0A36A83428B
:107B500013D0E36A834216D0236B834219D00123EA
:107B600084F83D3003E00123237784F83E3020463B
:107B7000FFF7E6FF0023237710BD022323770123BD
:107B800084F83F30F3E704232377012384F840305F
:107B9000EDE708232377012384F84130E7E700006D
:107BA00003681C4A904202D0B0F1804F03D123F009
:107BB00070034A681343174A90420AD0B0F1804FCD
:107BC00007D002F5C052904203D002F58062904285
:107BD00003D123F44073CA68134323F080034A6936
:107BE00013438A68C2620A6882620A4A904207D0D6
:107BF00002F5C052904203D002F58062904201D15A
:107C00000A690263026842F00402026001224261D2
:107C100003607047002C014060B310B5044690F833
:107C20003D3013B3022384F83D30214651F8040B54
:107C3000FFF7B6FF012384F8483084F83E3084F81B
:107C40003F3084F8403084F8413084F8423084F882
:107C5000433084F8443084F8453084F8463084F862
:107C6000473084F83D30002010BD80F83C30FBF7F1
:107C7000C3F8D7E70120704760B310B5044690F809
:107C80003D3013B3022384F83D30214651F8040BF4
:107C9000FFF786FF012384F8483084F83E3084F8EB
:107CA0003F3084F8403084F8413084F8423084F822
:107CB000433084F8443084F8453084F8463084F802
:107CC000473084F83D30002010BD80F83C30FFF78D
:107CD000E0FDD7E70120704770B4056A046A24F01C
:107CE00001040462144CA04207D004F5E054A04201
:107CF00003D0A4F58064A04203D1046A24F00404F4
:107D0000046284690C4EB04205D0B0F1804F02D0BD
:107D100044F0010202E024F00304224322F0F002C6
:107D20001B01DBB2134325F00A0201F00A011143E3
:107D30008361016270BC7047002C014038B590F837
:107D40003C30012B5ED004460D46012380F83C30C8
:107D50000C2A52D8DFE802F0075151511951515104
:107D60002C5151513E00CB684A6809680068FFF702
:107D7000B3FF2268936923F00C039361226893692F
:107D8000A9680B439361002038E0CB684A68096812
:107D90000068FFF7E7FC2268936923F4406393616E
:107DA00022689369A96843EA01239361002025E0D2
:107DB000CB684A6809680068FFF7F8FC2268D36955
:107DC00023F00C03D3612268D369A9680B43D36104
:107DD000002013E0CB684A6809680068FFF70AFDD5
:107DE0002268D36923F44063D3612268D369A96808
:107DF00043EA0123D361002000E00120002384F83E
:107E00003C3038BD0220FCE701F01F014FF0010CAF
:107E10000CFA01FC036A23EA0C030362036A8A403A
:107E200013430362704700002DE9F04105460C46FC
:107E300016461F4610294AD8DFE801F0094949498A
:107E4000114949493D49494941494949450090F845
:107E50003E00C0B295F844805FFA88F80AE090F8D6
:107E60003F00C0B2042C36D0082C39D095F847809A
:107E70005FFA88F8022800F0F080B8F1020F00F0F5
:107E8000E980012840F0E880B8F1010F40F0E5807A
:107E9000002E00F0E480002F00F0E380102C50D87A
:107EA000DFE804F0234F4F4F294F4F4F434F4F4FC1
:107EB000474F4F4F4B0090F84000C0B2D2E790F8C8
:107EC0004110C8B2CEE790F84210C8B2CAE790F8A5
:107ED0004310C8B2C6E795F845805FFA88F8C9E74D
:107EE00095F846805FFA88F8C4E7022385F83E30AB
:107EF00085F8443009E0022385F83F30042C24D073
:107F0000082C26D0022385F8473001222146286814
:107F1000FFF77AFF0C2C38D8DFE804F01F3737372B
:107F2000443737375D3737377600022385F84030DE
:107F3000E4E7022385F84130E0E7022385F8423088
:107F4000DCE7022385F84330D8E7022385F8453083
:107F5000DBE7022385F84630D7E76B6A484ADA62E6
:107F60006B6A484A1A636B6A474A5A6329683B46F8
:107F700032463431686AFCF787FE002873D12A68DC
:107F8000D36843F40073D36080462B683F4A934222
:107F900052D0B3F1804F4FD01A6842F001021A60FC
:107FA00040465AE0AB6A364ADA62AB6A354A1A632F
:107FB000AB6A354A5A6329683B4632463831A86A6B
:107FC000FCF762FE002850D12A68D36843F480632E
:107FD000D3608046D9E7EB6A294ADA62EB6A294A1C
:107FE0001A63EB6A284A5A6329683B4632463C3199
:107FF000E86AFCF749FE002839D12A68D36843F4BF
:108000000063D3608046C0E72B6B1D4ADA622B6B9E
:108010001C4A1A632B6B1C4A5A6329683B4632463A
:108020004031286BFCF730FE18BB2A68D36843F454
:108030008053D3608046A8E79968154A0A40062A0B
:1080400019D0B2F5803F18D01A6842F001021A60C8
:10805000404602E0404600E00120BDE8F081404695
:10806000FBE74046F9E74046F7E74046F5E740467C
:10807000F3E74046F1E74046EFE74046EDE700BF53
:108080000379000885790008437B0008002C014033
:108090000700010038B504460D4600220068FFF7CE
:1080A000B3FE0C2D75D8DFE805F0077474742C74DA
:1080B0007474357474743E002268D36823F40073BA
:1080C000D360606AFCF766FE2268136A03F011331E
:1080D00023F0885343B9116A40F24443194203D153
:1080E000136823F001031360102D44D8DFE805F076
:1080F000244343432B434343374343433B4343439B
:108100003F002268D36823F48063D360A06AFCF741
:1081100041FED9E72268D36823F40063D360E06AA4
:10812000FCF738FED0E72268D36823F48053D3608D
:10813000206BFCF72FFEC7E7012384F83E3084F85C
:108140004430002026E0012384F83F30042D16D06F
:10815000082D19D0012384F8473000201AE00123AC
:1081600084F84030F2E7012384F84130EEE7012340
:1081700084F84230EAE7012384F84330E6E701233C
:1081800084F84530002005E0012384F846300020C3
:1081900000E0012038BD704770477047026852E820
:1081A000003F23F0C00342E800310029F6D1026805
:1081B00002F1080353E8003F23F40003083242E8C9
:1081C00000310029F3D12023C0F8883070470268BD
:1081D00052E8003F23F4907342E800310029F6D1C1
:1081E000026802F1080353E8003F23F0805323F0B4
:1081F0000103083242E800310029F1D1C36E012B9E
:1082000006D02023C0F88C300023C3664367704734
:10821000026852E8003F23F0100342E800310029D1
:10822000F6D1EEE71346D0F88820202A3DD110B5CC
:10823000044600293BD0002B3BD00165A0F8543008
:10824000A0F856300022C0F890202122C0F88820E3
:10825000C26FCAB11849D162C26F18491163C26FA7
:1082600017495163C26F0021916302682832016D82
:10827000C06FFCF709FD38B11023C4F890302023FB
:10828000C4F8883001200FE0236840221A62226877
:1082900002F1080353E8003F43F08003083242E84C
:1082A00000310029F3D1002010BD022070470120C9
:1082B000FAE70120F8E700BFC58200082D83000817
:1082C0003983000808B50346806A1B681B6813F0F1
:1082D000200F15D1026802F1080353E8003F23F094
:1082E0008003083242E800310029F3D1026852E8E5
:1082F000003F43F0400342E800310029F6D108BDB9
:10830000FBF7CCF8FBE708B5026852E8003F23F022
:10831000400342E800310029F6D12023C0F888301C
:1083200000238367FBF7BAF808BD704708B5806A79
:10833000FFF7FBFF08BD704738B5846AD4F8882082
:10834000D4F88C5023689B6813F0800F01D0212A49
:1083500010D023689B6813F0400F01D0222D0DD060
:10836000D4F8903043F01003C4F890302046FFF763
:10837000E2FF38BD2046FFF711FFEAE72046FFF78E
:1083800026FFEDE708B5806AFFF7D5FF08BD704707
:1083900010B50446226852E8003F23F4907342E887
:1083A00000310029F6D1226802F1080353E8003FAA
:1083B00023F0805323F00103083242E80031002902
:1083C000F1D1E36E012B1FD023689A6812F0400FA1
:1083D00036D0226802F1080353E8003F23F040033F
:1083E000083242E800310029F3D1D4F88030ABB133
:1083F0001A4A9A63D4F88000FCF7CCFC58B3D4F83E
:108400008000836B984726E0226852E8003F23F003
:10841000100342E800310029F6D1D5E70022A26519
:1084200023680F21196221688B6943F008038B616F
:108430002023C4F88C30E2662046FFF7A8FF0AE04C
:108440000022A2650F2119622023C4F88C30E26655
:108450002046FFF79CFF002010BD00BF618400088C
:1084600008B5806A03680F221A620268936943F0B4
:10847000080393612023C0F88C300023C366FFF704
:1084800086FF08BD7047000070B504460268D369D6
:108490001068916840F60F0C13EA0C0F0DD113F021
:1084A000200F10D010F0200F02D111F0805F0AD001
:1084B000636F93B3204698472FE09D4D0D402DD11B
:1084C0009C4E30422AD1E56E012D00F0C08013F49D
:1084D000801F03D011F4800F40F06C8113F0800FE7
:1084E00007D010F0800F40F06C8111F4000F40F0C5
:1084F000688113F0400F03D010F0400F40F0688106
:1085000013F4000F03D010F0804F40F0658113F09A
:10851000807F02D00028C0F2638170BD13F0010F8C
:1085200009D010F4807F06D001261662D4F890207E
:108530003243C4F8902013F0020F0BD011F0010F5A
:1085400008D0226802261662D4F8902042F0040275
:10855000C4F8902013F0040F0BD011F0010F08D0D5
:10856000226804261662D4F8902042F00202C4F871
:10857000902013F0080F0BD010F0200F00D13DB168
:10858000226808251562D4F890202A43C4F8902068
:1085900013F4006F0CD010F0806F09D022684FF4F4
:1085A00000651562D4F8902042F02002C4F89020B3
:1085B000D4F89020002AB0D013F0200F09D010F08A
:1085C000200F02D111F0805F03D0636F0BB1204602
:1085D0009847D4F8902023689B6813F0400F02D18D
:1085E00012F0280F2CD02046FFF7F1FD23689B687E
:1085F00013F0400F20D0226802F1080353E8003F37
:1086000023F04003083242E800310029F3D1D4F8C6
:1086100080306BB1484A9A63D4F88000FCF7BAFB0B
:1086200000283FF47AAFD4F88000836B984774E752
:108630002046FFF780FE70E72046FFF77CFE6CE7E0
:108640002046FFF778FE0023C4F8903065E713F06A
:10865000100F3FF43CAF10F0100F3FF438AF102371
:10866000136223689B6813F0400F67D0D4F8801022
:108670000A6853689BB2002B4AD0B4F85C00984259
:1086800046D9A4F85E300B681B6813F0200F32D176
:10869000226852E8003F23F4807342E80031002949
:1086A000F6D1226802F1080353E8003F23F00103EA
:1086B000083242E800310029F3D1226802F10803B0
:1086C00053E8003F23F04003083242E8003100291C
:1086D000F3D12023C4F88C300023E366226852E8EB
:1086E000003F23F0100342E800310029F6D1D4F80E
:1086F0008000FCF715FB02232367B4F85C10B4F884
:108700005E309BB2C91A89B22046FFF7BBFE04E770
:10871000B4F85C1099427FF400AF136813F0200F97
:108720003FF4FBAE022323672046FFF7ABFEF4E6DF
:10873000010000102001000485830008B4F85C10DB
:10874000B4F85E309BB2C91A89B2B4F85E309BB2FD
:10875000002B3FF4E2AE00293FF4DFAE226852E87E
:10876000003F23F4907342E800300028F6D12268DD
:1087700002F1080353E8003F23F0805323F0010384
:10878000083242E800300028F1D12023C4F88C30B0
:108790000023E3666367226852E8003F23F010037A
:1087A00042E800300028F6D1022323672046FFF775
:1087B00069FEB2E64FF480131362204600F070FFAA
:1087C000ABE6A36F002B3FF4A8AE20469847A4E683
:1087D0002046FFF798FDA0E6204600F063FF9CE6E8
:1087E000204600F05EFF98E608B5B0F86030D0F89B
:1087F0008C20222A05D00268936943F00803936114
:1088000008BD0268516ADBB2826D0B401370836D44
:1088100001338365B0F85E309BB2013B9BB2A0F898
:108820005E30B0F85E309BB2002BE9D1026852E8AE
:10883000003F23F4907342E800310029F6D102682A
:1088400002F1080353E8003F23F00103083242E835
:1088500000310029F3D12023C0F88C300023436776
:1088600003670368164A93420CD05B6813F4000F49
:1088700008D0026852E8003F23F0806342E80031EC
:108880000029F6D1C36E012B16D10023C3660268FE
:1088900052E8003F23F0100342E800310029F6D1EE
:1088A0000368DA6912F0100F01D010221A62B0F8D2
:1088B0005C10FFF7E7FDA3E7FAF700FEA0E700BFB3
:1088C0000080004008B5B0F86020D0F88C30222B32
:1088D00005D00268936943F00803936108BD0368FB
:1088E0005B6A816D13400B80836D02338365B0F842
:1088F0005E309BB2013B9BB2A0F85E30B0F85E30B8
:108900009BB2002BEAD1026852E8003F23F4907337
:1089100042E800310029F6D1026802F1080353E869
:10892000003F23F00103083242E800310029F3D16F
:108930002023C0F88C300023436703670368164A7E
:1089400093420CD05B6813F4000F08D0026852E821
:10895000003F23F0806342E800310029F6D1C36E66
:10896000012B16D10023C366026852E8003F23F0B2
:10897000100342E800310029F6D10368DA6912F0E9
:10898000100F01D010221A62B0F85C10FFF77AFDC8
:10899000A4E7FAF793FDA1E7008000402DE9F84332
:1089A000B0F860500368D3F81C90D3F800809F683B
:1089B000D0F88C20222A05D09A6942F008029A61E8
:1089C000BDE8F8830446B0F8686008E0D4F8903059
:1089D000002B4DD1B4F85E309BB2002B4FD0002E4F
:1089E00000F0958019F0200F00F091802368596AFB
:1089F000EBB2A26D0B401370A36D0133A365B4F805
:108A00005E309BB2013B9BB2A4F85E302368D3F882
:108A10001C9019F0070FDDD019F0010F09D018F4E0
:108A2000807F06D001221A62D4F890301343C4F834
:108A3000903019F0020F0BD017F0010F08D0236807
:108A400002221A62D4F8903043F00403C4F8903044
:108A500019F0040FBAD017F0010FB7D02368042221
:108A60001A62D4F8903043F00203C4F89030ADE7B6
:108A70002046FFF760FC0023C4F89030AAE7226884
:108A800052E8003F23F4807342E800310029F6D118
:108A9000226802F1080353E8003F23F0805323F0DB
:108AA0000103083242E800310029F1D12023C4F843
:108AB0008C300023636723672368284A93420CD0D5
:108AC0005B6813F4000F08D0226852E8003F23F0DF
:108AD000806342E800310029F6D1E36E012B39D1E1
:108AE0000023E366226852E8003F23F0100342E8C7
:108AF00000310029F6D12368DA6912F0100F01D095
:108B000010221A62B4F85C102046FFF7BBFCB4F8E0
:108B10005E309BB2002B3FF453AFB4F868209A420A
:108B20007FF64EAF226802F1080353E8003F23F0BE
:108B30008053083242E800310029F3D1084B6367C3
:108B4000226852E8003F43F0200342E80031002948
:108B5000F6D135E72046FAF7B1FCD8E700800040AF
:108B6000E98700082DE9F843B0F860500368D3F8AE
:108B70001C90D3F800809F68D0F88C20222A05D062
:108B80009A6942F008029A61BDE8F8830446B0F899
:108B9000686008E0D4F89030002B4CD1B4F85E3017
:108BA0009BB2002B4ED0002E00F0948019F0200FC5
:108BB00000F0908023685B6AA26D2B401380A36D48
:108BC0000233A365B4F85E309BB2013B9BB2A4F8BC
:108BD0005E302368D3F81C9019F0070FDED019F02F
:108BE000010F09D018F4807F06D001221A62D4F850
:108BF00090301343C4F8903019F0020F0BD017F0E7
:108C0000010F08D0236802221A62D4F8903043F092
:108C10000403C4F8903019F0040FBBD017F0010F13
:108C2000B8D0236804221A62D4F8903043F00203CB
:108C3000C4F89030AEE72046FFF77DFB0023C4F870
:108C40009030ABE7226852E8003F23F4807342E89B
:108C500000310029F6D1226802F1080353E8003FF1
:108C600023F0805323F00103083242E80031002949
:108C7000F1D12023C4F88C30002363672367236875
:108C8000284A93420CD05B6813F4000F08D0226886
:108C900052E8003F23F0806342E800310029F6D11A
:108CA000E36E012B39D10023E366226852E8003FCE
:108CB00023F0100342E800310029F6D12368DA6975
:108CC00012F0100F01D010221A62B4F85C10204686
:108CD000FFF7D8FBB4F85E309BB2002B3FF454AFE3
:108CE000B4F868209A427FF64FAF226802F1080379
:108CF00053E8003F23F08053083242E80031002956
:108D0000F3D1094B6367226852E8003F43F0200328
:108D100042E800310029F6D136E72046FAF7CEFBCB
:108D2000D8E700BF00800040C588000870B5044641
:108D300083680269134342691343C269134301689C
:108D400008689D4A02401A430A602268536823F467
:108D50004053E1680B435360A1692268974B9A42E4
:108D600001D0236A1943936823F06E4323F43063E0
:108D70000B4393602268D36A23F00F03616A0B43AD
:108D8000D36223688E4A93421CD08E4A934231D0DC
:108D90008A4A93424BD0102288498B4268D0E069BE
:108DA000B0F5004F00F0A580082A00F21F81DFE82F
:108DB00012F0D300F500D1001D01F8001D011D01C6
:108DC0001D01FB004FF0B042D2F8882002F00302F0
:108DD00042F44032A2F54032032A09D8DFE802F01B
:108DE00002043C060122D7E70422D5E70822D3E794
:108DF0001022D1E74FF0B042D2F8882002F00C02E6
:108E000042F44022A2F540220C2A0ED8DFE802F0FC
:108E1000070D0D0D090D0D0D260D0D0D0B0000227A
:108E2000BAE70422B8E70822B6E71022B4E74FF009
:108E3000B042D2F8882002F44062B2F5006F0FD041
:108E400005D87AB1B2F5806F0ED10422A4E7B2F54D
:108E5000406F0BD108229FE702229DE702229BE789
:108E6000022299E7002297E7102295E7102293E764
:108E7000082A00F29C80DFE802F0089A3A9A379AB2
:108E80009A9A05004FF4004004E0FDF71FFD00280A
:108E900000F08F80626A4C4B33F81220B0FBF2F383
:108EA000656805EB4501994200F29480B3EB053FFC
:108EB00000F29280002633463146F8F7EDF90902B8
:108EC00041EA106100026B08C0182A46334641F19E
:108ED0000001F8F7E1F9A0F540723C4B9A427DD8C9
:108EE0002368D860304650E0FDF714F8CFE73848E3
:108EF000D0E7082A74D8DFE802F0072705732A7341
:108F000073730B00324803E0FDF7E0FC002869D0E2
:108F1000626A2D4B33F81230B0FBF3F062685308ED
:108F200003EB4003B3FBF2F3A3F110014FF6EF7232
:108F3000914259D89AB222F00F02C3F3420313436D
:108F40002268D360002020E0FDF7D0FCDEE7FCF7CC
:108F5000E1FFDBE71E4803E0FDF7B8FC002847D03F
:108F6000626A194B33F81230B0FBF3F0636800EB20
:108F70005300B0FBF3F0A0F110024FF6EF739A42EA
:108F800038D8236880B2D86000200123A4F86A3062
:108F9000A4F8683000236367A36770BDFDF7A6FCE3
:108FA000DCE7FCF7B7FFD9E74FF40040D8E7012032
:108FB000EBE70020E9E700BFF369FFCF0080004046
:108FC00000380140004400400CAF0108FFFC0F00D6
:108FD0000024F4000120D8E70120D6E70120D4E7DF
:108FE0000120D2E70020D0E70120CEE70120CCE726
:108FF0000020CAE70120C8E7836A13F0080F06D0F3
:109000000268536823F40043816B0B435360836A07
:1090100013F0010F06D00268536823F40033C16ACD
:109020000B435360836A13F0020F06D00268536843
:1090300023F48033016B0B435360836A13F0040FF6
:1090400006D00268536823F48023416B0B435360BE
:10905000836A13F0100F06D00268936823F48053DC
:10906000C16B0B439360836A13F0200F06D0026834
:10907000936823F40053016C0B439360836A13F0ED
:10908000400F0AD00268536823F48013416C0B43ED
:109090005360436CB3F5801F0BD0836A13F0800FCD
:1090A00006D00268536823F40023C16C0B4353605D
:1090B00070470268536823F4C003816C0B4353600C
:1090C000EBE72DE9F84305460E4617469946DDF8CD
:1090D00020802B68DC6936EA04040CBF01240024DC
:1090E000BC4236D1B8F1FF3FF3D0F9F731FDA0EB28
:1090F0000900404530D8B8F1000F2FD02B681A680E
:1091000012F0040FE5D0802EE3D0402EE1D0DA69D2
:1091100012F0080F11D1DA6912F4006FD9D04FF4B0
:1091200000621A622846FFF752F82023C5F89030F3
:10913000002385F8843003200CE008241C622846B4
:10914000FFF745F8C5F89040002385F884300120EA
:1091500000E00020BDE8F8830320FBE70320F9E7E7
:109160002DE9F04182B01E46D0F88830202B60D126
:1091700004460D46904600295FD00AB9012059E007
:109180000023C0F890302123C0F88830F9F7E0FCC4
:109190000746A4F85480A4F85680A368B3F5805F0E
:1091A00002D04FF000081CE0236973B34FF00008B1
:1091B00017E02023C4F8883003203BE038F8023B56
:1091C0002268C3F308039362D4F8883003F02103C4
:1091D000212B34D1B4F8562092B2013A92B2A4F8BD
:1091E0005620B4F856309BB293B100963B4600220D
:1091F00080212046FFF765FF0028DAD1002DDDD061
:1092000015F8012B23689A62DEE7A8460025E8E7F7
:1092100000963B46002240212046FFF752FF18B936
:109220002023C4F8883005E02023C4F888300320C8
:1092300000E0022002B0BDE8F0810120FAE7012041
:10924000F8E72DE9F04383B01E46D0F88C30202B90
:1092500040F0838004460D469046002900F081804E
:109260000AB901207AE00023C0F890302222C0F829
:109270008C20C366F9F76CFC0746A4F85C80A4F860
:109280005E80A368B3F5805F06D0A3B9226972B986
:10929000FF22A4F8602014E0226922B940F2FF12F4
:1092A000A4F860200DE0FF22A4F8602009E07F22EE
:1092B000A4F8602005E0B3F1805F0AD00022A4F892
:1092C0006020B4F86080B3F5805F0CD04FF00009E7
:1092D00027E022691AB97F22A4F86020F1E73F2233
:1092E000A4F86020EDE7236913B14FF0000918E0FE
:1092F000A946002515E02023C4F88C3003202DE07A
:1093000023685B6A08EA030329F8023BD4F88C302F
:10931000222B28D1B4F85E2092B2013A92B2A4F87E
:109320005E20B4F85E309BB293B100963B460022BB
:1093300020212046FFF7C5FE0028DCD1002DDFD01C
:1093400023685A6A5FFA88F3134005F8013BDDE7AA
:109350002023C4F88C30002000E0022003B0BDE8D8
:10936000F0830120FAE70120F8E730B583B0044626
:109370000023C0F89030F9F7EBFB0546226812682D
:1093800012F0080F10D123681B6813F0040F28D1C6
:109390002023C4F88830C4F88C300020E0662067B1
:1093A00084F8840003B030BD6FF07E430093034621
:1093B00000224FF400112046FFF783FE0028E2D080
:1093C000226852E8003F23F0800342E80031002980
:1093D000F6D12023C4F88830002384F88430032099
:1093E000E0E76FF07E4300932B4600224FF48001AC
:1093F0002046FFF766FE0028CAD0226852E8003FE8
:1094000023F4907342E800310029F6D1226802F17A
:10941000080353E8003F23F00103083242E800311B
:109420000029F3D12023C4F88C30002384F8843041
:109430000320B7E778B310B50446D0F888300BB3F3
:109440002423C4F888302268136823F001031360D2
:10945000A36AE3B92046FFF769FC012811D022680E
:10946000536823F4904353602268936823F02A03DF
:1094700093602268136843F0010313602046FFF7EE
:1094800074FF10BD80F88430F9F70CFFD8E7204650
:10949000FFF7B2FDDEE701207047000010B48165E0
:1094A000A0F85C20A0F85E20002343678368B3F532
:1094B000805F06D0A3B9036973B9FF23A0F86030B9
:1094C00014E0036923B940F2FF13A0F860300DE007
:1094D000FF23A0F8603009E07F23A0F8603005E0AA
:1094E000B3F1805F2DD00023A0F860300023C0F8D6
:1094F00090302223C0F88C30016801F1080353E852
:10950000003F43F00103083141E80034002CF3D15F
:10951000436EB3F1005F1ED08368B3F5805F42D025
:10952000294B43670369002B43D0026852E8003F90
:1095300043F4907342E800310029F6D1002010BCBA
:10954000704703691BB97F23A0F86030CEE73F2343
:10955000A0F86030CAE7B0F868309342DCD883687E
:10956000B3F5805F19D0194B4367036943B10268B3
:1095700052E8003F43F4807342E800310029F6D1FD
:10958000026802F1080353E8003F43F080530832B9
:1095900042E800310029F3D1D0E70369002BE2D182
:1095A0000B4B4367E1E70369002BB9D1094B4367D4
:1095B000B8E7026852E8003F43F0200342E8003178
:1095C0000029F6D1BAE700BFE98700089D890008A5
:1095D000658B0008C588000838B5D0F88C30202B82
:1095E00017D1C1B1CAB10023C36603680C4CA342B2
:1095F0000CD05B6813F4000F08D0046854E8003FF7
:1096000043F0806344E80035002DF6D1FFF746FFB4
:1096100000E0022038BD0120FCE70120FAE700BF8E
:109620000080004082B002AB03E906000268536884
:1096300023F01003BDF804100B4353600268536815
:1096400023F07F439DF8061043EA0163536002B0A4
:1096500070470000436E2BB90123A0F86A30A0F8D0
:109660006830704730B403689A68C2F34262996800
:10967000490F094D6B5CDB00084C615C93FBF1F317
:10968000A0F86A30AB5CDB00A25C93FBF2F3A0F8BD
:10969000683030BC704700BF2CAF010824AF010810
:1096A00070477047704710B584B004AB03E90600FB
:1096B00090F88430012B35D00446012380F88430A3
:1096C0002423C0F888300268136823F00103136074
:1096D00001688B6823F44013029A13438B60AAB18C
:1096E0002268136843F001031360F9F731FA034667
:1096F0006FF07E42009200224FF480012046FFF777
:10970000E0FC48B92023C4F8883006E004AB13E934
:109710000600FFF787FFE3E70320002384F8843087
:1097200004B010BD0220FBE790F88430012B10D06C
:10973000012380F88430026852E8003F43F00203BE
:1097400042E800310029F6D1002380F88430184621
:1097500070470220704790F88430012B1DD010B55F
:109760000446012380F884302423C0F8883002683E
:109770001368116821F00101116043F000534FF0AC
:109780000052426602681360FFF764FF2023C4F8AA
:109790008830002084F8840010BD0220704738B55E
:1097A00090F88430012B1DD00446012380F88430CA
:1097B0002423C0F8883003681D681A6822F001026B
:1097C0001A600268936823F0604319439160FFF7C1
:1097D00041FF23681D602023C4F88830002084F8EE
:1097E000840038BD0220FCE738B590F88430012BA6
:1097F0001DD00446012380F884302423C0F888302B
:1098000003681D681A6822F001021A6002689368F2
:1098100023F0606319439160FFF71CFF23681D600C
:109820002023C4F88830002084F8840038BD02204A
:10983000FCE708B54FF47A70F9F796F908BD30B532
:1098400085B09DF82040082C02D9002005B030BD1D
:10985000099D0295019400930123FCF753F80546F6
:1098600028B90134A54214BF00200120EEE70020F2
:10987000FFF7DFFFF5E700B585B08DF80F108368BF
:109880000193012300930DF10F0303220179006876
:10989000FFF7D5FF05B05DF804FB00B585B08DF886
:1098A0000F1083680193012300930DF10F0302222F
:1098B00001790068FFF7C3FF05B05DF804FB10B540
:1098C00084B004468DF80F10836801930122009242
:1098D0000DF10F0301790068FFF7B1FF10B19DF89A
:1098E0000F30237304B010BD10B584B0079C0294F0
:1098F0009DF81840019400930123FCF7D7F810B9A4
:10990000012004B010BDFFF794FF0020F9E700B577
:1099100083B00B46826801920122009200220179F5
:109920000068FFF7E1FF03B05DF804FB08B590F8AD
:109930000CC0012A06D0CB435BB20CEA0301FFF74F
:10994000BEFF08BD4CEA0101F9E770B582B00546DB
:109950000C4616460DF10701FFF7D9FF68B1012E3D
:109960000DD0E14349B29DF807300B408DF8073028
:109970009DF807102846FFF790FF02B070BD9DF8D4
:10998000073044EA03018DF80710F1E770B582B0A3
:1099900005460C4616460DF10701FFF7B8FF68B102
:1099A000012E0DD0E14349B29DF807300B408DF8F0
:1099B00007309DF807102846FFF75DFF02B070BD25
:1099C0009DF8073044EA03018DF80710F1E7000025
:1099D00038B50160520002718360002404730120D5
:1099E000F9F7C2F8084D2246FF212846FFF7CEFFBF
:1099F0002246FF212846FFF7A8FF2246FF212846DE
:109A0000FFF794FF38BD00BFDC1C002010B50446F2
:109A100000F001024FF480714FF09040FBF713FD0E
:109A2000C4F340024FF400714FF09040FBF70BFD80
:109A300010BD08B50320FFF7E9FF08BD2DE9F84385
:109A4000064690464FF07E52C8F8002001EB810395
:109A50005B01A03B43444F1E43F8272001241BE039
:109A60004FEA840904EB840508EB4515621E04F1F6
:109A70008043013B56F8230045F8220056F8241095
:109A8000F7F7E0F80146F7F7DDF845F82400013470
:109A900056F8093045F82430A742E1DCBDE8F883E8
:109AA0002DE9F04F83B083468A4617461E460022B2
:109AB000026003F18043013B40F82320012423E0AE
:109AC00004F1010857F82490494657F82800F7F7A1
:109AD000B7F85AF82410F7F771FA019004F18045AD
:109AE000013D57F825104846F7F7AAF85AF825100F
:109AF000F7F764FA01460198F7F7A2F80649F7F775
:109B0000A9F94BF824004446731EA342D8DC5846FA
:109B100003B0BDE8F08F00BF000040402DE9F04FDA
:109B200085B000AF82460E463A60501E78609200C3
:109B3000073222F00702ADEB020DEB46ADEB020D52
:109B40006D46ADEB020DE846ADEB020DC7F80CD04B
:109B50004FF07E522A600021C8F800104BF8201008
:109B600045F82020012212E002EB820103EB4111B3
:109B7000501E51F820004BF8220051F8220045F801
:109B80002200501C51F8201048F822100246796833
:109B90009142E9DC01242AE004F1FF3955F829104B
:109BA0005BF82400F7F70AFAFB6843F8240055F83D
:109BB0002420BA6058F82910F7F74CF90146B86824
:109BC000F7F73EF845F8240056F8249004F1804356
:109BD000013B56F82310FB6853F82400F7F73AF9D5
:109BE00001464846F7F72CF846F8240001343B6854
:109BF0009C42D1DB994603F18044013C7B6855F8D7
:109C0000231056F82400F7F7D9F94AF82400A9F1EF
:109C1000020413E056F82490631C5AF8231058F8F5
:109C20002400F7F717F901464846F7F709F855F801
:109C30002410F7F7C3F94AF82400013C002CE9DAB4
:109C400050461437BD46BDE8F08F00002DE9F04FB7
:109C500083B081468B46924698460C9D002421E0B5
:109C60005BF8246031465AF82400F7F7A7F9019011
:109C700010493046F7F7A2F9064658F82400014685
:109C8000F6F7E0FF671C58F82710F6F7DBFF0146F0
:109C90003046F7F7DFF801460198F6F7D1FF49F8AB
:109CA00024003C466B1EA342DADC484603B0BDE804
:109CB000F08F00BF000040402DE9F04780468A4603
:109CC00017469946002413E0661C57F8241057F8ED
:109CD0002600F6F7B5FF054609495AF82400F7F7BC
:109CE000B9F801462846F7F769F948F824003446E0
:109CF00009F1FF33A342E7DC4046BDE8F08700BF2F
:109D000000004040022868DD2DE9F041ADF5D75D47
:109D100007460D46C1F88802012420E0D5F88032BC
:109D200004F18046013E04F1FF3853F8261053F841
:109D30002400F6F785FF0DF5D75303EB880343F8AE
:109D40009C0CD5F8843253F8261053F82400F6F70B
:109D500077FF0DF5CD53083343F828000134BC429A
:109D6000DCDB002206E0D5F8843253F8223045F8D7
:109D700022300132BA42F6DB2AAA39460DF5D2501A
:109D80000430FFF75BFE3B462A460DF5D251043105
:109D900002A8FFF785FE05F5A0742AAB3A4602A992
:109DA0002046FFF7BBFE009723460DF5CD52083243
:109DB0000DF5D251043105F1A000FFF747FF3B46F6
:109DC00022460DF5D251043105F5F070FFF774FF0E
:109DD00028460DF5D75DBDE8F081002070472DE9DC
:109DE000F84306460846144656F8229002F1280326
:109DF00056F82370D6F8803253F82210F6F720FF79
:109E0000054601463846F7F725F8804604F1500329
:109E100056F823102846F7F71DF801462846F7F7AD
:109E200019F80746783456F824102846F7F712F840
:109E300001462846F7F70EF801462846F7F70AF8D4
:109E4000044641464846F6F7FDFE3946F6F7FAFE67
:109E50002146F6F7F7FEBDE8F88300000000000099
:109E600010B5F6F7EDFE04460021F7F791F950B969
:109E70002046F6F741FB06A3D3E90023F6F706FEDA
:109E800020B1012010BD04F10044F1E70020F9E702
:109E90003A8C30E28E79453E2DE9F04F85B083460D
:109EA0000D460392D0F88082D8F80000F7F78EF9BB
:109EB000002853D1DBF888A20AF18043013B2946F0
:109EC00058F82300F7F764F900284BD1002410E07C
:109ED000DBF8843253F82430039A13600023019393
:109EE00038E0DBF8843253F82930039A136031E00C
:109EF00001340AF1FF33A34229DD58F824603146CA
:109F00002846FFF7ADFF01900028E1D104F10109D7
:109F100058F8297039462846FFF7A2FF029000281A
:109F2000DFD129463046F7F733F90028E0D029463B
:109F30003846F7F74BF90028DAD02246294658462A
:109F4000FFF74DFF039B1860029B019302E06FF047
:109F500002030193019805B0BDE8F08F4FF0FF3385
:109F60000193F7E76FF001030193F3E738B5044677
:109F7000094D00F0010201212846FBF764FAC4F301
:109F8000400202212846FBF75EFAC4F38002042156
:109F90002846FBF758FA38BD0008004808B50720E6
:109FA000FFF7E4FF08BD00001A284AD92DE9F8435D
:109FB000054640F69143984245D8002400E001341C
:109FC000132C3BD8214B33F82400A842F7D8661C49
:109FD00033F82670AF42F2D3F6F7E4FE80463846F7
:109FE000F6F7E0FE8146194F07EB8404B4F902004E
:109FF000F6F7DCFE044607EB8607B7F90200F6F732
:10A00000D5FE06462846F6F7D1FE4146F6F718FE7D
:10A01000054621463046F6F713FE01462846F6F778
:10A0200019FF054641464846F6F70AFE014628460E
:10A03000F6F7C4FF2146F6F705FE00E00020BDE874
:10A04000F883034870470348F9E700BF34AF0108BD
:10A05000000048C20000164330B5ADF5004D8DB08C
:10A0600042F208010DF58040203000F059FC00213B
:10A07000574B197042F208030DF5804220325548C3
:10A08000FDF7D2FE28B1544C20460DF5004D0DB021
:10A0900030BD4F4B00221A70F8F75AFD4F4B186035
:10A0A00005E04B4B1B7893B94D4B1B787BB90120D6
:10A0B000F8F75AFDF8F74CFD484B1B68C01AC82842
:10A0C000EFD9434B01221A7000F03AFBE9E700F0A8
:10A0D00037FB444B1868F6F70FFA02460B4638A1D7
:10A0E000D1E90001F6F78AFB37A3D3E90023F6F79D
:10A0F000A5F8F6F731FD84B20134A4B2052101A818
:10A1000000F00EFC42F2070104A800F009FC002355
:10A11000184609E0521A013A0CA901EB430121F853
:10A12000202C1AE001339BB242F20602934225D85A
:10A130009C465A1C0DF58041303101EB420232F849
:10A14000102C01EB430131F8101C8A42E2D3521A61
:10A150000CA901EB430121F8202C0CAA02EB4C02C4
:10A1600032F8202CA242DDD90CAA02EB400222F8E0
:10A170002C3C0328D6D8013080B2D3E7BDF8063096
:10A1800013B9BDF80420B2B10CAD35F82C2D9B1AD3
:10A1900098B2FFF709FF04460023114A13700C4AD6
:10A1A00013700521284600F0BBFB42F2070104A80A
:10A1B00000F0B6FB68E70C4C66E700BFAFF3008029
:10A1C000E17A14AE47E1EA3FB81E85EB51B826406C
:10A1D000EC1C00200C1B00200000C841F01C0020DB
:10A1E00030210020A41B00200000C04110B504460F
:10A1F000C821044800F094FB1821204600F09AFB87
:10A2000010BD00BF9C1F002000B585B084460E4BDA
:10A210000FCB0DF1100E0EE90F00002205230AE00E
:10A2200010336B4413F8101C1CF802304B4003F041
:10A230000F030132D2B2052AF2D910336B4413F85E
:10A24000100C05B05DF804FB649E010808B5034BD3
:10A250000022114602200BF041FE08BDE0A40108D7
:10A260002DE9F04387B080468946824B06221A705A
:10A27000814B1C88013CA4B20A2101A800F050FBCC
:10A2800000231F4601E00133DBB219467A4A1288E7
:10A29000033A93421BDA794A32F81320052AF2D1A5
:10A2A0004A1C764830F81220332AECD18A1CA21AB4
:10A2B000704909780231B2EB410FE4DB9A1C06A920
:10A2C00001EB470121F8142C0137FFB2DBE7002630
:10A2D0006B4B1E70A5E062451ED0032B28D8DFF81B
:10A2E000A4C105EB45024FEA420E3CF812201201D0
:10A2F00092B22CF80E200738C0B202442CF80E207F
:10A30000DFF884C19CF80020DFF880E10EF802003D
:10A3100001328CF800202EE005EB450C594A02EB87
:10A320004C024FF0000C82F805C00738507122E053
:10A3300005EB4502DFF84CE10EEB420EBEF802C021
:10A340004FEA0C1C1FFA8CFCAEF802C0C21FD2B23E
:10A350009444AEF802C0DFF830C19CF80000DFF88A
:10A360002CE10EF8002001308CF8000003E0464A92
:10A370000020107001240133DBB28A1C91B23D4AE7
:10A38000127801329C469A421BDB3C4830F811009F
:10A390000528ECD1481CDFF8E4E03EF81000062860
:10A3A000E5D91628E3D8002B95D105EB450C354AA5
:10A3B00002EB4C024FF0000C82F804C00738107119
:10A3C000D9E73248FFF720FF2F4B00221A7005EB28
:10A3D00045022C4B03EB42035B79834201D00134ED
:10A3E000E4B2002C3DD12A4B1B782A4A11788B42CB
:10A3F0000ED2294A12785AB905EB4505214A32F89E
:10A400001510264A22F813100133214A137002E076
:10A41000214B1B78CBB11A4A1378013313700136E4
:10A42000F6B2B74220D906AB03EB460333F8141C4F
:10A43000134B1D78134A05EB4503580002EB430309
:10A44000002414525C80234699E74B464246134849
:10A4500000F016F90E4B00221A700F4B01221A70F1
:10A46000D9E7FFF7F3FEDAE7054B187807B0BDE848
:10A47000F08300BF3E1D00202C2100200C1E002078
:10A48000F61C0020F81C0020341D0020381D002080
:10A490003F1D0020F51C0020F41C0020401D002062
:10A4A0002DE9F04FA1B00646894690469B469DF89F
:10A4B000A8A0F8F7E9FBF8F743FC01210220F9F71F
:10A4C0004BFA01210846F9F747FAF7F7FDFF614C0F
:10A4D0004FF47A73202260492046FFF779FA002270
:10A4E000FF212046FFF722FA00255F465346B24679
:10A4F0001E4666E00024594A14705A78584B1A7068
:10A500002846FFF733FD0395012202FA05F3DBB27B
:10A51000049319464F48FFF709FA059517E04BB128
:10A5200066BB4E4B00221A7008EB8B0109EB8B00C7
:10A53000FFF796FE3CB156BB00F0F6F8002349F851
:10A540002B3048F82B30474B1B784BBB44BBB42017
:10A55000FFF74CFEF8F7FCFA0546404B1B78002B42
:10A56000DDD1002CDBD10120F8F7FEFAF8F7F0FA84
:10A57000401BB0F5FA6FF0D90124EEE7039B00937E
:10A58000394B0022114602200BF0A8FCC9E7039BBF
:10A590000093364B0022114602200BF09FFCCBE7C4
:10A5A000059DFFF759FD47F82B002EBB00220499AB
:10A5B0002848FFF7BBF92B4B00221A706EBB013500
:10A5C000EDB2072D31D8AB4605EB85030AEB8303CB
:10A5D0009A78012A8ED0002349F8253048F8253092
:10A5E00047F82530002EEAD00095214B0022114675
:10A5F00002200BF073FCE2E7F5F77EFF02460B4604
:10A6000007AC1C4920460CF03DFA00941A4B00227E
:10A61000114602200BF062FCC8E7039B0093174B26
:10A62000114602200BF05AFCC9E700210120F9F77E
:10A6300093F900210220F9F78FF9FFF7AFFCF8F743
:10A64000A9FCF8F7B3FC0448FBF743F921B0BDE8D7
:10A65000F08F00BFDC1C0020AC190020312100204D
:10A66000F51C0020F41C0020FCA401083CA50108F6
:10A67000C8A501087CA50108DCA4010894A501086F
:10A680002DE9F0479146984631B106460F4618B17C
:10A6900042B10025002417E0B9F1000F02D00023D9
:10A6A000C9F80030B8F1000F02D00023C8F800301C
:10A6B000BDE8F08736F81500F6F778FB014620462E
:10A6C000F6F7C0FA04460135AF42F3D83846F6F73C
:10A6D00069FB054601462046F6F770FC8246C9F83C
:10A6E0000000B8F1000FE3D04FF00009002410E0A3
:10A6F00036F81900F6F75AFB5146F6F7A1FA01466B
:10A70000F6F7A8FB01462046F6F79CFA044609F145
:10A7100001094F45ECD829462046F6F74FFC0EF0CC
:10A7200031FBC8F80000C3E708B500210348FDF776
:10A73000B1FC00B908BDF7F77DFFFBE7581B00200F
:10A7400008B500210348FDF7A5FC00B908BDF7F7DF
:10A7500071FFFBE70C1B002008B5F6F723FB064B47
:10A760001968F6F777FBF5F7C7FE0EF015FCF6F75C
:10A77000F3F980B208BD00BFB01B002008B5F6F7A2
:10A7800011FB084B1968F6F765FB074B1968F6F7DC
:10A7900015FCF5F7B1FE0EF0FFFBF6F7DDF980B220
:10A7A00008BD00BFB01B0020081E00202DE9F84F97
:10A7B000064602684D4B9A4206D032684C4B9A428C
:10A7C00000F08C80BDE8F88F037F012B19D0494B36
:10A7D0001888F6F7E7FA04464749F6F7EFFB4749CA
:10A7E000F6F738FB054601462046F6F729FA0746F4
:10A7F00029462046F6F726FA81460024A046A246BE
:10A800000DE0FFF791FF3E4A137801331370DEE746
:10A810009D1AADB2013DADB210E00134E4B2394B46
:10A820001D88013DAC4229DA631C374A32F81330E7
:10A8300032F814209342EBD99B1A9DB22846FFF7B9
:10A840008BFFF6F7B3FA834630493846F6F702FB3A
:10A8500001465846F6F7B0FC0028DED02B494846A2
:10A86000F6F7F8FA01465846F6F79CFC0028D4D0D3
:10A87000AA4408F101081FFA88F8CEE75046F6F717
:10A8800091FA04464046F6F78DFA01462046F6F75F
:10A8900095FB1E49F6F792FB1D4B1968F6F7DAFA9D
:10A8A0001C4B186000240AE09B1A9BB2013B98B233
:10A8B000FFF764FF184B23F817000134E4B2274672
:10A8C000A5427FF77AAF631C0F4A32F8133032F893
:10A8D00014209342E8D9981A80B2E9E7FFF730FFD5
:10A8E0000E4A1378013313706CE700BF0044014037
:10A8F000004801402E2100200000C84200002041F5
:10A90000312100202C2100209C1F002000004C42FF
:10A91000B01B0020081E00200C1E0020302100204B
:10A92000002303E0002220F8132001338B42F9D3E7
:10A930007047000070B504460D460A4EC8213046E7
:10A94000FFF7EEFF084B1D80084B1C802346324664
:10A9500000210748FDF768FA00B970BDF7F76AFEF5
:10A96000FBE700BF9C1F00202E2100202C2100208F
:10A97000581B002008B5F8F737F800F015FB08BDA4
:10A9800008B54FF0FF300AF0B9FF08BDBFF34F8F95
:10A990000549CA6802F4E062044B1343CB60BFF37D
:10A9A0004F8F00BFFDE700BF00ED00E00400FA0597
:10A9B00070470000014BD870704700BF1C01002099
:10A9C000014B1874704700BF1C01002010B5094BE3
:10A9D000186010B942F210721A60074C20460BF052
:10A9E0009DF8044B196820460BF038F920460BF00F
:10A9F000EFF810BD18010020442A002000283FD0A5
:10AA00002DE9F0418CB003464278022A0AD0032A8D
:10AA10002FD01C4B0022114602200BF05FFA0CB025
:10AA2000BDE8F081027CB0F9121090F914009C7D11
:10AA3000DD7D1E7E5F7E93F81AC093F81BE093F8CD
:10AA40001C80CDF82C80CDF828E0CDF824C00897E4
:10AA50000796069505945C680494DB68039302905E
:10AA600001910092084B0022114602200BF036FAA9
:10AA7000D5E7064B0022114602200BF02FFACEE755
:10AA8000704700BFFCA5010814A6010888A60108AC
:10AA900000B583B0054B1B5C0093054B00221146AB
:10AAA00002200BF01BFA03B05DF804FBC4A60108FA
:10AAB000A8A60108002839D010B584B00446037850
:10AAC0000BB904B010BD1A4B0022114602200BF046
:10AAD00005FA237C94F90A2094F918100391029244
:10AAE0000193E3680093134B0022114603200BF0FF
:10AAF000F5F9114B0022114603200BF0EFF9237AF0
:10AB0000012B0CD1637A43B10C4B00930C4B002208
:10AB1000114603200BF0E2F9D3E70A4BF5E70A4BA5
:10AB20000022114603200BF0D9F9CAE7704700BF95
:10AB3000D4A6010808A701083CA70108C8A6010877
:10AB40004CA70108CCA6010860A7010808B5012898
:10AB500006D0074B0022114602200BF0BFF908BDBA
:10AB6000044B0022114602200BF0B8F9F7E700BFB2
:10AB700084A7010870A7010808B5002102200AF087
:10AB800061FE02480BF024F808BD00BF442A0020F3
:10AB9000A8B310B5044690F90630D3B900210420BB
:10ABA0000AF050FE164B0022114602200BF096F9D7
:10ABB000E379012B06D0134B0022114602200BF043
:10ABC0008DF90FE0104B0022114602200BF086F9A0
:10ABD00008E00E4B0022114602200BF07FF9E379CA
:10ABE000022B00D010BD0A4B0022114602200BF0B0
:10ABF00075F90121074B187801F044FBF2E7704723
:10AC000098A70108D0A70108B0A70108F0A701087C
:10AC10000CA801088001002008B5002101200AF0DD
:10AC200011FE08BD08B5054B1B78012B00D008BDEF
:10AC3000002108200AF006FEF9E700BF800100208D
:10AC400008B501F001FF00B108BD01F0ADFB01281E
:10AC5000FAD1FFF79BFE0000002955D030B587B030
:10AC60000C460D78A5B390B30578436883B3022DE5
:10AC700016D0032D2CD14278012A29D11B78012B23
:10AC800006D0022B08D01BBB002001F05FFC1FE0A8
:10AC9000012001F05BFC1BE0022001F057FC17E0F3
:10ACA0004278012A14D11B7803F00103174A13706C
:10ACB00033B9174B0022114603200BF00FF907E0C0
:10ACC000144B0022114603200BF008F900E0002588
:10ACD000237C052B01D907B030BD94F9082094F9E5
:10ACE000091094F90A00059004910B4951F823309A
:10ACF000039302920195E3680093084B00221146EA
:10AD000003200BF0EBF8E6E7704700BF3429002082
:10AD100030A801083CA8010888AF010848A801082C
:10AD200008B50A4601460248F7F7DEFA08BD00BF3B
:10AD300000F0030808B50A460149F7F7F1FA08BD23
:10AD400000F0030810B514480AF0E8FE01F074FEA4
:10AD500048B1124B0022114602200BF0BFF81048F8
:10AD60000AF036FF10BD0F4B0022114602200BF0F7
:10AD7000B5F80D4C022020700C4B002211460BF050
:10AD8000ADF80B4801F0C2FC0121207801F07AFAFD
:10AD900001480AF01DFFE2E7442A0020D49E010882
:10ADA0002C2A002090A8010880010020A4A80108F6
:10ADB0001C01002008B501F0B9FF10F1080F03D005
:10ADC000B0F1FF3F07D008BD064B0022114602201C
:10ADD0000BF084F8F7E7044B0022114602200BF039
:10ADE0007DF8F0E7C4A80108DCA8010870B5A8B098
:10ADF0000023ADF89E30ADF89C305B4B1D6801F030
:10AE0000E5FA80B10026594C20460AF087FE31460B
:10AE1000AE4238BF294620460AF020FF20460AF0FD
:10AE2000D7FE28B070BD00220292514B022119704A
:10AE300027A90DF19E00F8F751FEBDF89E2040F6BF
:10AE400041639A4207D84B4B0022114602200BF077
:10AE500045F80026D7E7484B0022114602200BF0A8
:10AE60003DF81FAD019517AC009405AB03AA0FA9DF
:10AE700007A8F8F785FFF7F7B5FB05A903A8F8F7CA
:10AE8000A3FE082300932B4622460FA907A8F8F734
:10AE9000BFFE00240BE028AB03EB8403344A526866
:10AEA00002A953F8840CF8F75FFE0134E4B2072CD2
:10AEB000F1D900240BE028AB03EB44032C4A526881
:10AEC00002A933F8940CF8F765FE0134E4B2032CC0
:10AED000F1D9254C2168BDF89E00F6F7C9FF05465B
:10AEE000BDF89E300093254B0122002110460AF048
:10AEF000F5FF2368AB4211D11D4C029B63701420F7
:10AF0000F7F732FE00221E4BD978204601F074FA82
:10AF100080B110F1060F15D0002674E7194BA3FB82
:10AF200005239B090093184B0122002110460AF0CB
:10AF3000D5FFE1E7154B0122002110460AF0CEFFB4
:10AF4000002660E701F02AFA064600283FF45BAFCE
:10AF50000C4BA3FB00239B0900930D4B0122002106
:10AF600010460AF0BBFF4EE718010020442A0020DB
:10AF700010010020F4A8010840A9010874A90108E3
:10AF80001C010020D34D621084A90108B4A9010856
:10AF9000C4A9010808B5FFF719FD08BD014B1868E1
:10AFA000704700BF1801002070B586B000240594DA
:10AFB0000294019401260096424B2246214602202B
:10AFC0000AF08CFF022502950623019300953E4B63
:10AFD0002246214628460AF081FF02960323019368
:10AFE00000963A4B2246214628460AF077FF05A9EB
:10AFF000204601F00BFD059B1A0EC3F307210291B9
:10B00000C3F3074301930092314B22462146284661
:10B010000AF064FF05A9304601F0F8FC059B1A0E02
:10B02000D9B20391C3F307210291C3F307430193FC
:10B030000092284B2246214628460AF04FFF264818
:10B04000F7F74CF9002839D100240094234B22460D
:10B050004FF4FA6122480AF003FD224A21460120FA
:10B060000AF0E2FC204A214602200AF0DDFC1F4AD9
:10B07000214604200AF0D8FC1D4A214608200AF087
:10B08000D3FC00F087F84FF080711A4801F072FC91
:10B09000194801F03BFB0121184B187801F0F2F838
:10B0A000174D0094174B22461749096828460AF0A5
:10B0B000D7FC28460AF08CFD06B070BDF7F7BAFA47
:10B0C000C2E700BFE4A9010808AA01082CAA0108E8
:10B0D00050AA010874AA01083421002025AC0008F8
:10B0E0002C2A002005C50008EDAD0008B5AD00080C
:10B0F00045AD0008340100201C0100208001002023
:10B10000442A002079AB000818010020402800D014
:10B11000704710B53220F7F727FD40214FF09040DF
:10B12000FAF78AF901280DD01548FDF731F9F6F73D
:10B130009FFA0021134B197001200AF025F9F8F746
:10B14000FBFB10BDF6F748FA0028FAD10E4B00229F
:10B15000114602200AF0C2FE01240A4B1C700B4863
:10B160000AF05AFE0A4B0022114602200AF0B6FEEF
:10B17000214620460AF008F9F8F7B4FBE1E700BFE2
:10B18000241C0020F403002098AA01085D1E00087A
:10B19000C0AA0108054B00221A605A609A60DA6062
:10B1A00020225A6001221A60704700BF5C2A0020EA
:10B1B000004870475C2A002070B588B000240394D2
:10B1C00004940594069407944FF0B043DA6C42F06F
:10B1D0000102DA64DA6C02F001020292029ADA6C7D
:10B1E00042F00102DA64DB6C03F001030193019B7E
:10B1F0000125039504950323069303A94FF090407E
:10B20000F9F7CAFF0226039603A94FF09040F9F719
:10B21000C3FF224631464FF09040FAF714F9224618
:10B2200029464FF09040FAF70EF9204608B070BD5D
:10B2300008B503280FD8DFE800F002101D2A00220D
:10B2400001214FF09040FAF7FEF8002202214FF062
:10B250009040FAF7F8F8002008BD012211464FF09F
:10B260009040FAF7F0F8002202214FF09040FAF7F0
:10B27000EAF8F0E7002201214FF09040FAF7E3F8F6
:10B28000012202214FF09040FAF7DDF8E3E70022B7
:10B2900001214FF09040FAF7D6F8012202214FF039
:10B2A0009040FAF7D0F8D6E70220704701207047A7
:10B2B0000120704708B90F2070471620704710B55D
:10B2C000044610220021F13007F0A9FE0021C4F845
:10B2D0001411F022204607F0A2FE10BD08B5024668
:10B2E0000846102100F03AFB08BD2DE9F04184B07A
:10B2F00004460D461646D0F81431002B54D0C3F145
:10B3000010084746904528BF174600F20110BAB210
:10B31000184407F06CFED4F814313B44C4F81431DF
:10B320000F2B4DD9B0454BD2002308E0E21892F81C
:10B33000F11092F80101414082F8F11001330F2B16
:10B34000F4DD04F1F10810224146684607F04FFE93
:10B3500022466946684600F083FB10226946404653
:10B3600007F045FE3D44F61B1EE004EB030E9EF87D
:10B37000F1C0EA5C8CEA020C8EF8F1C001330F2BAD
:10B38000F3DD04F1F10710223946684607F02FFE7D
:10B3900022466946684600F063FB1022694638463B
:10B3A00007F025FE1035103E102E01D90023E6E7E8
:10B3B000B2B2294604F2011007F019FEC4F8146174
:10B3C00004B0BDE8F08130B589B005460C461022C6
:10B3D00000210DEB020007F022FE224604A90846D8
:10B3E00000F03EFB9DF91030002B01DB002330E024
:10B3F00000230E2B11DC03F120020DEB020111F8EA
:10B40000102C013303F12000684410F8100C520096
:10B4100042EAD01201F8102CEBE79DF81F305B00D8
:10B42000DBB28DF81F3083F087038DF81F3017E0F3
:10B4300003F120020DEB020111F8102C013303F18E
:10B440002000684410F8100C520042EAD01201F8B3
:10B45000102C0E2BECDD9DF81F305B008DF81F309B
:10B46000D4F81401102814D09DF91030002B30DBD3
:10B47000002341E0E11891F8012103F12000684424
:10B4800010F8100C424081F8012101330F2BF1DD3F
:10B4900059E00023FAE703F120020DEB020111F855
:10B4A000102C013303F1200CEC441CF810CC52009A
:10B4B00042EADC1201F8102C0E2BECDD9DF81F3057
:10B4C0005B00DBB28DF81F3083F087038DF81F30EF
:10B4D00019E00023F0E703F120020DEB020111F85F
:10B4E000102C013303F1200CEC441CF810CC52005A
:10B4F00042EADC1201F8102C0E2BECDD9DF81F3017
:10B500005B008DF81F302044802380F8013103E078
:10B510002344002283F80121D4F814310133C4F804
:10B5200014310F2BF4D900230BE0E11891F801211D
:10B5300003F12000684410F8100C424081F801210A
:10B5400001330F2BF1DD002309E0E21892F8F1C07E
:10B5500092F801118CEA010C82F8F1C001330F2B33
:10B56000F3DD102204F1F101684607F040FD2246A8
:10B570002946684600F074FA102200210DEB020003
:10B5800007F04DFD09B030BD0B7803704B78437068
:10B590008B788370CB78C3700B7903714B794371CF
:10B5A0008B798371CB79C3710B7A03724B7A4372B7
:10B5B0008B7A8372CB7AC3720B7B03734B7B43739F
:10B5C0008B7B8373CB7BC373704704E011F8012B33
:10B5D00000F8012B1A46531EDBB2002AF6D1704741
:10B5E00003780A785340037043784A785340437095
:10B5F00083788A7853408370C378CA785340C37085
:10B6000003790A795340037143794A79534043716E
:10B6100083798A7953408371C379CA795340C3715E
:10B62000037A0A7A53400372437A4A7A5340437248
:10B63000837A8A7A53408372C37ACA7A5340C37238
:10B64000037B0A7B53400373437B4A7B5340437322
:10B65000837B8A7B53408373C37BCA7B5340C37312
:10B6600070470B7892F800C083EA0C0303704B78A4
:10B6700092F801C083EA0C0343708B7892F802C001
:10B6800083EA0C038370CB7892F803C083EA0C033F
:10B69000C3700B7992F804C083EA0C0303714B79F1
:10B6A00092F805C083EA0C0343718B7992F806C0C7
:10B6B00083EA0C038371CB7992F807C083EA0C0309
:10B6C000C3710B7A92F808C083EA0C0303724B7AB9
:10B6D00092F809C083EA0C0343728B7A92F80AC08D
:10B6E00083EA0C038372CB7A92F80BC083EA0C03D3
:10B6F000C3720B7B92F80CC083EA0C0303734B7B81
:10B7000092F80DC083EA0C0343738B7B92F80EC052
:10B7100083EA0C038373CB7BD27B5340C3737047A4
:10B7200008B5FFF75DFF08BD0278184B9A5C027000
:10B7300002799A5C0271027A9A5C0272027B9A5CCC
:10B74000027342784179595C4170417A595C417188
:10B75000417B595C41729A5C42738278817A595C70
:10B7600081709A5C82728279817B595C81719A5C6A
:10B770008273C27BC17A595CC173C179595CC17251
:10B78000C178595CC1719B5CC3707047A0B101085E
:10B790002DE9F04784B0044601466846FFF7F4FE01
:10B7A0009DF800C06A4B13F80C009DF80580694AAB
:10B7B00012F808909DF80AE0674911F80E509DF8BC
:10B7C0000F70CE5D80EA090068407040207011F86B
:10B7D0000C0013F808A012F80E9080EA0A0A89EA11
:10B7E0000A0986EA0906667011F8088013F80EE067
:10B7F000D65D80EA08008EEA00007040A07012F862
:10B800000C60D85D86EA080675406840E0709DF8D7
:10B8100004C013F80C009DF8098012F808909DF8F8
:10B820000EE011F80E509DF80370CE5D80EA09001D
:10B8300068407040207111F80C0013F808A012F84D
:10B840000E9080EA0A0A89EA0A0986EA0906667100
:10B8500011F8088013F80EE0D65D80EA08008EEA41
:10B8600000007040A07112F80C60D85D86EA0806EE
:10B8700075406840E0719DF808C013F80C009DF811
:10B880000D8012F808909DF802E011F80E509DF816
:10B890000770CE5D80EA090068407040207211F8A0
:10B8A0000C0013F808A012F80E9080EA0A0A89EA40
:10B8B0000A0986EA0906667211F8088013F80EE094
:10B8C000D65D80EA08008EEA00007040A07212F88F
:10B8D0000C60D85D86EA080675406840E0729DF805
:10B8E0000C60985D9DF8018012F808909DF8067034
:10B8F00011F807C09DF80B5011F805E080EA090027
:10B900008CEA00008EEA00002073885D13F808A01E
:10B9100012F8079080EA0A0A89EA0A098EEA090EF3
:10B9200084F80DE011F8081013F807E0575D48405F
:10B930008EEA00007840A073925D5B5D51408CEA16
:10B94000010C83EA0C03E37304B0BDE8F08700BF89
:10B95000A0B00108A0AF0108A0B101082DE9F8438B
:10B960001446A1F11003DBB2102B1AD80D463A4A47
:10B9700022FA03F313F0010F13D00A4601462046C2
:10B98000FFF723FE05F11C03DBB29B005FFA83FE89
:10B99000C3F30313013B84F8F0302B464FF0010C46
:10B9A00029E0002384F8F030FF20BDE8F883182D4B
:10B9B00001D9102A47D05A1BD2B214F8029089EA52
:10B9C000080804F8008002F1010814F8088000F16A
:10B9D000010988EA070704F80970971CE75D00F180
:10B9E00002087E4004F808600332A65CC21C714065
:10B9F000A1540433DBB273452CD218461A1F14F835
:10BA00000280DA1EA75C9A1EA65C5A1EA15CB3FBDC
:10BA1000F5F205FB123212F0FF02C8D10F4A12F8FC
:10BA2000079089EA0C09975D565C12F808104FEAF6
:10BA3000DC1202EB420202EBC20282EA4C025FFA23
:10BA400082FCC846B7E7054A12F80880D75D965DC4
:10BA5000515CB0E70020A8E701010100A0B1010896
:10BA600092F8F0301BB370B584B00E46154601460F
:10BA70006846FFF7F6FD012409E06846FFF788FEF7
:10BA800005EB04116846FFF74BFE0134E4B295F86C
:10BA9000F030A342F1D86846FFF746FE05EB0412EA
:10BAA00069463046FFF7DDFD002004B070BDFF2081
:10BAB0007047000000230A2B16D810B40B4A1468F4
:10BAC00003EB03122244127E824206D00133DBB222
:10BAD0000A2BF3D9032010BC704703EB0313183370
:10BAE0001C440C600020F6E7032070476C2A0020FD
:10BAF0002DE9F041CCB0529DA9B3074616461C462D
:10BB0000884695B302A8FFF7DAFB01A92046FFF7A4
:10BB1000D1FF044618B120464CB0BDE8F081019930
:10BB2000013102A8FFF7DAFB27B11022394602A83B
:10BB3000FFF7DBFB3246414602A8FFF7D6FB02A91E
:10BB400048A8FFF740FC9DF820319DF8212143EAE9
:10BB500002239DF8222143EA02439DF8232143EA70
:10BB600002632B60D7E70224D5E70224D3E7000065
:10BB700040B108B5044A1060D822044907F037FAEA
:10BB8000002008BD022070476C2A002000E5030851
:10BB900000230A2B16D810B40B4A146803EB0312C7
:10BBA0002244127E824206D00133DBB20A2BF3D943
:10BBB000032010BC704703EB031318331C440C60C4
:10BBC0000020F6E7032070476C2A00202DE9F04F93
:10BBD00099B0044617A9FFF7DBFF0346002842D0BF
:10BBE00019B0BDE8F08F03EB430301EB83039B68BF
:10BBF0001393179B5A78149299781591DA781979DA
:10BC000058799C79DD791E7A5F7A93F80AC093F8A7
:10BC10000BE093F80C8093F80D9093F80EA093F836
:10BC20000FB01B7C1093CDF83CB0CDF838A0CDF808
:10BC30003490CDF83080CDF82CE0CDF828C00997AD
:10BC40000896079506940590049103921599029120
:10BC5000149A0192139B0093094B00221146022073
:10BC60000AF03CF9BCE70A2BBAD803EB43020549BA
:10BC700011F82220A242B6D00133DBB2F3E700BFB5
:10BC800020AB0108A0B201080B2B0AD800B583B085
:10BC9000DDF810C0CDF800C0FFF72AFF03B05DF853
:10BCA00004FB0320704790B110B584B08C46144655
:10BCB00001460020039003AA00926246FFF718FF96
:10BCC00018B9039BA34200D0012004B010BD02208C
:10BCD00070472DE9F041BEB048B30D4614461E46EC
:10BCE00007463BB311F00F0F27D1F022002101A826
:10BCF00007F095F969462046FFF7DCFE804618B14B
:10BD000040463EB0BDE8F08101AA10210098013004
:10BD1000FFF724FE444607E001AA31193819FFF75E
:10BD20009FFE1034E4B2103D002DF5D1E8E74FF04E
:10BD30000208E5E74FF00208E2E74FF00508DFE709
:10BD400030B585B0002938D08C4600230A2B30D876
:10BD50001B4A11681C4603EB03120A44127E8242FE
:10BD600002D00133DBB2F1E70D280AD003EB031454
:10BD70001834081910226146013007F038F90025FF
:10BD800018E0002300930193029303936B460C2267
:10BD900010216046FFF79DFF0546094B186804EB2C
:10BDA00004141834204410226946013007F01FF9AA
:10BDB00000E00325284605B030BD0225FAE700BFA4
:10BDC0006C2A0020D0B110B584B0144684460C2AE9
:10BDD00001D10B2914D10023009301930293039303
:10BDE0006B460A4610216046FFF773FF08B104B0A6
:10BDF00010BD69462046FFF7A3FFF8E70220704711
:10BE00000320F4E7F8B59DF81850079C089E5BB333
:10BE10001F465CB366B3212D2CD82A46194620460E
:10BE200007F0E5F8631C0122691EB818FFF751FFFF
:10BE300010BBE37ADB093370611911F8042C11F897
:10BE4000030C42EA002211F8020C42EA004211F807
:10BE5000011C42EA01628BB90123291F2046FFF72A
:10BE600022FF40B1012006E0022004E0022002E0AF
:10BE7000022000E00520F8BD0720FCE70420FAE7D7
:10BE800040B108B501460822034B186807F0AFF827
:10BE9000002008BD022070476C2A002038B108B588
:10BEA00008220449096807F0A2F8002008BD022012
:10BEB000704700BF6C2A002048B108B50146054B09
:10BEC00018680822104407F092F8002008BD0220EC
:10BED000704700BF6C2A002040B108B5044A1168C1
:10BEE0000822114407F083F8002008BD02207047A3
:10BEF0006C2A0020022804D0044B1B6859610020E2
:10BF00007047024B1B681961F9E700BF6C2A0020DB
:10BF100069B1022805D0074A126852690A600020F8
:10BF20007047044A126812690A60002070470220B4
:10BF3000704700BF6C2A002030B585B005460C461E
:10BF40000023019302A8FFF7A9FF01A90120FFF731
:10BF5000DFFF95B10023072B08D803F110026A44D4
:10BF600012F8082CAAB90133DBB2F4E7002323B995
:10BF700002A8A84702A8FFF783FF3CB1019B2BB999
:10BF800001A8A04701990120FFF7B4FF002005B0E8
:10BF900030BD0123EBE70000F0B58FB0054600246B
:10BFA00009940AA8FFF77AFF9DF828309DF8292008
:10BFB0009DF82A109DF82B009DF82C609DF82D709F
:10BFC0009DF82EC09DF82FE0CDF81CE0CDF818C0EC
:10BFD000059704960390029101920093204B22460C
:10BFE0002146022009F07AFF0CA8FFF775FF9DF8A3
:10BFF00030309DF831209DF832109DF833009DF8C7
:10C0000034609DF835709DF836C09DF837E0CDF866
:10C010001CE0CDF818C00597049603900291019298
:10C020000093104B22462146022009F057FF09A930
:10C030002846FFF76DFF9DF827309DF826209DF8D4
:10C0400025109DF824000390029101920093064B65
:10C0500022462146022009F041FF0FB0F0BD00BF8B
:10C060007CAB0108B8A001088CA0010808B500202D
:10C07000FFF7ACFD0120FFF7A9FD0920FFF7A6FDA2
:10C080000820FFF7A3FD0020FFF786FF002008BD72
:10C0900010B504460B20FFF799FD0C20FFF796FD25
:10C0A0000920FFF793FD0820FFF790FD0A20FFF716
:10C0B0008DFD2046FFF770FF002010BD042807D833
:10C0C00008B5054B53F820309B681BB1984708BD55
:10C0D000002070470020FAE7B02B002070B505461D
:10C0E0000E46002405E09B690BB1304698470134A9
:10C0F00064B2042C24DC134B53F82430002BF6D00C
:10C10000032DF4D801A252F825F000BFE7C00008C3
:10C110001DC1000829C1000835C10008DB69002BDA
:10C12000E5D030469847E2E71B6A002BDFD0304667
:10C130009847DCE75B6A002BD9D030469847D6E7B2
:10C1400070BD00BFB02B002010B50446114B00227B
:10C150001A7042785A7090F902201A72B1F90020D0
:10C160005A7291F902209A72CA781A744268DA6097
:10C17000094B1B68DB6A3BB102780A2A04D00E2AFD
:10C1800002D004490020984721460320FFF7A6FF6C
:10C1900010BD00BF84010020942B002010B5044680
:10C1A0000D4B01221A7042785A7090F902209A724F
:10C1B000C268DA6090F903201A7602695A76027929
:10C1C0005A72064B1B689B6A0BB10348984721467D
:10C1D0000020FFF783FF10BD98010020942B002062
:10C1E00010B5002401E0013464B2042C0ADC074BD2
:10C1F00053F82430002BF6D0DB689847034600281C
:10C20000F1D000E00023184610BD00BFB02B002085
:10C2100038B5002401E0013464B2042C12DC0A4B6E
:10C2200053F82430002BF6D01B69002BF3D0E0B27A
:10C23000FFF744FF0028EED0034B53F824301B696E
:10C240009847E8E738BD00BFB02B002008B5044B85
:10C25000D870044B1B681B6C03B1984708BD00BF26
:10C26000982B0020942B002008B5044B1874044B25
:10C270001B685B6C03B1984708BD00BF982B00207A
:10C28000942B002030B591B00C4601238DF82C3052
:10C29000334B93F904208DF8312093F905108DF874
:10C2A0003210022822D001208DF830002D4BD87199
:10C2B0001A715971002199711C722B4B1B78F3B1C3
:10C2C00003F0A0FC01238DF804308DF8083001A89C
:10C2D00003F0D4FE244B1B7803B114B10BA804F077
:10C2E000A3F90F9A214B1A6011B030BD02228DF8CC
:10C2F00030201C4BDA711C7203F084FCEAE71F2328
:10C300008DF804308DF8082001A803F0B7FE202333
:10C310008DF80430124D95F904308DF8083001A8DD
:10C3200003F0ACFE22238DF8043095F905308DF82A
:10C33000083001A803F0A2FE21238DF8043095F9FE
:10C3400005308DF8083001A803F098FE29238DF8F8
:10C350000430074B029301A803F090FEB0E700BF42
:10C36000982B0020B4010020702A0020682B0020A8
:10C370000004000100B587B009238DF8043001A83E
:10C3800004F052F9059A044B1A6010B907B05DF831
:10C3900004FB4FF0FF30F9E7682B0020014B1868D1
:10C3A000704700BF682B002000B58BB001238DF8CB
:10C3B0000030684603F0EEFC20B99DF8040010B18F
:10C3C000012000E000200BB05DF804FB08B503F08D
:10C3D000D1F900B108BDFFF7E7FF012806D0054BF2
:10C3E000197AD879FFF74EFF0120F3E7FFF7F8FE3F
:10C3F000F0E700BFB401002070B586B004460D46DA
:10C40000164603F0B7F9002868D103F0D1F90028E7
:10C4100067D1FFF7C9FF012837D1354B1D72003DA9
:10C4200018BF01258DF80450324B93F904308DF874
:10C4300012306946607803F043FC70B300238DF836
:10C4400004300393ADF810306FF00605284B03F16C
:10C45000100C94E803008CE80300264A92F90420AB
:10C460009A72314601A804F0EBF9059A224B1A6042
:10C47000112830D8DFE800F0211C2F2F2F2F2F3864
:10C480002F2F2F2C2F2F1C1C1C291C4B197AD879CD
:10C49000FFF7F8FE6FF002050CE023788DF8083006
:10C4A0006378ADF81030636803934FF0FF35CDE744
:10C4B0006FF00105284606B070BD114B00221A70BE
:10C4C00015F1070FF6D00025F4E76FF00405F1E74A
:10C4D0006FF00505EEE74FF0FF35EBE76FF0010574
:10C4E000E8E76FF00205E5E76FF00205E2E700BF5D
:10C4F00098010020982B0020682B0020B401002018
:10C50000662B002000B583B003F05EF9FFF780FED4
:10C51000FFF766FE10B90B4B1B7813B903B05DF83B
:10C5200004FB00228DF800208DF801200192064BBB
:10C53000D9786846FFF760FF0028EFD1014B002251
:10C540001A70EBE7662B0020982B002010B58AB0FC
:10C55000044603F00FF998BBFFF726FF012832D1FC
:10C5600000238DF80030684603F014FC70BB9DF882
:10C570000430A3422DD0012C2ED0022C11D074BB3C
:10C580000BB9002026E08DF80440684603F076FDE4
:10C5900038BB1A4B1B681B6B33B3204698470020EF
:10C5A00018E01BBB8DF80440684603F067FD00BB34
:10C5B000124B1B681B6BFBB120469847002009E01B
:10C5C0006FF0010006E06FF0020003E04FF0FF3073
:10C5D00000E000200AB010BD4FF0FF30FAE7002065
:10C5E000F8E74FF0FF30F5E70020F3E74FF0FF30BA
:10C5F000F0E74FF0FF30EDE70020EBE7942B002051
:10C6000070B110B58AB0044600238DF8003068463A
:10C6100003F0C0FB38B99DF8043023700AB010BD98
:10C620004FF0FF3070474FF0FF30F7E710B584B0A0
:10C6300000238DF807301D4A01231370437853708F
:10C64000002B31D1044690F90420184B1A72B1F92D
:10C6500000205A7291F902209A72CA781A740269FB
:10C66000DA60C3788DF80830037B8DF80930836871
:10C6700003930F4B1B68DB6A13B10C4902A8984760
:10C680000B4B1B689B6B13B1227E02B1984721466E
:10C690000120FFF723FD0DF10700FFF7B1FF6379DC
:10C6A00013B1044B01221A7004B010BD84010020A4
:10C6B000942B0020662B002080B110B58AB0044670
:10C6C00020238DF80030684603F064FB48B99DF9DB
:10C6D00004302370044A13710AB010BD4FF0FF30CC
:10C6E00070474FF0FF30F7E7982B002000B58BB074
:10C6F00023238DF800300190684603F0BFFC10B989
:10C700000BB05DF804FB4FF0FF30F9E770B58EB069
:10C710000146744C1822204606F069FC724B002238
:10C720001A70FEF745FD22780123934041680B42C1
:10C7300006D16E4B01220021084609F0CFFBFEE72F
:10C740006B496C4803F088F8002840F0C580272327
:10C750008DF8103004A803F091FC002840F082808E
:10C76000654B01221A70644B1B78002B00F0AB80E4
:10C77000624B1B68DB690BB100209847FFF714FE82
:10C78000012800F0988027238DF8103004A803F0CA
:10C7900001FB059A92F84810524B197092F8181143
:10C7A000597092F81A219A70514BD9689868FFF71E
:10C7B000C3FB002840F0938006238DF8103004A8B6
:10C7C00003F0E8FA4E4C059B636104A803F056FCA5
:10C7D00002238DF81030059404A803F0DBFA03233C
:10C7E0008DF810300834059404A803F0D3FAFFF74D
:10C7F0003DFC0F268DF8106001238DF8143004A83D
:10C8000003F03CFC10238DF8103000258DF81450F7
:10C810000DEB030003F032FC04238DF81030314C93
:10C82000A3788DF8143004A803F028FC3A238DF87F
:10C8300010306369059304A803F020FC8DF80860AC
:10C8400002A9207805F07CF90190431B18BF012351
:10C85000E3711420FFF74AFFE07904F0DDF8284681
:10C860000EB070BD28238DF81030244B1B681B6957
:10C870004BB104A803F08EFA204B1B681B6940F2F1
:10C88000BC510598984727238DF8103004A803F071
:10C89000F5FB00287FF467AF01238DF8103004A862
:10C8A00003F078FA9DF81430002B3FF45CAF124B84
:10C8B00001221A7057E702F07BFF00283FF463AFB4
:10C8C00003F0A0F95FE705238DF8103000230593EE
:10C8D00004A803F0D3FB67E74FF0FF30C0E74FF049
:10C8E000FF30BDE7982B0020662B00204CAC0108E0
:10C8F0006C2B0020842B0020702A0020942B002019
:10C90000D42B002030B583B00D460023019304469C
:10C91000D8B900F027FD0190019BF3B1104A42F80D
:10C920002430104A9A62104A1268916B1963916C14
:10C9300059630E49D96292695A615B68F2220C49C7
:10C9400028469847002003B030BD01A900F010FD33
:10C950000028E1D04FF0FF30F5E74FF0FF30F2E76D
:10C96000B02B002085C20008942B002075C300085E
:10C97000742A002000B583B00191194B1860194B3F
:10C98000194A1A60194A5A60194A9A60194ADA60B3
:10C990000268194B1A6042685A6082689A60C268DD
:10C9A000DA60164A1A6182695A61154B1960C26BC6
:10C9B0005A60144A9A60144ADA6019460020FFF758
:10C9C000A1FF30B901A800F0D1FC28B903B05DF88F
:10C9D00004FB4FF0FF30F9E74FF0FF30F6E700BF00
:10C9E000942B0020842B00209DC100082DC6000838
:10C9F000BDCB000849C100086C2B0020A5CD000864
:10CA0000C42B00204DC2000869C2000861B118B1F2
:10CA1000012805D000207047054A0A6000207047B1
:10CA2000044A0A60002070474FF0FF30704700BF93
:10CA3000000400010300010208B504F00BF800B97E
:10CA400008BD6FF00100FBE708B503F009F900B974
:10CA500008BD6FF00100FBE760B100B58BB00322A9
:10CA60008DF800200190684603F094F928B90BB0C6
:10CA70005DF804FB4FF0FF3070474FF0FF30F6E7F2
:10CA800010B58AB00446FFF78FFC01280DD00323B0
:10CA90008DF800300194684603F0F0FA10B90020D8
:10CAA0000AB010BD4FF0FF30FAE74FF0FF30F7E764
:10CAB00068B110B58AB0044606238DF80030684688
:10CAC00003F068F930B9019B23600AB010BD4FF044
:10CAD000FF3070474FF0FF30F7E710B58AB00446DB
:10CAE000FFF762FC01280DD006238DF80030019479
:10CAF000684603F0C3FA10B900200AB010BD4FF029
:10CB0000FF30FAE74FF0FF30F7E7000020B1044AAA
:10CB100092780270002070474FF0FF30704700BFDE
:10CB2000982B002010B58AB0044604238DF80030FD
:10CB30008DF80400684603F0A1FA18B9034B9C7005
:10CB40000AB010BD4FF0FF30FAE700BF982B00206D
:10CB50000C4B9B787BB910B58AB0044620238DF826
:10CB600000308DF80400684603F088FA30B9054BB0
:10CB70001C710AB010BD4FF0FF3070474FF0FF300E
:10CB8000F7E700BF982B002080B110B58AB00446AB
:10CB900021238DF80030684603F0FCF848B99DF970
:10CBA00004302370044A53710AB010BD4FF0FF30B7
:10CBB00070474FF0FF30F7E7982B002010B58AB090
:10CBC00004462B4B00221A7042785A70294B1B687E
:10CBD0009B6A0BB12648984721460220FFF77EFA50
:10CBE0002378052B35D00B2B3CD0012B38D10623D5
:10CBF0008DF80030684603F0CDF801991E4BD879C6
:10CC0000FFF778F910B9019A1C4B5A611C4C204669
:10CC1000FFF752FD601CFFF7B7FF154B5B7883B140
:10CC2000154BFF229A71134B1B685B6A0BB11248BC
:10CC300098470F4B5B789BB90F4BD879FFF728FAD1
:10CC40000EE0231F00229A710E4B5878FFF77EFCEE
:10CC5000E9E70D4B01225A74227A9A74627ADA74E7
:10CC60000AB010BD6378002BFAD0FFF783FBF7E71B
:10CC700098010020942B0020B4010020D42B002028
:10CC8000B8010020982B00208401002010B58AB044
:10CC9000044621238DF800308DF80400684603F027
:10CCA000EDF918B9034B5C710AB010BD4FF0FF30BD
:10CCB000FAE700BF982B002079B110B582B00C467E
:10CCC00001A9FEF765FF58B91022019901312046EC
:10CCD00006F08DF9002002B010BD4FF0FF30704714
:10CCE0004FF0FF30F7E730B58BB004460D46FFF745
:10CCF0005BFB012814D064B907238DF8003001953F
:10CD0000684603F0BBF910B14FF0FF3006E0002099
:10CD100004E029462046FFF713F820B90BB030BDD8
:10CD20004FF0FF30FAE74FF0FF30F7E710B58AB069
:10CD3000FFF78AFE044610B120460AB010BD00F08D
:10CD400039F810F1020F12D000BB154B1B685B695C
:10CD5000FBB127238DF80030684603F01BF8104B19
:10CD60001B685B694FF4B8610198984701E06FF068
:10CD7000070400F02FF878B9002CDDD1084B1B68B0
:10CD8000DB69002BD8D001209847D5E74FF0FF345E
:10CD9000EFE74FF0FF34ECE74FF0FF34CCE700BF94
:10CDA000942B0020024B1A8810431880704700BF54
:10CDB000EC2B002008B5064B1B881BB102F02EFFA0
:10CDC00018B908BD6FF00100FBE76FF00200F8E74B
:10CDD000EC2B002010B50024024B1C8002F012FF47
:10CDE000204610BDEC2B0020014B1878704700BF87
:10CDF0000C2C0020014B5878704700BF0C2C0020F1
:10CE00007047704708B5054B9B7A13B1034B01225D
:10CE10005A70034B5B6903B1984708BD0C2C002086
:10CE2000C00100208C4B1B78002B00F00582C378DA
:10CE30000BB9837B1BB1884A138A01331382437B6E
:10CE4000002B00F0F981C378E02B40F0F58170B53C
:10CE500096B0814B00229A72846823787F2B00F26F
:10CE60009380DFE813F080009D00A200AA00B200CA
:10CE7000BF00C600DF00F0001D01310191009100EC
:10CE8000910091009100910091009100910091001A
:10CE9000910091009100910091009100910091000A
:10CEA00091009100910035013C01400191009100F9
:10CEB00091009100910091009100910091009100EA
:10CEC00091009100910091009100910091009100DA
:10CED00091009100910091009100910091009100CA
:10CEE00091009100910091009100910091009100BA
:10CEF00091009100910091009100910091009100AA
:10CF00009100910091009100910091009100910099
:10CF10009100910091009100910091009100910089
:10CF20009100910091009100910091009100910079
:10CF30009100910091009100910091009100910069
:10CF40009100910091009100910091009100910059
:10CF50009100910091009100910091009100910049
:10CF60004B016C017A013C4BDA6801219972002077
:10CF70001070D8689A7A54189C7206248454D86821
:10CF80009A7A54189C728154334B9B7A002B00F090
:10CF90004C81324B5B7A002B00F03D8116B070BDA6
:10CFA0002D4B012283F83420EEE72D4B9B6A002B9A
:10CFB000EAD0012102209847E6E76278264B83F801
:10CFC0003620012283F83520DEE704238DF8043073
:10CFD0006378003B18BF01238DF8083001A803F0E7
:10CFE0004DF8D1E76078003818BF012003F014FD38
:10CFF000CAE701AD1B4E0FCE0FC50FCE0FC596E889
:10D00000070085E8070063780A2BBDD8164A126826
:10D010005268002AB8D016A901EB830353F8540CC8
:10D020009047B1E76278531EDBB2012BACD8501E9B
:10D0300018BF0120084B18720B4B1B689B68002B14
:10D04000A2D09847A0E7044BDA680121997208231F
:10D0500013700B461BE000BF0C2C0020F02B0020AF
:10D06000C0010020749E0108082C0020826801F194
:10D07000010C525C7149CD688C7A04F1010E81F883
:10D080000AE001322A550133DBB25FFA8CF16B4AB8
:10D09000527A047BA24228BF22469A42E6D873E71E
:10D0A000664BDA680121997209211170188AD968D2
:10D0B0009A7A541C9C7288541A8AD868997A4C1CA3
:10D0C0009C72130A43545FE75C4B00221A825BE7B1
:10D0D00005238DF8043001A803F0A6FA54E7584B55
:10D0E000DB6A984750E76078544B5875554B1B687E
:10D0F000DB68002B3FF448AF984745E7037B072BDD
:10D100007FF442AF06238DF804306378A27843EAB7
:10D110000223ADF80830E378227943EA02236279EA
:10D1200043EA0243642202FB03F30393836893F907
:10D1300006308DF8103001A803F076FA24E73B237F
:10D140008DF8303000238DF834300CA802F096FFB3
:10D150003A4B012283F8342016E72A238DF8043055
:10D1600001A802F017FE0299039A344BDC68987A02
:10D17000451C9D727F25255432480068DD689C7AE5
:10D18000661C9E72C6782E55DD689C7A661C9E725F
:10D1900086782E55DD689C7A661C9E7246782E55E0
:10D1A000DD689C7A661C9E7200782855DC68987A47
:10D1B000451C9D72C1F307652554DC68987A451CAF
:10D1C0009D72C1F307452554DC68987A451C9D7211
:10D1D000C1F307252554DC68987A451C9D722154BB
:10D1E000D868997A4C1C9C72C2F307644454D8687E
:10D1F000997A4C1C9C72C2F307444454D868997ABB
:10D200004C1C9C72C2F307244454D868997A4C1C75
:10D210009C724254B8E60C4C4FF47A71204608F0E8
:10D220001DFD204608F0D4FCB8E6074808F076FC5F
:10D23000024B00225A70B1E6704700BF0C2C002050
:10D24000C0010020082C0020F02B002030B583B056
:10D25000274B5B7893B9264B93F83530002B3DD1A3
:10D26000234B93F834303BB1214B002283F8342018
:10D27000204B5B6B03B1984703B030BD08F00EFC48
:10D2800004461B4B5D68FFF789F80544A542E7D2C9
:10D29000174B9B7A002BE3D0E0228DF800208DF80D
:10D2A0000130134BDA6801920122197A6846FFF7C0
:10D2B000A3F810B110F1070F06D10D4B00225A70E0
:10D2C0009A720B4B5C60CBE70B4D40F2DC51284669
:10D2D00008F0C4FC284608F07BFCF2E7044B00226F
:10D2E00083F8352093F83600FFF730F9B8E700BF30
:10D2F0000C2C0020C0010020F02B002030B583B0A2
:10D3000088B1034679B113480360134BD9605A7250
:10D3100001221A7000220092104B4FF0FF3110488A
:10D3200008F09EFB04E000230A4A13600A4A1370C7
:10D33000094C002525822022294604F1140005F01D
:10D340006EFE6570A57484F8345084F8355003B0CF
:10D3500030BD00BF082C00200C2C002005CE00089A
:10D36000F02B002000487047C001002000207047CB
:10D370004FF0FF3070470000074B93F81831022B35
:10D3800004D0064B062283F890247047034B0222F8
:10D3900083F89024704700BFAC320020683800202A
:10D3A000014B83F8920470476838002008B5154B8C
:10D3B00093F8913413F0080F0ED0124890F891347E
:10D3C00023F0080380F89134D0F84433DB6800F28E
:10D3D0008C4100F58D6098470A4B93F8913413F017
:10D3E000020F0ED0074890F8913423F0020380F822
:10D3F0009134D0F844335B6800F28C4100F58460CE
:10D40000984708BD6838002010B1012901D00020DC
:10D410007047002AFCD0002070470000074BD3F86B
:10D42000403313F0800F08D0044A23F08001C2F883
:10D43000401323F08203C2F840337047683800205D
:10D44000064B1B6B4BB9054AB2F820310449D1F8A1
:10D450001C14013B01FB03F313637047AC32002043
:10D460006838002008B5844608461146064BDB6B39
:10D47000624649B29847054AD2F8403343F0020366
:10D48000C2F84033002008BD88B301086838002086
:10D490000246F8B101B3037B13F00F0305D090F8F7
:10D4A000200010B100200870704792F8280010B9D1
:10D4B00001230B7070472BB992F8200010B902239A
:10D4C0000B70704753B992F820204AB103220A70BA
:10D4D0001846704703207047032070471820704794
:10D4E00018207047884201D2002070470120704701
:10D4F00008B50B4B93F868100A4B93F81804FFF724
:10D50000F1FF50B9074B93F8913413F0020F04D098
:10D51000044B93F88F34012B00D908BD0120FCE7A0
:10D52000AC3200206838002008B5094B93F8681029
:10D53000084B93F81804FFF7D5FF40B9054B93F853
:10D54000913413F0020F02D0024B93F8440408BD4B
:10D55000AC32002068380020B0F1FF3F00D001302D
:10D560007047000010B5124B93F8913413F0020F7E
:10D5700004D00F4B93F88F34012B08D90D4B93F83F
:10D580001A3123B10B4CA06AFFF7E6FFA062084BEB
:10D59000002283F8182483F81A2483F81924D3F876
:10D5A000402322F00202C3F84023012010BD00BF37
:10D5B00068380020AC32002008B5044BD3F848335B
:10D5C00013B15B6903B1984708BD00BF68380020FC
:10D5D00008B5044A137843F004031370FFF7ECFF17
:10D5E00008BD00BF5C2C002008B5044BD3F84833BD
:10D5F00013B11B6903B1984708BD00BF683800200C
:10D60000044B93F8910410F0050000D170470120FD
:10D61000FCE700BF6838002008B5084BD3F840236A
:10D6200022F48072C3F8402393F8912442F0100250
:10D6300083F89124FFF7C0FF08BD00BF68380020C1
:10D6400000B585B00D4B93F87C208DF80A208DF83D
:10D6500009000D228DF8082093F88C3013B10E23A9
:10D660008DF8083002A9054B93F8480004F068FAD9
:10D670000190C0B205B05DF804FB00BFAC320020E1
:10D6800038B5044615460846FFF7DAFF2C44A04299
:10D6900001D2002038BD0120FCE70000F0B58FB0BA
:10D6A0003B4B93F81831022B02D03A4BDB6A984778
:10D6B000EFF3108772B608F0F1F9374B1D68374C5D
:10D6C000D4F8B0132D1A04F560762944304608F0DA
:10D6D000C5FA304608F07CFAD4F8B41304F566763F
:10D6E0002944304608F0BAFA304608F071FA87F358
:10D6F000108894F81A34002B34D1284B002283F878
:10D700004124254B1B68224FFB62244C94F81B24B8
:10D710008DF8102005930CAE304607F01BFF02ADCC
:10D72000D4F838350093D4F8343596E80600284606
:10D7300007F0ADFE07AB95E8030083E80300D4F8DB
:10D740001C34069301238DF8113097F830310BB952
:10D750008DF8113004A90E4B93F8480004F001FA3B
:10D760000FB0F0BD15238DF828300AA9084B93F8A7
:10D77000480004F0E5F90990D4F8B41304F5806486
:10D780000144204608F06AFA204608F021FAB8E77A
:10D79000AC32002088B30108582C002068380020E3
:10D7A00010B5074C204608F0B9F9A37E23B1A4F5C3
:10D7B0008063012283F81924FFF7FEFE10BD00BF2D
:10D7C000683C002008B50E4BD3F8402342F080029D
:10D7D000C3F8402393F81A3473B9094B93F8912492
:10D7E00042F0020283F89124D2B242F0100283F890
:10D7F0009124FFF7C1FD08BD0020FFF7D1FFECE742
:10D800006838002008B50B2003F042FC88B10B4BB0
:10D8100093F8910410F0010F0DD110F0040009D01D
:10D820001A46D3F8403323F00203C2F840330120F4
:10D8300000E0002008BD0020FCE700BF68380020A1
:10D8400038B5049C059DF2B19446F4B1FDB188B1A0
:10D8500001281ED1C3F30743012B02D003232370F9
:10D860000AE021B1032902D00123237004E002233E
:10D87000237001E0042323702A46BCF80E102078A0
:10D8800003F030FE38BD0920FCE70920FAE7092043
:10D89000F8E70520F6E7012800D9704708B5012A06
:10D8A00005D111F0200F04D003F09EFA01E003F03F
:10D8B0009BFA08BD2DE9F04F8FB0984600238DF8F4
:10D8C0002F30ADF82C309DF86030012B00F2E08253
:10D8D00005460C4617464FF00009BC4280F0D8823E
:10D8E000285D03F0D9FA2044B84200F3D182661CC7
:10D8F000F6B22B5D023B112B00F2CA82DFE813F077
:10D9000012002800AD00C0000D0125015E017A0162
:10D91000C601C802C802F601C802C80258026F0256
:10D920008E02A802052003F0B3FB08B93446D4E701
:10D930000521002003F060FBA31CDBB2A95DAA4A0D
:10D9400082F85C140334E4B2EB5C82F85D34C4E723
:10D9500000238DF80A308DF80B308DF80C308DF8DF
:10D960001430B9F1000F36D00534E4B2B5E7052321
:10D970008DF8243050E09D4B93F939309DF90A2001
:10D98000934203DA994B012183F81D11974B83F8D9
:10D9900039209DF80B2083F838209DF80C2083F85F
:10D9A00068204DE001220DF12F01032003F0A8F9BA
:10D9B0000134E4B29DF814308D49A1FB0321B4EB8E
:10D9C000910FEFD33344DEB2741EE4B2A7423AD9CA
:10D9D0002B5D032B36D1731E2B440893834B93F896
:10D9E0001A218DF8262093F87C108DF8251093F9D4
:10D9F00039108DF8271093F938108DF8281093F806
:10DA000068108DF82910D3F82C310793002AAED076
:10DA1000BB1B01338DF8243005AB019303AB00939E
:10DA20000DF10B030DF10A0207A9704890F84800A8
:10DA300004F0E6F88DF82F0000F0070007289AD0D0
:10DA40000024B7E73446BC4204D2013CE4B24FF0B4
:10DA5000010942E74FF001093FE70234E4B2AB5D50
:10DA600003F00F03614981F81B31012202FA03F32D
:10DA7000A1F8203100220BA9042003F041F92CE782
:10DA800007238DF82F30AB5DC3F302128DF81D20F4
:10DA900003F00F038DF81C30A21CD2B20F2B27D03D
:10DAA000E11CC9B2AB5C0893221DD2B2695C43EAA7
:10DAB000012308930534E4B2AA5C43EA02430893C5
:10DAC000642202FB03F3089307A9484B93F848002C
:10DAD00004F0A8F88DF82F0000F00703072B0DD0F5
:10DAE0008DF82C0001220BA9052003F009F9F4E6BA
:10DAF0003E4B93F970308DF81C30D1E79DF81C2017
:10DB00003A4B83F8702083F87820089ADA665A67CF
:10DB10009DF81D2083F86920E2E7334BD3F84833A2
:10DB20007BB11B687BB198478DF82C0008F03F0350
:10DB30008DF82D3002220BA9062003F0E1F83446BF
:10DB4000CBE6FF20F0E7FF20EEE703238DF82F3030
:10DB5000A31CDBB2AA578DF8182007AA0592E21C75
:10DB6000D2B2EB5C0793211DC9B2AA5C43EA02233F
:10DB70000793621DD2B2695C43EA014307936421B3
:10DB800001FB03F30793002308930634E4B2AB567A
:10DB90008DF8243005A9154B93F8480004F04BF894
:10DBA000C3B28DF82F300028FFF697AE8DF82C30D9
:10DBB00001220BA9072003F0A3F88EE60234E4B299
:10DBC000AB5D13F00F0300D101334FF47A7202FB07
:10DBD00003F3064A936503F57A73D36500220BA914
:10DBE000082003F08DF878E668380020AC32002079
:10DBF000CDCCCCCC0234E4B2AB5D00228DF80C204D
:10DC00008DF80D2013F0200F02D001228DF80D2089
:10DC100013F0100F02D001228DF80C2003F00F0337
:10DC20008DF80E3003A99C4B93F8480004F00CF8D3
:10DC3000B0F1FF3F3FF451AE9DF80CA0964E86F830
:10DC40007CA09DF80D3086F87D309DF80E30934A0B
:10DC5000D05CF3F7A7F8C6F8800002238DF81C30DB
:10DC60008DF81EA007A996F8480003F069FF0590FB
:10DC700040B296F939309842B8BF184686F8390054
:10DC800000220BA9092003F03BF826E603238DF8B8
:10DC90002F30A31CDBB2AA5D8DF81C20E11CC9B299
:10DCA000EB5C0893221DD2B2695C43EA012308931E
:10DCB0000534E4B2AA5C43EA02430893642202FBFF
:10DCC00003F3089307A9744B93F8480003F0C5FFCA
:10DCD000C3B28DF82F300028FFF6FFAD8DF82C3041
:10DCE00001220BA90A2003F00BF8F6E5092003F046
:10DCF000CFF928B96A4B002283F838243446ECE582
:10DD00000921002003F078F903A900230393049369
:10DD10000DF1140A059306930DF11C0B079308935C
:10DD2000A01CC0B2AB5D0393E21CD2B2285C43EAF4
:10DD300000230393201DC0B2AA5C43EA024303936D
:10DD4000621DD2B2285C43EA006303930634E4B256
:10DD5000AA5CADF810204FF47A7000FB02F2120AB0
:10DD6000ADF8102003C98AE803004E4A1A44059210
:10DD7000584607F0CDFB4A4ED6F83C330093D6F810
:10DD800038339AE806000CA807F081FB0D9B00933E
:10DD90000C9B9BE80600504607F05AFB9AE80300EC
:10DDA00007F094FB02F012FF012386F8383494E563
:10DDB0000C2003F06DF908B934468EE50C210020E3
:10DDC00003F01AF9364B93F89034043BDBB2012B85
:10DDD00001D8344681E502F0F5FE34467DE5A21C0B
:10DDE000D2B2AB5DE11CC9B2AA5C43EA0223221D98
:10DDF000D2B2695C43EA01430534E4B2A85C642111
:10DE000003FB01F100F00F0002F0DDFE8DF82C00A5
:10DE100001220BA9112002F073FF5EE50D2003F033
:10DE200037F908B9344658E50D21002003F0E4F82D
:10DE3000A21CD2B2A85DE31CDBB2AE5C0434E4B237
:10DE4000194A1268E95C40EA062002F0BEFE44E589
:10DE5000A11CC9B2AB5DE21CD2B2695C43EA0123EA
:10DE60000434E4B2AA5C43EA0243642003FB00F0FA
:10DE700002F0ADFE40B101238DF82C3001220BA938
:10DE8000132002F03DFF28E500238DF82C30F5E744
:10DE90000FB0BDE8F08F00BFAC32002024B3010802
:10DEA00068380020803DD512482C00202DE9F04331
:10DEB000A5B0B54B5E681D89B3F90A8093F90C7063
:10DEC00000230793B14AD2F8E490B14A117863F382
:10DED00000011170AF4C84F84434A4F88C8484F8A9
:10DEE0008E7494F8902484F88F2484F8233484F872
:10DEF000223484F82534C4F8283484F82C3484F887
:10DF00002D3484F82E34C4F8303484F82034C4F826
:10DF1000343484F83834C4F83C349F4BDB6A984777
:10DF200094F88F34D3B12946304602F038FED0B988
:10DF3000964B93F81831012B1DD0002D38D0347832
:10DF40006309013B062B00F21B83DFE813F0380066
:10DF50001903F2001903EE001903ED0204F56670CF
:10DF600007F0DCFDDFE78B4BA3F87E8483F8807439
:10DF700025B0BDE8F08302F016FE50B1002002F09B
:10DF800007FE002002F009FE824B042283F88F2452
:10DF9000D3E702F00AFE0028CFD0002002F0F9FDFE
:10DFA000002002F0FBFD7B4B052283F88F24C4E7A1
:10DFB000784B012283F82124FFF704FCD8E7102DC9
:10DFC00040F28A800896EDB28DF824506F4B93F89A
:10DFD0003031002B40F0878004A8FDF77DFF08AAB0
:10DFE00004A9FF2003F0D0FB002840F093809DF8A7
:10DFF000303003F00F030F2B12D09DF83030C3F3F5
:10E0000003038DF80C30614B93F87D208DF80D20C3
:10E01000072203A993F8480003F0B3FD002869D054
:10E020009DF82930594CC4F8E0309DF82A2043EA85
:10E030000223C4F8E0309DF82B2043EA0243C4F8E1
:10E04000E0300B99C4F8E4100220FDF753FF9DF86F
:10E050003030C3F3021284F8692003F00F030F2B52
:10E0600007D09DF83030C3F3030384F8703084F890
:10E0700078309DF83130454A936513B91346012233
:10E080009A65424CA36D4FF47A7202FB03F3A365C9
:10E090001344E365012684F86860002384F82E3178
:10E0A0000DF132032293113D8DF88C50394B93F8CA
:10E0B0001B348DF8843021A994F8480003F06CFDDE
:10E0C000022384F83031304602F0E2FFE8B9314BE8
:10E0D000012283F83C253FE22E4B012283F82124C4
:10E0E000FFF770FB44E72B4B012283F82124FFF755
:10E0F00069FB3DE7012002F0CBFF002800F02C82F5
:10E100000121072002F078FF26E23146002002F0CC
:10E1100073FFDCE7012002F0BBFF002800F01C8247
:10E120000121072002F068FF16E21A4B012283F852
:10E130002024164B93F87D208DF87E20154A92F905
:10E1400024248DF87D200D228DF87C2093F88C30CE
:10E1500013B10E238DF87C301FA90C4B93F84800A7
:10E1600003F0EEFC1E90A5F10D031BB223EAE3734E
:10E1700000B2834201DC0B2D10D8064B012283F83C
:10E180002124FFF71FFBF3E6482C0020AC320020CF
:10E190005C2C00206838002088B3010812968DF8A6
:10E1A0004C50A54B1B93FF238DF8703012A803F041
:10E1B000BDFB002836D1A14B93F81831012B38D084
:10E1C000149A9F4BC3F8342404A912A8FFF760F9EE
:10E1D0000546002858D1002307930346002B5AD048
:10E1E000012607AB01930DF11B030093934BD3F86A
:10E1F0002C3112AA9DF810103046FFF721FB0028A1
:10E2000000F08B80072800F083808D4B012283F87B
:10E210002124079A8A4BC3F83024C3F86C24FFF7F3
:10E22000D1FAA5E6864B012283F82124FFF7CAFA2A
:10E230009EE602F0B8FC88B1002002F0A9FC0020A4
:10E2400002F0ABFC7E4B042283F88F249DF854101F
:10E25000C1F30011149802F0BFFCB1E702F0A5FC75
:10E260000028ADD0002002F094FC002002F096FCC3
:10E27000734B052283F88F249DF85410C1F30011CD
:10E28000149802F0A9FC9BE76D4B012283F821242E
:10E29000FFF798FA6CE6184603EB4301674A02EB76
:10E2A0000112D2F8EC2014998A4202D00133DBB279
:10E2B00094E703EB4306614901EB061191F8E9107D
:10E2C0000029F3D05D4B302101FB003090F8EA606B
:10E2D000D0F80C110968079193F81831022B0BD074
:10E2E0009DF81030032B0CD19DF8543013F0600FC3
:10E2F00007D19146012574E7514B032183F88F1410
:10E30000EEE74F4B012283F82124FFF75BFA2FE65B
:10E310004B4B082283F821247BE712AB0093079B29
:10E320009DF81B204946304603F086F900284ED15F
:10E33000434B002183F8211483F82254C3F8281496
:10E3400083F82C14079AC3F83024C3F86C249DF882
:10E350005420C2F3401283F82E2483F8411483F82A
:10E36000442493F88F0401283FD9012D43D004F0B1
:10E37000E004A02C44D00023304A82F83A30304ADE
:10E3800082F820342D4B93F83A3023B99DF854305D
:10E3900013F0100F03D0294B93F818311BB1284B01
:10E3A000D3F83C341BB1264B012283F82524244B9F
:10E3B00093F840249DF85410FFF76DFA9DF8103043
:10E3C000032B00F29A80DFE803F03F66788802288A
:10E3D00006D01B4B0B2283F82124FFF7F3F9C7E586
:10E3E000174B0A2283F82124F7E7144B9962012284
:10E3F00083F81E21B9E7124B022283F82024C1E7DB
:10E400000E4B012283F83A2093F82E3113B91D9A4E
:10E410000A4B5A630A4B012283F820249042B1D957
:10E42000064BD3F89020064BC3F83C24054A1268EB
:10E43000C3F89824A6E700BFA03A0020AC32002021
:10E4400068380020482C00209DF85420574C94F840
:10E450008F3400933B4602F00F02002116A8FFF70D
:10E4600029FA9DF8683084F823341B9BC4F82834BB
:10E470009DF8703084F82C34012384F82D349DF8F5
:10E480006830E02B40D0494A92F8913443F00203BF
:10E4900082F8913460E09DF85420444C94F88F3415
:10E4A00000933B4602F00F02002116A8FFF702FA84
:10E4B0009DF8683084F82334E1E73C4C94F88F34BD
:10E4C00000933B469DF8702000211B98FFF7F2F95E
:10E4D0009DF8683084F82334D1E79DF86820334BE9
:10E4E00083F823241B9AC3F828249DF8702083F80E
:10E4F0002C24012283F82D24C1E72C4B012283F820
:10E500002124FFF75FF9BAE7294A92F81F21002A70
:10E51000B9D1264A82F823340023C2F8283482F87D
:10E520002C3482F82D34AEE76A1E224C92B2711C54
:10E53000204604F05CFD032284F8E821002284F8E0
:10E54000E921C4F8F041013D84F8F45194F85922CE
:10E5500042F0020284F85922144B93F88F34012BB5
:10E5600015D9124B93F88F34022B06D00F4A92F82C
:10E57000913443F0100382F89134FEF7FDFEF7E486
:10E580000A4B012283F82124FFF71CF9E4E7074B2B
:10E5900093F81A34002BE4D0044B93F84434002B46
:10E5A000DFD00020FFF7FCF8DBE700BF6838002071
:10E5B000AC320020A03A002010B50F4B93F8183170
:10E5C000022B02D00D4BDB6A9847FEF7D5FE0C4CB0
:10E5D000022084F8410402F03DFD94F81A3413B18E
:10E5E000012284F81924064A92F8913443F010036A
:10E5F00082F8913410BD00BFAC32002088B301080E
:10E600006838002008B502F0CCFA78B9094B93F8C5
:10E610001831012B01D0002008BD02F0C4FA38B92E
:10E6200002F0C3FA0028F7D00F20F5E70E20F3E739
:10E630000F20F1E7AC320020F8B505460C46344B0C
:10E6400093F81831022B02D0324BDB6A984702F064
:10E65000A8FA064648BB2E4B93F81831012B2BD055
:10E66000002E51D12C4B93F89034002B3BD12A4BE8
:10E6700093F81A3413B1284B83F84154284602F01A
:10E68000E9FC234BD86A07F013FA234BD3F8B433D1
:10E69000984239D3214C204607F040FA94F8F930DB
:10E6A00043F0100384F8F9302EE0022002F06FFAF4
:10E6B000002002F071FACEE702F075FA074650B971
:10E6C00002F073FA0028CBD0002002F062FA00209A
:10E6D00002F064FA18E0002002F05AFA002002F07A
:10E6E0005CFA3E46ECE70C4B93F81A3413B10A4B34
:10E6F00083F84144204602F0ADFC074A92F8913479
:10E7000043F0100382F89134FEF736FEF8BD00BFE7
:10E71000AC32002088B3010868380020003C00209B
:10E7200008B506210520FFF787FF08BD08B50421BD
:10E730000320FFF781FF08BDEFF3108172B6144A82
:10E7400013680020106081F3108803B310B5DCB2A9
:10E7500013F0200F0CD114F0100F0CD114F0080F8F
:10E760000CD114F0040F0CD114F0020F0CD110BD19
:10E77000FEF794FFEFE7FFF799FBEFE7FFF71CFFCA
:10E78000EFE7FFF7CDFFEFE7FFF7D0FFEFE77047C9
:10E790005C2C002009B90020704710B504460846DB
:10E7A00007F086F9A04201D8002010BD024B0022DC
:10E7B00083F83A200120F8E7AC32002008B5144B6A
:10E7C00093F8913413F0040F00D108BD012002F03A
:10E7D0005FFC78B1012002F025FC18B90C4B002237
:10E7E00083F818240A4AD2F8403323F00203C2F80F
:10E7F0004033EAE7062002F04BFC0028E5D0044A4B
:10E80000D2F8403323F00203C2F84033DDE700BF03
:10E810006838002008B50F4B93F804311BB1042B66
:10E820000AD0032008BD0C4803F0DFF868B9094B93
:10E8300093F80C211A80F5E7074803F00CF930B97A
:10E84000044B93F80C211A80ECE71120EAE7112021
:10E85000E8E700BF683800207039002070B582B04A
:10E860001E4C94F8486094F9693094F9392094F872
:10E870007D10304603F012FA194D0095E36C94F8C0
:10E88000502041B2304603F098F905F11803009387
:10E89000E36C94F8502094F9701094F8480003F059
:10E8A0008CF9A26DA5F56E73E868024445F8082C52
:10E8B000E26D696A0A4445F8042C93F80431042B8C
:10E8C00009D0236E1844A5F56E73C3F8B003626EC9
:10E8D0001144C3F8B41302B070BD00BFAC320020C5
:10E8E000203C002010B582B0002301930D4B93F81B
:10E8F000304114B9204602B010BD01A802F08EFAD2
:10E90000044668B99DF80420064B93F93910064B6C
:10E9100093F83702FEF7B4FE0028EBD10824E9E7AC
:10E920001324E7E7AC3200206838002030B583B00C
:10E9300000230193184B93F8043133B105460C467C
:10E94000042B0BD0032003B030BD144802F00AFEA4
:10E95000D8B9114B93F80C211A80F4E701A802F002
:10E96000B5FDA0B90C4B93F8183413B1019B013BD2
:10E9700001930A4B22462946019802F019FE40B93C
:10E98000054B93F80C211A80DDE71120DBE71220FC
:10E99000D9E71120D7E700BF683800207039002080
:10E9A00070B586B0064600238DF807308DF8080054
:10E9B000364D95F939308DF8093095F938308DF8A4
:10E9C0000A30D5F880300393D5F884300493304C66
:10E9D0002388ADF8143095F830318DF8163004F2F4
:10E9E0001C430DF1070202A995F8480003F0FCF85A
:10E9F000012384F8413495F8393084F842349DF885
:10EA0000073084F84334C4F85064D4F81C34C4F894
:10EA10004834C4F8583402F0CAF860BB1B4B93F872
:10EA20001831012B2FD002F0C5F8184B93F939009B
:10EA3000174B93F81B14C0B2FFF778FF0446B8B920
:10EA40001348D0F8403343F00203C0F8403390F845
:10EA500018340133DBB280F8183480F845340023D1
:10EA6000C0F898340B4B9B6A30F8021BC9B2984728
:10EA7000204606B070BDD4F81C0402F0AAF80028A5
:10EA8000CCD01024F4E702F0A6F8CCE7AC3200209A
:10EA90006838002088B301082DE9F0438DB00546A1
:10EAA000FFF7B0FD044618B120460DB0BDE8F08375
:10EAB000FEF7C6FCFFF7AEFE04460028F4D1364E42
:10EAC000336B049396F939308DF8183096F81C3171
:10EAD0008DF81A300DF12809484606F03BFD0DF17E
:10EAE00008082E4FD7F838350093D7F8343599E811
:10EAF0000600404606F0CBFC07AB98E8030083E82D
:10EB00000300F36A059300238DF8243001238DF868
:10EB100019303B88ADF8263096F830312BB90123F7
:10EB20008DF8243000238DF819301D4B1A4800F160
:10EB300030020092A3F1790204A990F8480003F092
:10EB4000A0F8C0B10B2824D1144AD2F8941491B182
:10EB50000DB90446A8E71546D2F8402342F020023A
:10EB6000C5F8402305F55A75284607F077F828467A
:10EB700007F02EF898E7FFF771FEFFF7B3FE0446A3
:10EB8000002891D1054B93F81B04FFF709FF0446B9
:10EB90008AE7044688E700BFAC32002068380020CE
:10EBA000FC3C002010B5164C204606F0B7FF54F888
:10EBB000283C23F0200344F8283CD4F83011114BB2
:10EBC000D3F89000FFF7E6FD00B110BD0120FFF77C
:10EBD00063FF0028F9D00B28F7D00A4B93F83920AF
:10EBE000A4F55A7383F8422493F8182483F8452433
:10EBF000092083F8410402F02DFAFEF7B3FCE4E7A4
:10EC0000D03B0020AC3200201C4B93F8913413F021
:10EC1000010F31D010B5194B93F840342BB1032BB1
:10EC200003D0012B06D0002002E0FEF761FC40B9C2
:10EC3000B0B110BD114B93F819347BB1FEF774FCE1
:10EC4000F5E70F4C204606F069FF54F8283C23F006
:10EC5000200344F8283CFEF785FCEAE70120E7E7BB
:10EC6000064B93F8912422F0100283F8912483F844
:10EC70001904FFF797FFDCE7704700BF68380020F2
:10EC8000D03B002038B5224BD3F8403383BB204B18
:10EC900093F8914414F0010506D01A4693F8913484
:10ECA00023F0010382F89134194B93F8913413F057
:10ECB000040F06D0164A92F8913423F0040382F828
:10ECC00091340120FEF76CFB35B11148D0F8443384
:10ECD0001B6800F58860984714F0040F09D101F013
:10ECE0006AFF0B4A92F8913423F0100382F89134B2
:10ECF00038BD084802F0D8F902F00EFA0028EED02C
:10ED0000034A92F8913443F0040382F89134E6E721
:10ED100068380020BC3C002030B583B0154C164D3F
:10ED20000095E36C94F8502094F9781094F848001A
:10ED300002F043FF0223EB7494F830312B7501236A
:10ED4000AB7405F13C02294694F8480002F041FFFB
:10ED500068B1A5F57A7494F8243484F86A34074BC2
:10ED60005B6B0020984794F8FB3384F8903403B031
:10ED700030BD00BFAC320020503C002088B30108F9
:10ED800038B50C4606F0CAFE0C4B1B6B98470C4A74
:10ED900021460C4B93F8480002F01BFF60B10A4D6E
:10EDA00095F8243485F86A34044B5B6B054A506D42
:10EDB0009847E37C85F8903438BD00BF88B30108DC
:10EDC0008C3C0020AC3200206838002008B5134B82
:10EDD00093F8903403B908BD104890F81B3480F8BC
:10EDE000D0330F4BDA6EC0F8D42393F87D2080F82F
:10EDF000E02393F88C2080F8E123002280F8E223BE
:10EE0000012280F8E32393F8303180F8E43300F5F1
:10EE1000747100F56670FFF7B3FFDCE76838002017
:10EE2000AC32002008B5114890F81B3480F8B83394
:10EE30000F4B93F9692080F8BB2393F87D2080F86D
:10EE4000C82393F88C2080F8C923002280F8CA23B5
:10EE500080F8CB2393F8303180F8CC3300F56E7115
:10EE600000F56070FFF78CFF08BD00BF6838002018
:10EE7000AC32002038B5314BD3F8403303B138BD44
:10EE80000446242104F0D4F8636A834253D06062BC
:10EE900001251C2104F1280004F0CAF8636C8342A8
:10EEA00002D0606445F002054FF4807104F148001F
:10EEB00004F0BEF8D4F84831834203D0C4F84801C6
:10EEC00045F00405D42104F5A67004F0B1F8D4F897
:10EED0002032834203D0C4F8200245F00805002107
:10EEE00004F5097004F0A4F8D4F82432834203D066
:10EEF000C4F8240245F010054FF45E7104F50A7061
:10EF000004F096F8D4F8A035834203D0C4F8A005E5
:10EF100045F02005142104F2A45004F089F8D4F837
:10EF2000B835834203D0C4F8B80545F040052846FB
:10EF3000FEF75AFBA3E70025ABE700BF68380020C7
:10EF400038B53E4BD3F84033012B01D0012038BDFA
:10EF50003B4C2421204604F06BF8636A834201D0C5
:10EF60001720F4E728341C21204604F061F8E369F7
:10EF7000834201D01720EAE720344FF48071204605
:10EF800004F056F8D4F80031834201D01720DEE7B0
:10EF900004F58274D421204604F04AF8D4F8D43021
:10EFA000834201D01720D2E7D8340021204604F054
:10EFB0003FF82368834201D01720C8E704344FF498
:10EFC0005E71204604F034F8D4F87833834201D0DF
:10EFD0001720BCE704F55F741421204604F028F8DC
:10EFE0006369834201D01720B1E7A4F2A455154C00
:10EFF00040F2BC522946204603F0F9FF40F2BC52D1
:10F000000021284604F00BF80C4B93F81B2483F8DE
:10F01000E823626FC3F8EC2394F87D2083F8F8238B
:10F02000012283F8FA23022283F8FB23064B9B6D0F
:10F0300094F819019847002089E700BF683800203C
:10F04000F02C0020AC32002088B3010810B582B04B
:10F05000114B1B78A3B1114CD4F8403343F48073A7
:10F06000C4F8403304F29C44204606F057FD0A21C0
:10F07000204606F0F3FD204606F0AAFD02B010BDC2
:10F08000054B01221A7000220092054B4FF0FF3110
:10F09000044806F0E5FCDEE7442C00206838002038
:10F0A00019D60008043D002008B5074A137843F03C
:10F0B00002031370FEF780FA044B012200210220A4
:10F0C00006F00CFF08BD00BF5C2C002098AC0108C6
:10F0D00008B5074A137843F008031370FEF76CFA7B
:10F0E000044B01220021022006F0F8FE08BD00BFFB
:10F0F0005C2C0020A8AC01082DE9F04180460F46A9
:10F1000016461D4606F0CAFC0C4C2060C4F804806C
:10F110002781668125730A4B1A7842F010021A7013
:10F12000D2B242F001021A70FEF746FA054B0122F4
:10F130000021022006F0D2FEBDE8F081482C00201C
:10F140005C2C0020B8AC010810B582B006F0A6FC1B
:10F150000C4B18606C46204606F0DAF90A4B94E82E
:10F16000030083E80300094A137843F02003137077
:10F17000FEF722FA064B01220021022006F0AEFE25
:10F1800002B010BD582C0020A03B00205C2C0020B9
:10F19000C8AC0108F0B591B018B95E4B002283F8F5
:10F1A00030215C4C0025A5625B4E86F8185486F829
:10F1B0001954C6F8985484F81B510127A4F82071FB
:10F1C00094F9DC3084F8383094F9DD3084F8393043
:10F1D00094F8B13084F8693004F16C0304F1B4029E
:10F1E00092E8030083E8030004F1740304F1BC0215
:10F1F00092E8030083E8030094F8C43084F87C307C
:10F2000094F8C53084F87D30D4F8C830C4F8803024
:10F21000D4F8CC30C4F88430B4F8D030A4F88830B6
:10F22000B4F8D230A4F88A3086F81A5484F83A50E8
:10F2300084F81D5184F81E51C4F8345184F83851B3
:10F2400084F83951C4F83C51C4F8405184F8455110
:10F2500084F8465184F847518DF8107004F509730D
:10F26000019304F50A7302932C4B039301A994F8BC
:10F27000480002F07EFC86F81B5486F8D053E36EFB
:10F28000C6F8D43394F87D3086F8E03394F88C30A7
:10F2900086F8E13386F8E25386F8E37394F8303168
:10F2A00086F8E43306F57A7406F5747CBCE80F0042
:10F2B0000FC49CE8030084E8030086F8FA73022375
:10F2C00086F8FB330E950F95D6F848331BB15A6874
:10F2D0000E925B690F93124B0593A3F148020692BD
:10F2E000A3F114020792293308930E4A0992A2F15E
:10F2F0009C030A93A2F198030B93131D0C9302F144
:10F300004C030D9302F598620EA905A801F03EFC8E
:10F3100011B0F0BDAC32002068380020602C002015
:10F32000D03C00209033002070B50446454B93F844
:10F330001851012D6DD0022D72D0002D7DD158BBFA
:10F3400003F174026C3393E8030082E80300204663
:10F35000012C23D0022C71D13A4B83F818413A4E3C
:10F3600006F57A7406F5747CBCE80F000FC49CE8BF
:10F37000030084E80300022386F8FB330023002BFC
:10F3800015DD314B002283F81A24304BDB6A984795
:10F39000FFF7C2FC284651E00320D9E7204601F0E0
:10F3A0000BFC0028D6D1274B83F81841D2E703EB9A
:10F3B0004301244A02EB011292F8E92032B1214ABA
:10F3C00002EB011292F80021022A02D001335BB253
:10F3D000D5E71C4A02EB0113D3F80411516793F8E7
:10F3E000083182F87830184B93F81B0483F8E8034F
:10F3F000C3F8EC1392F87D1083F8F81392F88C2080
:10F4000083F8F923032283F8FB23012283F8FA23EC
:10F41000B7E701F0D1FB88B90A4B83F818410DE03A
:10F4200068B9094B062283F89024064B83F818012B
:10F43000064BDB6A9847204600E0032070BD03209E
:10F44000FCE700BFAC3200206838002088B3010818
:10F4500070B582B0FF2809D00124184B93F83C35D1
:10F46000E3B92046FFF718FB02B070BD0020FFF79C
:10F470005BFF124D002485F80441AB1CC5F8083130
:10F48000FF2385F80C3185F80D4105F58770FCF7F1
:10F4900023FD05F58B70FCF701FDDEE7074D00232A
:10F4A00085F83C356E46304606F054F805F2345582
:10F4B00096E8030085E80300D3E700BF6838002022
:10F4C0002DE9F04383B005460E461746BDF8288067
:10F4D0005A4900220A8081F81A2401920092994622
:10F4E000CBB1574C42464946204603F080FD5FFAB7
:10F4F00088F084F8FF00A4F59C742B78A3702B7817
:10F500005B09042B09D0072B79D0022B09D00220EC
:10F5100003B0BDE8F0839046E3E7484B012283F84F
:10F520001A24464B042283F804219A1CC3F80821AC
:10F53000FF2283F80C212A7883F80D2183F82871A3
:10F54000404AD2F8E420C3F81021327883F814211D
:10F5500083F8300103F59C72C3F82C2101A801F057
:10F56000B5FF00285ED1019A344BA3F81621002183
:10F5700083F8451483F84414C3F84C24684601F01A
:10F580004DFC002850D1009B002BC1D02D4B93F98E
:10F590003900FEF755F8294B93F8373213B1009A2A
:10F5A0000F2A15D913B1009B0F2B21D8264A694683
:10F5B00001F040FC00283DD1204B002283F8282197
:10F5C00003F2B442C3F82C21009A83F830219FE75C
:10F5D0001E4A69460F2001F02DFC38BB3378009A93
:10F5E00062F303033370DAB2144B83F814218FE70C
:10F5F000154A694601F01EFCD0B1132088E7B9F125
:10F60000000F19D0002883D0114C5FFA88F24946C8
:10F61000204603F0ECFC94F83432013324F8033C28
:10F62000002075E7122073E7132071E713206FE7BE
:10F630000A206DE713206BE7002069E76838002097
:10F64000A0390020AC3200201C3D00208039002071
:10F650006B3800202DE9F0478AB017469846444C95
:10F6600094F939A094F93890A26A089294F830314C
:10F67000002B7AD005460E4694F81B310BB90021B9
:10F68000216300238DF82430394890F81A1161F372
:10F69000C7138DF8243090F81831012B52D0344B19
:10F6A00093F83A302BB19DF8243043F020038DF8C5
:10F6B000243001238DF80C308DF80D1004922C4964
:10F6C000B1F88830ADF81430B1F88A30ADF81630A2
:10F6D0008DF818A08DF8199091F87C308DF81B30BA
:10F6E00091F848308DF81C300B4613F8682F8DF8D0
:10F6F0001A2008AA009201F13802393103A801F05A
:10F70000CBF99DF8243060F386138DF82430CDF8C2
:10F7100000803B46324609A92846FFF7D1FE044641
:10F7200008B10A2804D19DF84800FFF7B5F904464E
:10F730007CB10F4B83F839A083F8389020460AB08B
:10F74000BDE8F0879DF8243043F010038DF8243095
:10F75000A5E7074B002283F83A20089A9A6201F045
:10F760002BFB0028EAD01324E8E70724E6E700BFD4
:10F77000AC3200200C4BD3F84033012B0CD00B4A99
:10F78000127812F0010F09D153B9074B93F8923454
:10F79000012B07D0012070470020704701207047DF
:10F7A0000120704700207047683800205C2C002042
:10F7B000044BD3F84033012B01D0002070470120C7
:10F7C000704700BF6838002008B5FEF7B5FF01F0AC
:10F7D00004FA1F4B93F8913413F0100F0DD1FDF77D
:10F7E000E5FD1B4B93F89034022B22D0184B93F875
:10F7F000913413F0200F1FD108BD0020FDF7D0FD7C
:10F80000FDF70CFEFDF7FCFE10B1FDF7FBFF18B98C
:10F81000FEF7D4FFFFF7F8F9FFF734FA0120FDF700
:10F82000BFFD0B4A92F8913443F0200382F89134E3
:10F83000D5E7FFF771FAD9E7054A92F8913423F03A
:10F84000200382F891340348FFF714FBD4E700BF8C
:10F8500068380020AC3200202DE9F04F8BB0002832
:10F8600000F09981884691460746002900F095816D
:10F870000368002B00F093814368002B00F0918116
:10F880008368002B00F08F81C368002B00F08D810E
:10F89000104602F04FF9002800F08981384601F047
:10F8A0005DFBC94C40F2BC520021204603F0B7FB7F
:10F8B000C64D4FF4A8620021284603F0B0FB84F83F
:10F8C0004890002684F8186184F88C60C04BC4F816
:10F8D0002C318DF8186004F50973039304F50A734D
:10F8E0000493BC4B059303A9484602F042F90F2349
:10F8F0008DF8203008A994F8480002F021F907900B
:10F90000801B18BF012084F81C014FF00A0A8DF8F3
:10F9100020A008A994F8480002F012F9079084F892
:10F92000DC004FF006098DF8209008A994F84800F3
:10F9300002F006F9079084F8DD0010238DF82030DE
:10F9400008A994F8480002F0FBF80790C4F89C005E
:10F9500011238DF8203008A994F8480002F0F0F83F
:10F960000790C4F8A00012238DF8203008A994F85D
:10F97000480002F0E5F80790C4F8A40013238DF8BE
:10F98000203008A994F8480002F0DAF80790C4F88B
:10F99000A80014238DF8203008A994F8480002F03C
:10F9A000CFF80790C4F8AC0016238DF8203008A9D2
:10F9B00094F8480002F0C4F8079084F8B1001723C7
:10F9C0008DF8203008A994F8480002F0B9F80790A3
:10F9D000C4F8B400C4F8BC0018238DF8203008A97E
:10F9E00094F8480002F0ACF80790C0B284F8B80070
:10F9F00084F8C0001D238DF8203008A994F8480031
:10FA000002F09EF8079084F8C4001E238DF8203081
:10FA100008A994F8480002F093F8079084F8C5000C
:10FA20001F238DF8203008A994F8480002F088F8C8
:10FA30000790079BC4F8C83020238DF820300DEBC9
:10FA4000030194F8480002F07BF80790079BC4F884
:10FA5000CC300B238DF8203008A994F8480002F030
:10FA60006FF80790A4F8D0000C238DF8203008A977
:10FA700094F8480002F064F80790A4F8D2004FF020
:10FA8000010B84F8B0B0C4F894A084F89890C4F83E
:10FA90004CA084F85090D4F89C306365D4F8A03022
:10FAA000A365D4F8A430E365D4F8A8302366D4F86D
:10FAB000AC30636684F868B084F81FB1C5F8488339
:10FAC0003046FFF767FB84F819B1C5F8447385F831
:10FAD0009164C5F840B3E662266300963E4B324619
:10FAE0004FF0FF3105F55A7005F0BAFF00963B4B19
:10FAF00032464FF0FF3105F5607005F0B1FF00961A
:10FB0000374B32464FF0FF3105F5667005F0A8FF20
:10FB10000096344B32464FF0FF3105F5806005F01A
:10FB20009FFF85F83CB5304B1E60304BC5F84C3319
:10FB30002F4BC5F854332F4BC5F85C332E4BC5F80B
:10FB400050332E4BC5F858332D4B1B6805F55370B9
:10FB5000984704F5A670FCF70BF868BB204601F047
:10FB600095FC58BB01F0BCF850BB04F1E80001F073
:10FB7000DFFC044630BB224D6B69984703F024FA42
:10FB8000AB6D114A92F819019847EB6A98475846AD
:10FB9000FDF706FC0CE003240AE0032408E003243C
:10FBA00006E0032404E0032402E0032400E0092427
:10FBB00020460BB0BDE8F08F1124F9E71124F7E7D8
:10FBC0001324F5E71124F3E7AC3200206838002055
:10FBD00000040001602C0020A5EB000825EE0008C1
:10FBE000CDED0008A1D700085C2C002049F10008E9
:10FBF000F9F00008D1D50008D1F00008A9F00008FC
:10FC000088B3010810B50024034BC3F84043FDF747
:10FC1000B3FB204610BD00BF6838002008B5FFF7D1
:10FC2000A9FD30B10B4BD3F84033012B10D001208C
:10FC300008BD094B93F81831022B05D0054B012262
:10FC4000C3F840230020F3E7044BDB6A9847F5E74D
:10FC50000020EDE768380020AC32002088B30108AE
:10FC600070B5134C204605F059FF04F1180005F05B
:10FC700055FF04F1300005F051FF04F1980005F044
:10FC80004DFF00F097FF0B4BDB6A9847002544F8C7
:10FC9000285C094E3046FFF7EDF840F2BC52314681
:10FCA000064803F0A4F9012344F8283C284670BD17
:10FCB000D03B002088B30108AC320020F02C00209B
:10FCC00030B58BB00446314B986A049093F9DD202F
:10FCD0008DF80F2093F9DC308DF80E302C4B93F813
:10FCE00018248DF80D2000230293002948D00D46DA
:10FCF0008DF81430254B93F81A118DF815100690D5
:10FD0000B3F88810ADF81C10B3F88A10ADF81E10C7
:10FD100093F939108DF8201093F938108DF82110CF
:10FD20008DF8222093F87C208DF8232093F848301A
:10FD30008DF8243004AB00930DF10D030DF10E028C
:10FD40000DF10F0105A800F0A7FE9DF90F00FDF7CA
:10FD500077FC687002A801F061F898B9029B0F2B3C
:10FD60000AD86A78934207D8D31A2B70029B1C4496
:10FD7000A24209D30BB030BD00232B700820F9E755
:10FD80000320F7E71320F5E70820F3E7AC32002063
:10FD900068380020002800F05F8110B584B0044668
:10FDA0000078412800F25481DFE810F0420047005B
:10FDB0004D00520057005D00630052015201520194
:10FDC000520152015201520152016B007100770041
:10FDD00084008C0094009C00B100A400BE00C4000C
:10FDE000C900CE00D300D800DD00EE00F400000111
:10FDF000FA0006010B0111011F0117011B0152013D
:10FE00002501520152015201520152015201520187
:10FE1000520152015201520152015201520152014A
:10FE20002E0134013A01400146014C0158015801AC
:10FE30008C4B93F81831237111E18A4B93F83031D0
:10FE4000237100200BE16068FCF728F8002006E130
:10FE50006068FCF741F8002001E1824B93F81A3109
:10FE600023710020FBE07F4BD3F8E030636000207B
:10FE7000F5E0211D7B4B93F83001FCF749F8002099
:10FE8000EDE0784B93F8193123710020E7E0754BD2
:10FE900093F88C3023710020E1E01C238DF80830AA
:10FEA00002A9704B93F8480001F04AFE019060608F
:10FEB0000020D4E004346C4B93E8030084E8030092
:10FEC0000020CCE00434694B93E8030084E803008D
:10FED0000020C4E00434664B93E8030084E8030088
:10FEE0000020BCE00434634B93E8030084E8030083
:10FEF0000020B4E01A238DF8083002A9594B93F87A
:10FF0000480001F01DFE019060600020A7E0192369
:10FF10008DF8083002A9534B93F8480001F010FE09
:10FF20000190606000209AE04E4B93F86830237196
:10FF3000002094E04B4B5B6D636000208FE0494BE9
:10FF40009B6D636000208AE0464BDB6D63600020A0
:10FF500085E0444B1B6E6360002080E0414B5B6E8C
:10FF6000636000207BE002238DF808303D4B93F85E
:10FF70007C208DF80A2002A993F8480001F0E0FDEA
:10FF80000190207100206AE0364B93F9DD30237137
:10FF9000002064E0334B93F93930237100205EE098
:10FFA000304B93F9DC302371002058E02D4B93F94E
:10FFB00038302371002052E02A4BDB6C6360002054
:10FFC0004DE0284B93F850302371002047E0254B3B
:10FFD000D3F884306360002041E0224B636000204E
:10FFE0003DE0254B6360002039E01E4BD3F8CC3058
:10FFF0006360002033E01B4BD3F82C31636001F0C9
:020000040801F1
:1000000059FEA06000202AE0164BD3F890306360C0
:10001000002024E0134B93F81F31237100201EE0D1
:10002000104BB3F88830A380002018E00D4BB3F8D4
:100030008A30A380002012E00A4BB3F8D030A380AE
:1000400000200CE0074BB3F8D230A380002006E07C
:10005000204600F0B3FD02E003207047182004B0F2
:1000600010BD00BFAC3200201833002060330020E8
:100070002033002068330020F02C002030B585B0FC
:10008000002800F0CB820546A04BD3F8403313F094
:10009000020F40F0C5820478412C00F27C82DFE838
:1000A00014F04200470050005900610067006D00E5
:1000B0007C0089009600A300B000BD00CA00D700F4
:1000C000E400EF007A02F5001B013F016D0197018A
:1000D0008701A701B201B701BC01C101C6017A02C3
:1000E000CB01E0010E02F90123022E0236023C028E
:1000F00042027A0246027A027A027A027A027A028C
:100100007A027A027A027A027A027A027A027A020F
:100110007A027A027A0256025C02620268026E0277
:1001200074027E027E020079FFF7FEF8044637E291
:100130000379022B00F03E82754A82F830310024A8
:100140002EE24068FBF79CFE0446002800F028825F
:10015000032425E24068FBF7AFFE002840F0208230
:1001600004461DE202796A4B83F81A21002417E243
:100170004268674BC3F8E020002411E24168644BF9
:1001800093F83001FBF7B6FE0446002840F01482D5
:100190006A685F4BC3F8E42002E24168002900F07E
:1001A0000D82002001F0CEFA0446002800F0F8810C
:1001B000112436E24168002900F00282012001F09A
:1001C000C1FA0446002800F0EB81112429E24168BD
:1001D000002900F0F781082001F0B4FA0446002855
:1001E00000F0DE8111241CE24168002900F0EC815E
:1001F000092001F0A7FA0446002800F0D18111245B
:100200000FE24168002900F0E1810C2001F09AFA28
:100210000446002800F0C481112402E2416800294C
:1002200000F0D6810D2001F08DFA0446002800F080
:10023000B7811124F5E14168002900F0CB810E203F
:1002400001F080FA0446002800F0AA811124E8E1B8
:100250004168002900F0C0810F2001F073FA0446C4
:10026000002800F09D811124DBE10079284B83F800
:100270001901284CA36D9847E36A984700248FE141
:100280000279234B83F88C20002489E190F908300F
:100290008DF804301E4B93F87D208DF80520072241
:1002A00001A993F8480001F06CFC08B9032477E138
:1002B0006B680193002201A9154B93F8480001F0E7
:1002C00060FC002800F08A81134B043595E8030098
:1002D00083E80300002463E190F908308DF80430CE
:1002E0000B4B93F87D208DF80520072201A993F888
:1002F000480001F046FC002800F07281074B0435ED
:1003000095E8030083E80300002449E168380020F1
:10031000AC32002088B3010818330020603300207D
:1003200090F908308DF80430B54B93F87D208DF8A6
:100330000520072201A993F8480001F022FC0028BB
:1003400000F05081AE4B03F17402043595E80300D0
:1003500082E8030093F81831022B01D000241FE13A
:10036000A2F1740393F83041002C00F01981A54BE1
:10037000DB6A9847FEF7D0FC002411E190F90830C1
:100380008DF804309E4B93F87D208DF805200722D0
:1003900001A993F8480001F0F4FB002800F0248143
:1003A000994B043595E8030083E803000024F7E047
:1003B0004368029301238DF80C3002A9904B93F807
:1003C000480001F0F1FB002800F010810024E7E074
:1003D0004368029300238DF80C3002A9884B93F8F0
:1003E000480001F0E1FB002800F002810024D7E082
:1003F0000279531EDBB20E2B00F2FC80804B83F897
:1004000068200024CCE042687D4B5A650024C7E098
:1004100042687B4B9A650024C2E04268784BDA65FB
:100420000024BDE04268764B1A660024B8E04268BA
:10043000734B5A660024B3E090F904308DF8043011
:10044000062201A96E4B93F8480001F09AFB0028A0
:1004500000F0D2809DF90420694B83F8DD20002450
:100460009EE090F904308DF80430654B93F87C20C1
:100470008DF80620052201A993F8480001F081FBC0
:10048000002800F0BB809DF904205D4B83F83920E3
:10049000002485E090F904308DF804300A2201A987
:1004A000574B93F8480001F06CFB002800F0B08037
:1004B0009DF90420524B83F8DC20002470E090F971
:1004C00004308DF80430092201A94D4B93F84800FF
:1004D00001F057FB002800F09D809DF90420484B57
:1004E00083F8382000245BE04368B3F5FA7F00F21C
:1004F0009380434AC2F89430D364002450E00279D8
:100500003F4B83F8982083F85020002448E042684D
:100510003B4BC3F88420002442E04268384BC3F8C8
:10052000CC2000243CE0FEF70BFD044638E0837944
:10053000012B01D9032433E04268314BC3F82C214D
:10054000406800F0BBFF044650B3112469E04268E4
:100550002B4BC3F89020002422E00279284B83F82B
:100560001F2100241CE08288254BA3F8882000244A
:1005700016E08288224BA3F88A20002410E08288AB
:100580001F4BA3F8D02000240AE082881C4BA3F85C
:10059000D220002404E000F013FB044600E01824FD
:1005A000002C3ED1194A92F8913443F0200382F88E
:1005B000913436E00324F3E70324F1E70324EFE763
:1005C0000324EDE70324EBE70324E9E70324E7E74B
:1005D0000324E5E70324E3E70324E1E70324DFE75B
:1005E0000324DDE70324DBE70324D9E70324D7E76B
:1005F0000324D5E70324D3E70324D1E70324CFE77B
:10060000AC32002088B3010868330020683800202D
:100610000324C5E70324C3E70324C1E7032400E060
:100620000124204605B030BDF0B587B00023ADF8F9
:100630001030002800F0FB8005460361FFF79AF8B0
:1006400018B10124204607B0F0BD00F06BFD06464E
:1006500008B10124F6E700F05FFD08B3754B0121F6
:1006600083F8551493F8912442F0040283F89124FE
:100670002B788DF814308DF8151000228DF8172086
:100680008DF816201C46013B0C2B00F2B180DFE8F0
:1006900003F00DAFAFAF5D67AFAF70AF9E7F95005A
:1006A00014220021644802F0BAFCD7E7614BD3F86A
:1006B000403313F0200FC5D12B79022B03D0012B2F
:1006C00026D0022495E00020FEF764FD5B4C00225A
:1006D00095F9051094F8480001F0C8FA84F839003B
:1006E00095F9063084F8383007238DF81530FF204F
:1006F000FEF7AEFE044600287BD0504F012295F94C
:10070000051097F8480001F0B1FA87F8390070E059
:100710004A4E002486F81D4102238DF80C306946AC
:1007200096F8480001F025FA2B7986F830318DF8DB
:10073000154001268DF81660FCF73EFF3D4A92F801
:10074000913443F0100382F8913452E0002204A95E
:10075000022000F0D5FA044600284AD0132448E0CD
:1007600095F90C20D2B2A968A888FCF77BFE044654
:100770003FE069460D2000F00FFB0446C8B300229D
:1007800004A90D2000F0BCFA044690B3132430E015
:100790002A4B93F818310BB102242AE02C7904F08B
:1007A000070000F006FA8DF81040012204A910207D
:1007B00000F0A6FA0446E0B113241AE0002204A9CE
:1007C000122000F09DFA044698B1132411E0012391
:1007D0008DF8173000F0DEF9044608B1012408E076
:1007E00000F0D5F9002000F0D7F92646002400E0FB
:1007F0000224104BD3F894342B617CB100F08CFCB4
:1008000000287FF41FAF0B4B002183F81A1493F8D4
:10081000912461F3820283F8912413E705A800F084
:10082000B1FB002E3FF40EAFFEF710FC0AE70324E5
:1008300008E700BF68380020BC3C0020AC32002034
:100840002DE9F04F91B00391002800F0DB804FF0CC
:1008500000080546C0F81080FEF78CFF074618B167
:10086000012011B0BDE8F08F06AC2E460FCE0FC4AC
:10087000C4F8008041468DF83080644C1422204634
:1008800002F0CDFB01236370614B93F83031022BF2
:1008900071D09DF81890B9F1010F7FD0B9F1030F15
:1008A00000F08E80B9F1000F40F09A809DF8303052
:1008B000022262F347138DF830309DF81C30049308
:1008C000089B0593BDF824809DF926B001270223DB
:1008D0008DF838304E4E96F87C308DF83A300EA9AF
:1008E00096F8480001F02CF90D9044B2A345B8BF2A
:1008F000A34696F81AA196F81D2196F83011504695
:10090000FCF782FD034600B95C46002F74D0BAF1B3
:10091000000F00D09BB18DF82C403D4B93F87C200C
:100920008DF82E2005220BA993F8480001F029F933
:10093000002869D09DF92C20354B83F83920354BA0
:10094000D3F89814324BD3F89000FDF723FF039BA4
:1009500000934346059A04990CA8FEF77BFE0028F5
:1009600045D12C4B83F8409493F8912442F0010236
:1009700083F8912441E0264B93F81831022B88D15B
:10098000234B93F81E31002B83D19DF81830002B98
:100990007FF47FAF01238DF818307AE79DF830306F
:1009A000042262F347138DF830309DF81C30049315
:1009B000089B0593BDF824809DF926B0012786E7A2
:1009C0009DF8303043F0E0038DF83030079B0593FD
:1009D000BDF820809DF922B001270023049376E71B
:1009E0004FF0000BCDF814B0CDF810B06FE7094B05
:1009F000002283F81A2400E00220064BD3F8943436
:100A00002B612EE703202CE703202AE7A83C0020D7
:100A1000AC3200206838002010B582B004468DF852
:100A200004000F2201A9094B93F8480001F0A9F82E
:100A300048B1064B83F81C41054A92F8913443F0C3
:100A4000200382F8913402B010BD00BFAC32002008
:100A50006838002038B5FFF7E1F810B101242046CE
:100A600038BD04460A4D284605F058F805F118002F
:100A700005F054F805F1300005F050F800F09AF850
:100A80000020FEF787FB034BDB6A9847E7E700BFD0
:100A9000D03B002088B301082DE9F04F8BB00F4602
:100AA00016461D4690F90C9090F90DA090F80EB0E6
:100AB0004268149B1A6090F80180B8F1000F09D1C8
:100AC00087F8009086F800A085F800B040460BB08B
:100AD000BDE8F08F044602238DF82030C37B8DF8EB
:100AE000223008A9007C01F02BF8079043B2019353
:100AF0004B45B8BF4B460093626823899A4201D2A6
:100B00004FF0000861890B449A4224D2636821891E
:100B1000628901EB4200834232D35B1AB3FBF2F1EC
:100B200002FB11337BBB019B994503DC2378EBB9B6
:100B30004FF0010B21238DF82030009B8DF82130E0
:100B4000E37B8DF8223008A9207C00F0F9FF0790A4
:100B50004FFA80F9B4E70A238DF8203008A9207CE9
:100B600000F0EEFF07904FFA80FACFE702238DF8EE
:100B7000183003A9207C00F0FCFF4FF0010BD9E7EF
:100B8000DDF800909CE7DDF8009099E7704770472A
:100B900070477047002070477047704770470020CB
:100BA00070470020704700207047002070470020E9
:100BB00070477047704770470220704702207047A7
:100BC0000220704770470020704770477047002030
:100BD00070470020704770477047704700230F2B05
:100BE00004D8C25C22B901339BB2F8E701207047F8
:100BF0000020704738B500252C010834064B1C44F2
:100C00002046FFF7EBFF20B90135EDB2202DF3D1DF
:100C10000024204638BD00BFA83D002020B100229E
:100C2000026042600120704700207047034660B1B7
:100C300069B102683AB15A6802B1116000220A60D3
:100C40005960012070470160F5E7002070470020DF
:100C5000704760B161B10068814202D100207047E5
:100C600018460028FBD003688B42F9D170477047C3
:100C700008467047B8B138B50C460546A9B1FFF72C
:100C8000E8FF2B68A34209D06B68A34209D008B1E2
:100C90002368036000232360012038BD23682B6094
:100CA000F2E76860F3E7002070470020F5E70000F6
:100CB000112805D8034B23FA00F000F0010070471B
:100CC00000207047200702000020704730B108B5AF
:100CD0001022002102F0A3F9012008BD0020704776
:100CE00010B5064C4FF403720021204602F097F92C
:100CF0002046FFF793FF002010BD00BFA83D002055
:100D000021B3F8B5054614460F46FFF773FF0646B4
:100D1000F0B101461048FFF789FFD8B13571B460D2
:100D2000A2B23946701D02F062F92846FFF7C0FFF3
:100D300030732846FFF7C8FF7073074AD2F80832AD
:100D400023440133C2F808320020F8BD0120704767
:100D50000220FAE70520F8E7A83D0020A0B110B571
:100D6000044601460B48FFF785FF78B1094AD2F8DF
:100D70000832A1685B1A013BC2F808322046FFF72F
:100D8000A5FF28B1002010BD012070470320FAE71D
:100D90000520F8E7A83D0020064B1B6800E01B6813
:100DA00013B11A798242FAD10B600BB1002070475F
:100DB00003207047A83D00200A4B186820B1037B30
:100DC0001BB10068FAE710BD704710B50468FFF763
:100DD000C5FF20460028F6D0037B002BF6D0006824
:100DE000F8E700BFA83D002070B50B4B1C6800E081
:100DF00034467CB1266825792846FFF759FF00283C
:100E0000F6D02846FFF760FF0028F1D12046FFF713
:100E1000A5FFEDE7002070BDA83D002028B1044AE1
:100E2000D2F808220260002070470120704700BFFE
:100E3000A83D00202DE9F041164B1C682AB3074657
:100E40008846164619B3002194B17A1AA368013373
:100E50009A420DD34D1CEDB2237973542289611D42
:100E6000701902F0C4F8A3681D44E9B22468EBE7E6
:100E70002CB125682046FFF771FF2C46F8E7404665
:100E8000FFF7CCFF0020BDE8F0810120FBE7012047
:100E9000F9E700BFA83D0020831E112B0AD8DFE828
:100EA00003F0230B0D240F11131517090919090954
:100EB0001B1D1F210020704705207047022070472E
:100EC00001207047062070470220704702207047BB
:100ED00005207047062070470120704705207047A5
:100EE000042070470420704703207047034B98424A
:100EF00001D0043070470248704700BFD03F002047
:100F0000C03F002008B1002070470120704704282E
:100F100001D800207047012070470000F8B5064650
:100F20000C460D4B93F820703846FFF7EBFF70B975
:100F30000025AF4209D92378B3420AD02046FFF7F3
:100F4000D5FF04460135EDB2F3E70020F8BD0020DF
:100F5000FCE72046FAE700BFB43F002010B5084C7C
:100F60002060002384F8203004F10C006060A06051
:100F70001422FF2102F053F8012384F8213010BD20
:100F8000B43F002038B505460F4B93F82000FFF71B
:100F9000BEFFB8B90C4CA3682A781A70A3686A78A7
:100FA0005A70A368EA78DA70A368AA789A7094F8FD
:100FB0002030013384F82030A068FFF797FFA0604D
:100FC000012038BD0020FCE7B43F002038B5094BB4
:100FD00093F820402046FFF795FF48B9054D013CA6
:100FE00085F820406868FFF781FF6860012038BD00
:100FF0000020FCE7B43F002038B505460C46084BFE
:1010000093F82000FFF77EFF48B9054B9A685968AE
:101010002046FFF783FF10B145700122827038BD72
:10102000B43F002010B50446094B93F82000FFF7A9
:1010300069FF40B9064B9A6859682046FFF76EFF72
:1010400018B1407800E0012010BD0120FCE700BF8E
:10105000B43F002038B505460C4B5C6883F821008E
:1010600093F82000FFF74EFF50B138BD0123A37065
:101070002046FFF73BFF0446044B9B688342F4D0B5
:101080006570E378002BF3D1F0E700BFB43F002098
:1010900008B5044B9A685968FFF740FF00B101207A
:1010A00008BD00BFB43F0020F0B583B00646194B21
:1010B00093F82070042200210DEB020001F0AFFF35
:1010C00000240DE01A788DF804205A788DF8052058
:1010D000DB788DF80730FFF779FFA5B10134E4B272
:1010E000BC4214D20B4B5A68127832705A6852784C
:1010F00072705B689D78002DE4D0064B1B689B687E
:1011000030469847E7E701A8FFF73CFFE6E703B062
:10111000F0BD00BFB43F0020014B93F820007047A2
:10112000B43F002008B5034B93F82000FFF7EFFE13
:1011300008BD00BFB43F002010B4019C0299039A7F
:10114000DAB1844649201070002050709070D07041
:10115000107153719471230AD371230C1372240EEE
:10116000547291720B0AD3720B0C1373090E5173E4
:10117000907382F80FC010BC70470920FBE7000095
:101180000023012B0DD8084A12F82320824202D0F6
:101190000133DBB2F5E7044A02EB83030B60002066
:1011A00070470B20704700BFF8010020F1B10138F3
:1011B00003281DD8DFE800F002080E140D4A12685B
:1011C00012690A60002070470A4A126852690A6070
:1011D00000207047074A126892690A600020704731
:1011E000044A1268D2690A600020704709207047DB
:1011F00005207047D83F002010B582B00C46002370
:10120000019301A9FFF7D2FF48B9019BA34209D37B
:10121000B3F1FF3F01D0002002E0012000E00020F8
:1012200002B010BD0120FBE70138032815D8DFE824
:1012300000F002070C11094B1B6819611962704715
:10124000064B1B68596119627047044B1B68996112
:1012500019627047014B1B68D9617047D83F002065
:101260000A4B1A680023D3604FF0FF3111615161BE
:1012700091611162002B00DD7047991D02EB810125
:101280004FF0FF3048600133F4E700BFD83F002043
:10129000034B1B689B6883422CBF002001207047D2
:1012A000D83F00202DE9F04188B0119EF0B10C46E6
:1012B00015461A468046DEB1B1F5807F1AD804AFD4
:1012C0000297109B01930F9B00939DF8383029469D
:1012D0002046FFF731FF00962B462246414638460E
:1012E000FAF7D2FC40B908B0BDE8F0810920FAE76E
:1012F0000920F8E70D20F6E70E20F4E710B584B0DA
:1013000000240094019402940394082803D009282F
:1013100025D00A2021E001248DF800408DF801102D
:10132000C1F307248DF80240C1F307418DF8031083
:101330008DF80420C2F307218DF80510C2F307428F
:101340008DF806208DF807301B0A8DF8083002460C
:1013500001216846FAF736FD28B904B010BD022411
:101360008DF80040DAE70E20F7E72DE9F04188B06C
:1013700090460F9A002852D00D4604460026049647
:101380000596069607960096019602960396012703
:101390008DF800709DF838108DF805108DF8063026
:1013A000190A8DF80710190C8DF808101B0E8DF80E
:1013B00009308DF80A20130A8DF80B30130C8DF8C4
:1013C0000C30120E8DF80D2014E0F218A05C03F121
:1013D0002001694411F8101C4840A0540133DBB2CD
:1013E0002A46102DA8BF10229342EEDB103D2DB2ED
:1013F0001036F6B2002D0EDD8DF80F700137BFB23A
:1014000004AB424610216846FAF763FC0346002805
:10141000E6D00E2000E0002008B0BDE8F0810920F1
:10142000FAE768B32DE9F041C8B00C4615461E46F0
:101430008046B1F5807F25D804AF4FF48872002133
:10144000384601F0ECFD0297509B01934F9B0093AF
:101450009DF83831324629462046FFF76DFE224678
:10146000414608A801F0C3FD2B46519A04F1100132
:101470003846FAF718FC30B1012804D00E2002E0FB
:10148000092070470D2048B0BDE8F08188B110B543
:10149000094C20602822002101F0C1FD23680122AF
:1014A000DA709A705A7000241C70FFF7D9FE20463B
:1014B00010BD0820704700BFD83F0020024B1B68BA
:1014C00018600020704700BFD83F002030B1044BA7
:1014D0001B68DB68013303600020704709207047F8
:1014E000D83F002030B583B000230193F2B10C4601
:1014F000154601A9FFF75AFE48B9019BB3F1FF3F1A
:1015000007D09AB2A21A002A05DD13442B6003B05B
:1015100030BD2C60FBE732B16FF30F03234403F5BA
:1015200080332B60F3E72B600720F0E70920EEE71C
:10153000014608B9092070470023002B01DD002077
:101540007047074A126803EB430001EB001003F1F8
:10155000060C02EB8C02043242620133EDE700BF5D
:10156000D83F0020D8B110B582B004460F4B1A689E
:10157000938801339BB29380C38200F036FA80B91E
:10158000234653F8181B009301231322FAF77CFB20
:1015900050B9204600F029FA20B1102002E00920BD
:1015A0007047102002B010BD0E20FBE7D83F00208E
:1015B000002B36D030B585B004461D461D4B1B6848
:1015C000DB6883422FD895F8202042B30922A3423A
:1015D00009D2019400230093AB6895F82810686A3B
:1015E000FFF7C3FE10BB284600F035FAE8B92979A9
:1015F00004392B4653F82C0B03930294AB680193E8
:1016000000230093082289B2FFF74CFE70B92846E8
:1016100000F021FA60B9074B1B68DC6006E0082285
:10162000D5E709207047062000E0102005B030BD46
:101630001020FBE7D83F00202DE9F04387B00E9E35
:10164000002E49D00546884617461C4619461046C6
:10165000FFF7D2FD002841D0304600F067F900289E
:1016600041D105A92846FFF78BFD0546002836D154
:10167000059B93F801909A78B368434535D1337B45
:10168000C3F340131A490968897801B900233179F5
:101690000439F06A03900294CDF804800120009090
:1016A00089B23068FFF7BDFE0546C0B996F8203014
:1016B0000BB94FF0080901940123009343464A46B1
:1016C00096F82810706AFFF750FE054638B9214693
:1016D0003846FFF7A9FD02E0092500E00625284667
:1016E00007B0BDE8F0830F25F9E70225F7E700BF53
:1016F000D83F002000B585B00A460023009301932F
:10170000029303930B2905D00C2911D00A290AD082
:101710000A2012E0012801D000210AE020238DF8E0
:101720000030002105E030238DF80030002100E07A
:101730000B216846FAF746FB10B905B05DF804FBCB
:101740000E20FAE710B50446FAF7FAFA98B904B190
:1017500010BD0C4B1B680B219878FFF7CBFF60B9CD
:101760000C21FFF7C7FF50B90A21FFF7C3FF00287C
:10177000EED00E20ECE70E20EAE70E20E8E70E2080
:10178000E6E700BFD83F0020002A6ED02DE9F041E7
:101790008EB006460D461446002968D00DF1140897
:1017A00021220021404605F0E2F900238DF8133094
:1017B000344B1B689F880DF113030293CDF804800E
:1017C0002379009323683A4629463046FAF71AFBF4
:1017D00000284ED122794146206801F008FC2046BD
:1017E00000F052F8002848D1A579E37945EA0325AD
:1017F000237A45EA03452846FFF74AFD00283ED0F4
:10180000204B1B689D600B219DF81300FFF772FFB2
:1018100080BB0C210020FFF76DFF58BB0A21002080
:10182000FFF768FF30BB637AA27A43EA0223E27AC9
:1018300043EA02443B46224629460920FFF75EFD63
:10184000C0B93B46224629460820FFF757FD88B914
:101850000C4B1B689DF813209A700022DA604FF041
:10186000FF329A611A615A6104E009207047092029
:1018700000E00E200EB0BDE8F0810F20FAE7032053
:10188000F8E700BFD83F0020002849D010B5044633
:101890000168002946D011F8013B4371032206304C
:1018A00001F0A5FB204650F8091B0322043101F08A
:1018B0009EFB2168CB79E3600A7A43EA0223E36066
:1018C0004A7A43EA0243E3608A7A43EA0263E360C6
:1018D000CB7A23740B7B63742379212B18D0112BC3
:1018E00022DC0D22216802F1010C8B5C6362901CEA
:1018F00011F80CC043EA0C2363620332085C43EA2C
:10190000004363628A5C43EA02636362002010BDA5
:1019100010220D3104F1120001F069FB1D22E1E7F4
:10192000022070470220F2E70120F0E7002858D09B
:1019300010B504460168002955D00B7843714B78E7
:1019400083608A7843EA02238360CA7843EA0243C9
:1019500083600A7943EA026383604B7903738B796E
:10196000C381CA7943EA0223C381027B02F00F02DA
:101970000831103001F03BFB237B03F00F0303F130
:101980000800002284F8202084F828202279111AE7
:10199000042916DC226823791A4412F8043CE36215
:1019A00012F8031C43EA0123E36212F8021C43EA23
:1019B0000143E36212F8012C43EA0263E362002070
:1019C00010BD21680933085C84F82000D21AD2B215
:1019D000043AD2B284F828201944606A01F007FB67
:1019E000D8E7022070470220EAE770B310B504463A
:1019F000036863B30279162A2BD942791A7001461B
:101A000051F8060B0822013001F0FCFA214651F88A
:101A10000E0B0822093001F0F5FAE28A23685A74A5
:101A2000E38A22681B0A9374A2692368DA74A369A3
:101A30001B0A22681375628B23685A75E27E23683D
:101A40009A7517232371002010BD012070470120D3
:101A5000FAE70220F8E7002866D038B504460168A6
:101A6000002963D0027B02F00F0202F1080094F813
:101A700028300BB102F10900034404339BB22279F0
:101A80009A4255D363790B70A26823685A70A36891
:101A90001B0A2268937062892368DA70E27A2368ED
:101AA0001A712368227B5A71E28923689A71E3894B
:101AB00022681B0AD371214651F8100B227B02F0D9
:101AC0000F02083001F093FA237B03F00F0303F1B8
:101AD000080594F828202AB1226894F8201051555E
:101AE00003F10905206894F82820616A284401F070
:101AF0007EFA94F828302B44E06A21685A1C92B28E
:101B0000C854E16A080A2568991C89B2A854E58D71
:101B10002068DA1C92B2455494F82F0021680433EF
:101B200088542371002038BD012070470120FAE756
:101B30000220F8E7052801D00020704701207047F7
:101B400000B583B000230093052805D0009B0193C6
:101B5000019803B05DF804FB084600F093FC019087
:101B6000F6E7052800D0704708B5084600F046FDA6
:101B700008BD052800D0704708B5084600F05CFD98
:101B800008BD052801D00020704708B50B46114656
:101B9000184600F0BDFD08BD052800D0704708B507
:101BA000084601F085F908BD052801D000207047DE
:101BB00008B5084600F0F2FD08BD052800D07047C2
:101BC00008B58C4611461A46029B604600F004FE9A
:101BD00008BD052801D00020704708B50B46114606
:101BE000184600F02FFE08BD052801D000207047E0
:101BF00008B58C4611461A46604600F0A7FE08BD9F
:101C0000052801D00020704700B583B08C461146EE
:101C10001A46059B0093049B604600F02FFF03B01B
:101C20005DF804FB052801D00020704708B5084680
:101C300000F0EAFF08BD052801D00020704708B574
:101C4000084601F076F908BD052801D0002070474C
:101C500008B5084600F0FCFF08BD052801D00020AB
:101C6000704708B5084600F0F7FF08BD052801D009
:101C70000020704708B50B461146184601F018F8C9
:101C800008BD052801D00920704708B58C461146CB
:101C90001A46029B604601F00DF808BD8C461146BD
:101CA000052801D0D0B2704708B51A46604601F049
:101CB0006BF908BD004870470300010282B00DF1C6
:101CC000080C0CE90C00008821B9642838BF642096
:101CD00002B070470028FBD10120F9E770B582B04F
:101CE00004460D46EC468CE80C009DF818609CE814
:101CF0000C00FFF7E3FF4DB9009BB3F5616F09D30B
:101D000049F6AF22934209D8064B04E046B9054B89
:101D1000E36000E0034B236102B070BD024BFAE7C1
:101D2000004BF8E780EE360070460D0030B583B00A
:101D300004460D460193009206AB0CCBFFF7CEFF95
:101D40004DB9069BB3F5616F13D349F6AF229342A9
:101D500011D80C4B00E00C4B099A934202D9A268AF
:101D60009A420AD02269E260089A6260A36003B0D6
:101D700030BD054BF0E7054BEEE76268002AF6D16F
:101D8000F0E700BF803F5C0280EE3600809B820758
:101D900084460023184601E00133DBB28B4207D2B0
:101DA00001229A4032EA0C02F6D10130C0B2F3E7C8
:101DB0007047884203DB904203DD0020704700201B
:101DC0007047012070472DE9F04782460E46904645
:101DD000DDF824909DF9202019464046FFF7E9FFE1
:101DE00038B300252F461EE00134E4B20F2C16D87C
:101DF00036F81530234113F0010FF5D03B1903EBF2
:101E0000430309EB8303197A0A0901F00F014046E5
:101E1000FFF7CFFF0128E7D10120BDE8F087103799
:101E2000FFB20135EDB2574501D20024DEE70020B4
:101E3000F3E70020F1E71309B3EB111F13D300B54B
:101E400084464FEA111E91420FD230F81E3001F045
:101E50000F01012000FA01F1C94309B20B402CF82F
:101E60001E305DF804FB002070470020F9E7F8B54C
:101E700088B10C4616460746002508E0102137F8C1
:101E80001400FFF785FF0544EDB20134E4B2B4421B
:101E9000F4D32846F8BD0025FBE7844658B109B1C4
:101EA000002306E0704731F813002CF813000133CB
:101EB000DBB29342F7D3704782B038B504460D4683
:101EC000114604AA42F8043F0CCAFFF7F7FEE36884
:101ED00005FB00F18B4205D95B1AE360BDE8384091
:101EE00002B070470023E360F8E72DE9F04F89B0B6
:101EF00081468B46924698469DF84830069303F0FB
:101F0000CDFD059000252F464FF0FF33079305E0E8
:101F1000012323751F44FFB20135EDB2554534D27C
:101F200005EB45040BEBC404606803F0C1FD0646F5
:101F30000390059B029313AB93E803008DE8030025
:101F4000069B424649462046FFF7F0FE159B03FBE1
:101F500000F0E3688342DBD8B8F1000F02D1B9F199
:101F6000000FD5D10023237523698342D4D9A368F8
:101F7000B34208D39B1B079A9A4228BF1A4607927E
:101F80000137FFB2C8E70023F5E71FB1079809B092
:101F9000BDE8F08F4FF0FF330793F7E70378032B8B
:101FA00001D000207047437890F901204A7003F077
:101FB0000F028A701B094B7083788B80C27843EACA
:101FC00002238B8003790B70C3F30212CA7003F0F3
:101FD0000F030B70052070472DE9F04F85B00446C4
:101FE0000F4616461D4690F8048090F906A090F919
:101FF000079090F908B043792BB990F90BB090F99C
:1020000009A090F90A90B8F1000F2DD0BAF10F0F86
:1020100014D194F909A0B9F10F0F20D094F91D3013
:10202000039394F91C201C4619464846FFF7C1FE4D
:10203000B8B94C4522DC08F0FB0812E0A369019313
:1020400094F91530009394F9143052462169207B9D
:10205000FFF7B9FE0028DED108F0FD08DBE794F9B0
:102060000A90B8F1070F0CD087F800A086F800900E
:1020700085F800B0404605B0BDE8F08FDDF80C9063
:10208000EFE7BBF1000FEFD14FF0010BECE70000E1
:10209000024B03FA00F0B0FBF1F0704740420F0032
:1020A0004FF4FA53B3FBF0F07047000000B5A1F114
:1020B000040C4FF47A7E0EFB02F200FB0C2252005D
:1020C00021D00244013AB2FBF0F2914238BF1146EE
:1020D000019A1160820001FB00F0B8B101304008A4
:1020E000121A4FF47A7101FB1323002B10DD03F257
:1020F000E7330B4A82FB0312DB17C3EBA213029AEE
:1021000013605DF804FBB2FBF0F2DEE74008E7E79E
:10211000034A82FB0312DB17C3EBA213EFE700BFF6
:10212000D34D621038B50D4614464000EEF73AFE26
:1021300001462846EEF784FD2146EEF781FDEEF7D5
:10214000DBF906F0A9FEEEF7DFFC40B238BD2DE961
:10215000F04F83B005468B4600930026B046B2464A
:10216000B146019249E03A7A42F3030142F3031285
:1021700052B249B295F90100FFF71BFE78B1EA6847
:102180007B7A03EB430302EBC302137D53B309F1E4
:10219000010308EB04020BF809205FFA83F901340C
:1021A000E4B20F2C23D86B68720033F81630234149
:1021B00013F0010FF3D0A86808EB040303EB43030B
:1021C00000EB830750F82330002BE8D02B78002B4E
:1021D000C9D16B69002BC6D09B5A234113F0010F64
:1021E000C1D1DCE70AF1010A5FFA8AFAD7E708F100
:1021F00010085FFA88F80136F6B22B8A984501D2AA
:102200000024CEE7019F87F80090009B83F800A090
:1022100003B0BDE8F08F2DE9F04385B004460F46CA
:1022200016461D46DDF83080DDF83490406803F036
:102230003FFC23681B1AC9F80030012388F80030DE
:1022400000232B70636813B1236883421ED80023D8
:102250003B60E369D3F80CC01F78A369039301AB1B
:1022600004F10C0292E8030083E80300237D00934D
:10227000237A627A61463846FFF737FEC9F80000D4
:1022800043462A463146E069FFF761FF2B7823B9C0
:1022900098F800303BB10B2002E00020C9F80000A4
:1022A00005B0BDE8F0830C20FAE770B582B00546B2
:1022B00090F9004090F90260A64211D0013C64B24E
:1022C000A6420ED0AB68019395F9013000933346D6
:1022D00022466968E878FFF776FD0028EED000E036
:1022E0003446204602B070BD8842B8BF08467047E9
:1022F00051F82030054A934204D0054A934203D155
:1023000002207047012070470020704790D00300E2
:1023100020A1070000B585B005280ED802920191D2
:102320000A4B53F820300093094B01220021022070
:1023300003F0D4FD05B05DF804FB01920091054B5C
:1023400001220021022003F0C9FDF3E734B30108A4
:10235000D8AC0108F8AC010800B583B00191009039
:10236000044B01220021022003F0B8FD03B05DF808
:1023700004FB00BF14AD010838B504460D461B4BE5
:102380001B6A984730B11A4B23441A4A934202D829
:1023900002232B7038BD184B2344184A934202D8AD
:1023A00000232B70F6E7164B2344164A934202D8BB
:1023B00001232B70EEE7144B2344144A934202D8B6
:1023C00005232B70E6E7124B2344124A934202D8AE
:1023D00003232B70DEE7104B2344104A934202D8AC
:1023E00004232B70D6E70020D4E700BF88B3010890
:1023F00040AA8FCC7F841E00C02571CCC0C62D00A2
:10240000FF5E43CCBF270900A0B038CC20A1070055
:1024100040022ECC90D00300606E29CCE0930400E3
:1024200070B584B005460C46134B1E561349FFF792
:102430005FFF0146072D0ED0114B5D6A012003900E
:10244000E4B202940023019308230093034632462A
:10245000A84704B070BD0A4B5D6A01230393E4B240
:102460000294002001900523009303464FF47A72F2
:1024700006FB02F2A847ECE77CB301085CB3010855
:1024800088B3010800B587B00023049303780B3BA1
:102490002D2B2FD8DFE803F03336393F45484C5019
:1024A00054585C2E652E686E74772E2E7B7F172E07
:1024B0002E2E2E2E2E2E2E2E2E2E2E2E82858C2E33
:1024C0002E8F922E959B90F901308DF804300723C2
:1024D0008DF8053000238DF8063010238DF8073075
:1024E0003E4B1B6803F558720292039301A8FFF755
:1024F000DCFE04900498059007B05DF804FB4023CF
:102500000493F7E720230493F4E790F90130344A69
:10251000D35C0493EEE790F90130324AD35C049324
:10252000E8E701230493E5E740F6B8330493E1E7D5
:102530004FF47A730493DDE74FF4FA630493D9E719
:1025400041F288330493D5E741F270730493D1E7E5
:102550004FF47A71244800F03DFD00F5FA600490D4
:10256000C8E7224B0493C5E71C4B1B6803F558735F
:102570000493BFE7194B1B6803F55B730493B9E73A
:1025800010230493B6E7154B1B680493B2E74FF092
:1025900083430493AEE7164B0493ABE7134B0493CA
:1025A000A8E711238DF8103001238DF81130A1E731
:1025B000032304939EE70D4B04939BE703230493AB
:1025C00098E790F901300B4AD35C049392E70A49EB
:1025D00090F90100FFF78CFE04908BE7E03F0020AC
:1025E00054B301084CB3010818FCFFFF08E6D333CD
:1025F0009A9909407CB301085CB3010810B582B018
:102600000B4B1A68037803EB430302EB83035B7AFB
:1026100003EB430C074B1C6803690093C3684278C3
:10262000816804EBCC00FFF747FC02B010BD00BF8F
:10263000E03F0020DC3F002030B5A5B004469022EA
:102640000021684604F093FA6423ADF80030ADF839
:1026500018304FF47A72ADF830200A21ADF84810E6
:10266000ADF86030ADF87820237B012B31D0022B00
:102670003ED0002B3AD12368002B37D06368002B63
:1026800034D0204D2B60A0681F4B18609022694603
:1026900000F0ADFC2C681D4B93E8070084E80700B0
:1026A00004F10C0C03F10C0207CA8CE8070004F1DA
:1026B000180C183393E807008CE807000723A4F8E8
:1026C0006C33012204F55B7104F55870FFF7E5FBEC
:1026D0000CE00C4B1868002343600361C3610122C6
:1026E00000F55B7100F55870FFF7D7FB25B030BDE2
:1026F000044B1B68B3F86023B3F86C130A43A3F8C8
:102700006023F3E7E03F0020DC3F0020A09E0108AB
:1027100000B583B00F293CD8DFE801F00A3B3B3B12
:102720003B131D273B31313B3B3B3B08012031E054
:1027300000238DF807300DF107010068FFF71CFE3C
:1027400028E00722002190F90000FFF732FB003853
:1027500018BF01201EE00522002190F90000FFF7BC
:1027600028FB003818BF012014E00722002190F94F
:102770000000FFF71EFB003818BF01200AE0072207
:10278000002190F90000FFF714FB003818BF01206A
:1027900000E0002003B05DF804FB000008B50379F9
:1027A0001BB1012B0BD0002008E00A4B1B68012253
:1027B000016803F55870FFF770FB012008BD054B59
:1027C0001B680122016803F55B70FFF766FB0120BF
:1027D000F4E700BFE03F0020F0B583B00E46174697
:1027E0001C460728A8BF072058701349FFF780FD33
:1027F000A07094F90130072B17D00F4A52F823101C
:102800000E4AD05CFFF744FC05460D4BDB6D984744
:10281000034604F10C020192083400943A46314612
:102820002846FFF743FC03B0F0BD044AD05CFFF735
:1028300037FC0546E9E700BF5CB301087CB301083B
:1028400088B301082DE9F0478AB004460F4690F995
:102850000150D0F80480374B5B689847002867D157
:102860000646E37C83B9344B1A68237803EB4301B3
:1028700052F8211003EB430302EB8302D2F80480E9
:10288000B8F1000F00D188462C4B13F90590294B65
:10289000DB6840469847072D2BD0264BD3F818A06D
:1028A000A37C0993012608960023079306930593BA
:1028B00004930393228902920822019200933346E3
:1028C0004A46A1783046D047637C002B2DD01C4B64
:1028D000595D184B5B6D0D31C9B2304698472A4699
:1028E0004146E07CFFF716FD3D7001200AB0BDE8CF
:1028F000F087104BD3F818A0A37C09930020089010
:102900000790069001230593049003902389029376
:10291000052301930B4B009303464FF47A7202FB9D
:1029200009F24CF25031D047CEE7074B595DD0E762
:102930000020DBE788B30108E03F00207CB30108FA
:102940004CB301088545010054B301082DE9F04F4F
:102950008DB004460F46904690F90130424A12F974
:1029600003A0424D2A68037803EB430302EB830282
:10297000537A03EB43033E4A126802EBC30393F915
:10298000021090F90200FFF7AFFC0646394994F9AE
:102990000100FFF7ADFC8146A26861683046FFF791
:1029A000C1FB0B90344BDA682968237803EB4303AF
:1029B00051F82300904794F90130072B31D02E4B6A
:1029C000D3F81CB04FF47A63089300220792069262
:1029D0000592012504950392082302930195CDF8F1
:1029E00000A04B460B992846D847204B1A682378FD
:1029F00003EB430394F9011052F82300FFF7ACFCFA
:102A0000A18994F90100FFF70BFDC8F800001A4BEB
:102A10005B6D217B284698473E7001200DB0BDE8D4
:102A2000F08F154BDD694FF47A7303FB0AF34FF413
:102A30007A6208924FF0000ACDF81CA0CDF818A0D9
:102A4000CDF814A001220492CDF80CA00522029228
:102A5000CDF804A000934B4646F2A8120B995046BD
:102A6000A8475546C1E700BF7CB30108E03F0020FE
:102A7000DC3F00205CB3010888B301082DE9F04376
:102A80008FB00546894690461F4600240C94ADF849
:102A90003440ADF82E40072630E04FF0000C0726FA
:102AA00012E0584A12680CEB4C0152F821203AB15E
:102AB000012202FA0CF2BDF82E100A43ADF82E20C6
:102AC0000CF1010C5FFA8CFCBCF10F0F16D8062B31
:102AD000E7D0BDF82EE04EFA0CFE1EF0010FEFD04D
:102AE000484A12680CEB4C0152F82120002AE7D129
:102AF00006F0FE06E4E7062600E006262B7AA3424F
:102B000019D968680CA92044FFF748FA034690B128
:102B10002344DCB2BDF83420ADF82E209DF83330CC
:102B20000BB9002AE7D05A1ED2B2042AE5D9062BE7
:102B3000B3D90626E2E702238DF828306B7A8DF8A8
:102B40002A300AA8FFF79EFC09908DF80860AB7A3E
:102B50008DF809309DF931308DF80A309DF9323009
:102B60008DF80B309DF830308DF80C3095F90B3026
:102B70008DF80D3095F90C308DF80E3095F90D303B
:102B80008DF80F3010238DF810300DF12E030593C2
:102B90008DF8180007238DF819301A4A1268079229
:102BA0008DF8203000238DF821302B6801930CAB79
:102BB0000DF132020DF1310101A8FFF70DFA0546C2
:102BC000072810D09DF9313089F800309DF9323056
:102BD00088F800309DF830303B70169B1C702846FA
:102BE0000FB0BDE8F083074E30680C22002100F5DD
:102BF000587000F014FA3368BDF82E20A3F8602353
:102C0000E0E700BFE03F002030B583B0044600237A
:102C10008DF807300DF107014068FFF7ADFBA8B153
:102C200007250722002194F90000FFF7C2F808B930
:102C300005F0FD050522002194F90100FFF7B9F820
:102C400008B905F0FB05284603B030BD0625E8E7C6
:102C50004FF0FF307047000010B582B000238DF8B0
:102C6000073003780F2B02D9002002B010BD0446B4
:102C70000DF107014068FFF77FFB60B103200B4BAC
:102C80001A68237803EB430152F8211029B900F0A8
:102C9000FD0040B2E9E70220F1E70328F9D16168BD
:102CA00003EB430302EB83025160F2E7E03F0020B5
:102CB00070470000F0B597B004460F4616461D4613
:102CC00000218DF857108DF8561011911291139123
:102CD00014910723ADF80A30344B1868012200F52F
:102CE0005870FFF7C4F838B9304B1A68B2F860333F
:102CF00043F00703A2F86033637A8DF80C30237A2F
:102D00008DF80D30294B1B6803F55872049205931A
:102D1000274B1B6806931023ADF81C300DF10A03F6
:102D200008932368099363680A93A37A8DF82C307B
:102D300006238DF82D300CAB04F10C0292E8030051
:102D400083E80300237D8DF83830E18A94F9080088
:102D5000FFF766FB0F9003AB109301960DF156033E
:102D600000930DF1570311AA294609A8FFF753FA5A
:102D7000044620B10C280FD0204617B0F0BD9DF8B6
:102D80005710013900F026F900F158030DEB03004C
:102D900010F8143C3B70EFE7044B1A68B2F860334C
:102DA00043F00703A2F86033E6E700BFE03F0020EE
:102DB000DC3F0020F0B583B000238DF807300579A3
:102DC000022D4ED904460F2D4DD80368187A40F3D2
:102DD00003000722002140B2FEF7EBFF08B30026F4
:102DE0002368187A40F303100722002140B2FEF74F
:102DF000E0FF00B901262068037A43F3030252B2D0
:102E000043F303135BB29A4200DD01260DF1070183
:102E10000068FFF7B1FA30B1002336B133B30620B2
:102E200022E00126DCE70123F7E70BBB114F3B68EB
:102E30006E0005EB45000C22216803EB800000F0DA
:102E4000D6F83B682E4403EB86069DF80720727285
:102E5000B3F860230121A9400A43A3F860230020AE
:102E600002E0062000E0032003B0F0BD0520FBE7F0
:102E70000420F9E7E03F00200178022901D8002072
:102E8000704708B5094B186801EB41034FEA830C02
:102E900000EB8303002240F80C205A609A60102255
:102EA00000F55870FEF7C7FF08BD00BFE03F0020E7
:102EB00070B586B050238DF81430037A102B36D1BC
:102EC00006464368DD7B002D31D103241BE0726888
:102ED000535D03932A44517843EA01230393927884
:102EE00043EA02430393642202FB03F303930023A8
:102EF000049311E08DF800406846FFF7BDFF0335ED
:102F0000EDB20134E4B20F2C11D8072CDFD9002325
:102F100003938DF814300493039B002BEAD003AB8A
:102F200001938DF8084001A8FFF744FFE7E706B0DA
:102F300070BD00B585B003681A6852B903798DF881
:102F4000043001A8FFF798FFD0B1032005B05DF869
:102F500004FB029303798DF80C3002A8FFF72AFFD7
:102F600006280BD8DFE800F0040A0A0A0E0608005B
:102F70000320EBE70120E9E70020E7E70020E5E791
:102F80000020E3E70220E1E7881A40B2002801DBD5
:102F9000C0B270470020FBE7094B1A68094943F2A9
:102FA000390001FB020018600323A3FB0023C21AAF
:102FB00003EB52039B0FC3EBC373C01A704700BFF0
:102FC000000200206D4EC641014B1860704700BFE3
:102FD0000002002038B505460C46FFF7DDFF611BF7
:102FE000013190FBF1F301FB1300284438BD04E0EC
:102FF00011F8012B00F8012B1A46531E9BB2002A30
:10300000F6D17047531E184404E011F8012B00F864
:1030100001291A46531E9BB2002AF6D1704702E0DE
:1030200000F8011B1A46531E9BB2002AF8D17047C4
:10303000F0B110B504464FF0000E4FF0FF300EE037
:1030400040F3000C0B4A0CEA020282EA5000013302
:103050009BB2072BF4D90EF1010E1FFA8EFE8E459E
:1030600004D214F80E3058400023F2E7C04310BDDC
:10307000002070472083B8ED012070470A2807D848
:10308000DFE800F0200B11171A1C1E06080E1400B2
:103090000020704742F6B100704743F60950704770
:1030A00045F26110704747F6122070474AF2C3207C
:1030B00070474FF2244070470448704704487047F7
:1030C0000448704741F68460704700BF48E801003B
:1030D00090D0030020A107009DF80410D20053B93E
:1030E00008231A44183241B102239DF80000184405
:1030F00002EBC00070470023F3E70023F5E770B54B
:103100009DF810409DF818500432A1F1050CBCF157
:10311000010F31D918B9A1F10B06012E34D90128BC
:103120002ED000269DF814C04FEACC0C85B3102099
:1031300084448800ACEB810C64B34FF0000EF4447F
:10314000062904D90CF1080C0EB1881E8000BCF1D0
:10315000000F22DB84440CF1FF3C9CFBF0FC02FBE3
:103160000C3303F10C00062901D803F10E00800096
:1031700001300239884070BD0B2BCBD80C23C9E736
:103180000C2903D00026CDE70126CBE70126C9E7AD
:103190000020CDE74FF0140ED1E74FF0000CD9E737
:1031A000F0B585B00E4615461946BDF828209DF8A5
:1031B0002C309DF830409DF8347020B1012811D09A
:1031C0000125002408E0019700942846FFF784FFBA
:1031D0004FF47A7303FB00F460190138B0FBF5F08B
:1031E00005B0F0BD02970194009313460A462946A4
:1031F0003046FFF784FF4FF47A7303FB00F4034B70
:10320000985DFFF73BFF0546E6E700BF84B3010882
:1032100008B5034B1B6813B15B6803B1984708BD41
:103220007040002008B5FFF7F3FF08BD08B5034B59
:103230001B6813B1DB6803B1984708BD70400020DC
:1032400008B5FFF7F3FF08BD70B5002305E0CC5CBF
:10325000E443CC540024C45401339A42F7DC0023E5
:103260001C4612E003F1070C23E0EDB24D5D45FA78
:103270000EF505F001056C40C6F3C705465D04FA7E
:103280000CFC46EA0C0C00F805C0B3EBC20F26DAC2
:103290005D4203F0070C05F0070558BFC5F1000CAF
:1032A0005FFA8CFECEF1070E5FFA8EFE9C46002B75
:1032B000D8DB4FEAEC0501335E4203F0070C06F061
:1032C000070658BFC6F1000C5FFA8CFCCCF1070C66
:1032D0005FFA8CFC1E46002BC7DADE1DC5E761B223
:1032E0008B0143EAC1135BB21CB920210B43835409
:1032F00070BD0021FAE701207047012070470000EF
:1033000008B5012804D00A4B5B7D012B08D008BD0D
:10331000084B19700648C1770E3001F017FEF6E72A
:10332000044B1970024881750E3001F00FFEEEE774
:10333000144000200402002008B501F0A7F908BDE0
:1033400008B501F08FF908BD10B501F027FF04465C
:103350000E2140F61F1001F085F90121204601F0F1
:1033600009FF01F057FB10BD08B50121074B93F889
:10337000560001F0FFFE2D214FF4D760FFF7E0FF6C
:1033800001F04FFB024801F085FA08BD144000200F
:10339000FFFF0F0070B504460D4601EB4003094ED8
:1033A000B36500231A464FF6FF71084601F005FC8D
:1033B000002196F8560001F0DDFE2946204601F076
:1033C000F9FA70BD1440002038B5044601F0C4FF7E
:1033D000012815D000231A4640F26221084601F068
:1033E000ECFB84B90F4C0021A16594F8560001F064
:1033F000C1FE637883B16FF07F4001F0BDFA38BD44
:1034000001F0B2FFEDE7084D2146284602F026FC08
:10341000284602F0DDFBE5E7024B9868800101F0E9
:10342000ABFAECE714400020E43F002008B5002090
:1034300001F016FA08BD08B501F008F9052805D015
:10344000072805D0042805D1022002E0012000E071
:10345000032008BD0020FCE730B583B000238DF8C1
:1034600007300093A94BB3F85430202B29D81AB257
:10347000002A00F03081013B1F2B00F22C81DFE895
:1034800013F05F0077002A01E7002A012A012A01D0
:1034900017012A012A012A012A012A012A012A01E7
:1034A00024012A012A012A012A012A012A012A01CA
:1034B0002A012A012A012A012A012A012A012A01B4
:1034C0002C01B3F5807F00F0A78014D8402B00F0CA
:1034D0003581802B40F0FF80002001F0C1F98C4B3A
:1034E0001B68002B00F0F7809B69002B00F0F38035
:1034F00000209847EFE0B3F5007F40F0EC80854B6B
:1035000001220021022002F0E9FC01F09FF80428CA
:1035100000F08F8001F09AF8052840F0DC807E48AA
:1035200002F0FCFA002001F09BF9794B1B68002B9C
:1035300000F0D180DB68002B00F0CD809847CAE016
:10354000764802F0EBFA002001F08AF901F006FF5C
:1035500001280AD06E4B1B68002B00F0BC801B6852
:10356000002B00F0B8809847B5E001F000FFF1E7CC
:10357000694802F0D3FA654B5B7803B3FF220DF183
:103580000701674801F0A0FD664801F0B7FD604BF8
:103590001B68002B00F09F809C68002C00F09B8033
:1035A0005A4B93F82430012B1DD1584A92F93130EF
:1035B00092F930209DF807105948A0478BE0002071
:1035C00001F04EF9002140F6021001F04BF840F6F0
:1035D000441001F05BF840F00201C9B240F644101B
:1035E00001F040F8CAE7494C6946E06B01F066FE1D
:1035F000474B1B689D68009B03F5FA734A4A82FBA0
:103600000312DB17C3EBA2135BB294F929209DF8D8
:1036100007104348A8475EE0002001F021F93C4B29
:103620001B68002B57D09B69002B54D00120984772
:1036300051E03A4802F072FA002001F011F9344BDF
:103640001B68002B47D05B68002B44D0984742E0B2
:10365000364B01220021022002F040FC2B4B996DD9
:10366000C9B3C1F3074140F60310FFF769FE274CC9
:1036700094F8591040F60410FFF762FE94F85810C1
:1036800040F60510FFF75CFE40F60210FFF754FE0F
:1036900040F00101C9B240F60210FFF751FE0022CE
:1036A000A265134640F26221084601F086FA12E054
:1036B0001F4B01220021022002F010FC01F04CFE01
:1036C000012808D101F054FE05E01A4B0122002127
:1036D000022002F003FC03B030BD0F4802F01EFAD6
:1036E0000A4B5B7873B10A4B1B68002BF3D0DB6885
:1036F000002BF0D09847104B01220021022002F04D
:10370000EDFBE8E7002001F0ABF8ECE71440002007
:103710007040002040AD0108E43F0020FC3F002045
:103720007440002038400020D34D621054AD010891
:1037300060AD01086CAD010878AD01080A4B0122AB
:103740000021022002F0CAFB084B5B7843B1084B12
:103750001B68002BBFD01B69002BBCD09847BAE771
:10376000002001F07DF8F2E784AD0108144000204C
:103770007040002008B5034BA3F85400FFF76CFE1F
:1037800008BD00BF1440002008B501F01EFD033045
:1037900008BD08B500F0FCFF08BD08B500F0B6FF95
:1037A00008BD08B501F060FC08BD000038B50D4645
:1037B0004FF47A7303FB02F401F072FA284601F029
:1037C000EDFC05460E2140F61F1000F04BFF0121D5
:1037D000284601F0CFFC01F01DF9044D2146284692
:1037E00002F03CFA284602F0F3F938BDFC3F002015
:1037F00008B501F055FA08BD08B50021074B93F84C
:10380000560001F0B7FC00231A464FF4C071084679
:1038100001F0D3F901F0F2F808BD00BF1440002018
:1038200038B5044601F098FD012815D000231A464A
:1038300040F26221084601F0C0F984B90F4C002122
:10384000A16594F8560001F095FC637883B16FF0A0
:103850007F4001F041F838BD01F086FDEDE7084DED
:103860002146284602F0FAF9284602F0B1F9E5E7C8
:10387000024B9868800101F02FF8ECE7144000201B
:10388000E43F002008B54FF0040000F0C9FF02201B
:10389000EFF76AF908BD000070B582B005460C4626
:1038A00000231A4640F20121084601F086F95C4ED9
:1038B000012196F8560001F05DFC3378012B03D10D
:1038C00096F85130062B13D040F6890000F0DEFE4A
:1038D00040F00401C9B240F6890000F0C3FE504B2D
:1038E0001B78042B19D8DFE803F0240E24505D0068
:1038F00040F6890000F0CAFE00F0FB0140F68900A6
:1039000000F0B0FEEBE74648C4770E3001F01EFB36
:1039100000222146284600F0D7FF424C404B596810
:10392000204602F09BF9204602F052F9002002B036
:1039300070BD01F011FD01280AD0394884750E30A0
:1039400001F004FB00222146284600F0BDFFE4E719
:103950000DF107022146284601F003FD68B9304801
:103960009DF8073083750E3001F0F0FA00229DF8C3
:103970000710284600F0A8FFCFE72B4B01220021BB
:10398000022002F0ABFA0320D1E72548022383731B
:1039900084760E3001F0DAFA00222146284600F043
:1039A00093FFBAE7224629462048FFF74DFC1C4EFC
:1039B0000223B373651CEDB2B57606F10E0001F07B
:1039C000C5FA0021F120FFF7BBFC0021F020FFF732
:1039D000B7FCB36C642B19D0E121F320FFF7B0FCE6
:1039E0000421F220FFF7ACFCE1008C1C090AF42052
:1039F000FFF7A6FC04F0FE01F520FFF7A1FC6FF035
:103A00007F422946094800F05FFF86E77021F320D6
:103A1000FFF796FC1D21F220FFF792FCE4E700BFC0
:103A200014400020FC3F002094AD010874400020A9
:103A300008B500231A461946184601F0BEF800F0F2
:103A400065FF08BD10B504461C4B187001F091FCD1
:103A5000052C04D8DFE804F00A11031D242B0320F1
:103A600001F04AF9154B00225A7310BD002001F0F5
:103A700043F9124B00225A73F7E7012001F03CF999
:103A80000E4B5A7B187B8242EFD0587300F0DEFA5F
:103A9000EBE7022001F030F9084B00225A73E4E70B
:103AA000022001F029F9054B00225A73DDE70020BE
:103AB00001F022F9014B00225A73D6E7144000208E
:103AC0002DE9F04186B005460C4617461E460021FA
:103AD0000491059101F03FFC032D00F25381DFE8D2
:103AE00015F07900DB003D010400A27C082A00F2F9
:103AF0005681A16804A801F097FC2368002B00F010
:103B0000518142F21072934223D8AC4B03229A7334
:103B100083F838202268DA63E27C83F844200225A7
:103B20006368DA00A54B1A8204229A74A27CD20040
:103B3000DA7400221A75A37D022B18D0237D022B84
:103B400015D0627D9D4BDA75A27D1A76227D5A755D
:103B500026E09A4B00259D7383F838502268DA637B
:103B6000E27C83F84420226892081A64D8E7627DD8
:103B700002F10F03DBB2012B01D9012A27D10194F5
:103B800001238DF80C308E4A8E4B196801A801F084
:103B9000DFFBE0B9894B00221A760121D9755A75ED
:103BA000FFF744FC2846FFF74DFF874D284601F0FC
:103BB0004BF9A5F12A0001F0C9F904A800F0B6FDFF
:103BC000208A00F08AFDA08900F0CDFDDAE04FF0F8
:103BD000FF30E1E02368002B00F0E780A27C082A98
:103BE00000F2E680A16804A801F01EFC734B0022DD
:103BF00083F838202168D963E17C83F84410A169F7
:103C000019649A736168C900198204219974A17CAE
:103C1000C900D9741A75A37D022B0AD0237D022B0B
:103C200007D0627D654BDA75A27D1A76227D5A75C2
:103C300018E0627D02F10F03DBB2012B01D9012AEA
:103C400027D101238DF80C3001945D4A5D4B196832
:103C500001A801F07DFBE0B9584B00221A76012142
:103C6000D9755A75FFF7E2FB0020FFF7EBFE564DC2
:103C7000284601F0E9F8A5F12A0001F067F904A847
:103C800000F054FD208A00F028FDA08900F06BFDB3
:103C900078E04FF0FF307FE0484B012283F8382076
:103CA000227883F85020627883F85120A27883F834
:103CB0005220E378012B32D0022B35D01BB93F4B79
:103CC000002283F853203D4D4FF0010885F80E8007
:103CD000A388AB83A379AB77E37985F82030237A87
:103CE00085F82130FFF7A2FB4046FFF7ABFE05F158
:103CF000380001F0A9F805F10E0001F027F995F858
:103D00005130062B1FD040F6890000F0BFFC40F078
:103D10000401C9B240F6890000F0A4FC32E0274B50
:103D2000012283F85320CEE723780B3BDBB2012B33
:103D300004D9224B002283F85320C4E71F4B0122F1
:103D400083F85320BFE740F6890000F09FFC00F0A5
:103D5000FB0140F6890000F085FC13E02368013B7D
:103D6000B3F57A7F27D20320FFF76CFE13480223B6
:103D700080F8383023688364162380F84C3038305C
:103D800001F062F8384601F009FA0C4C84F856004C
:103D900001F0E6FA6660002006B0BDE8F0814FF061
:103DA000FF30F9E74FF0FF30F6E74FF0FF30F3E771
:103DB0004FF0FF30F0E74FF0FF30EDE71440002008
:103DC000FC3F0020704000204C4000202DE9F041D5
:103DD00086B006460C4615461F46002304930593FD
:103DE00001F0B9FA05B10027003D18BF0125934B3A
:103DF0005D7036B1012E00F08F80002006B0BDE866
:103E0000F081A368002B00F00C81E368002B00F028
:103E10000B81A27F082A00F20A81216904A801F01F
:103E200003FB2068003818BF012000F001FE834D1D
:103E3000002685F83860A368EB6394F8203085F895
:103E40004430606801F022FA85F84500AE73E368FB
:103E5000DB002B82E37FAB74A37FDB00EB7494F871
:103E600021302B7594F8223073B96169A97594F8E3
:103E70002420022A12D0022B10D094F823006F497C
:103E8000C8750A764B7523E0022B03D06B4AFF21DD
:103E90009175ECE7694AFF219175E8E794F82320D2
:103EA00002F10F03DBB2012B01D9012A31D100232A
:103EB0008DF80C300294624A624B196801A801F037
:103EC00047FA30BB5D4B00221A760121D9755A752D
:103ED000FFF7ACFA0020FFF7B5FD5B4D284600F078
:103EE000B3FFA5F12A0001F031F804A800F01EFC90
:103EF000A08B00F0F2FB208B00F035FC4FF4FA535E
:103F000007FB03F3A268B3FBF2F345F8303C002053
:103F100074E74FF0FF3071E7238E002B00F08A80AA
:103F200094F83230012B59D04FF0FF08A06A0038C6
:103F300018BF012000F07CFDF8B200F086FD3F4B79
:103F4000012283F8382094F82C2083F8502094F82C
:103F50002D2083F8512094F82E2083F8522094F8D5
:103F60002F30012B3DD0022B40D01BB9334B002208
:103F700083F85320314D0126AE73238EAB8394F822
:103F80003230AB7785F81F8094F8343085F82030D4
:103F900094F8353085F82130FFF748FA3046FFF7BE
:103FA00051FD05F1380000F04FFF05F10E0000F063
:103FB000CDFF95F82130B34228D040F2367000F0A2
:103FC00065FB40F00401C9B240F2367000F04AFBD4
:103FD0001A4B4FF6FF729A6000200FE794F8338077
:103FE000A4E7164B012283F85320C3E794F82C3042
:103FF0000B3BDBB2012B04D9104B002283F853207A
:10400000B8E70E4B012283F85320B3E740F2367035
:1040100000F03CFB00F0FB0140F2367000F022FBA8
:10402000D6E74FF0FF30E9E64FF0FF30E6E64FF01D
:10403000FF30E3E64FF0FF30E0E600BF1440002021
:10404000E43F0020704000204C40002010B50446A2
:104050000E4B187358730120FFF7F4FC54B1342150
:104060004FF4E86000F0FEFA442140F2417000F0A5
:10407000F9FA10BD14214FF4E86000F0F3FA24219E
:1040800040F2417000F0EEFAF3E700BF1440002068
:104090002DE9F04F83B004460D4691461F46BDF80A
:1040A00038609DF83C809DF840A001F054F9012C47
:1040B0005DD0042C00F0AA80002C40D15B4C4FF066
:1040C000000B84F838B00C9BE3630B2384F8443076
:1040D000384601F0DBF884F84500C4F8409084F8D5
:1040E0000EB0F60026820423A3741823E37484F828
:1040F00014B088F0010884F81580BAF1000F32D0AE
:10410000F222E275494C01232376FFF78FF9002054
:10411000FFF798FC04F1380000F096FE04F10E0061
:1041200000F014FF424A6B4692E8030083E8030064
:10413000184600F0FBFA40F2FF1000F0CEFA2846D5
:1041400001F02CF8394C84F856000E2140F61F106F
:1041500000F088FA94F8560001F002F9149B6360AD
:1041600003B0BDE8F08F314B0122DA75CAE72F4A60
:10417000012382F838300C9BDBB282F850302D4995
:10418000C95D82F851109DF8341082F852101FB9A1
:104190000C9A0B3A012A2BD9012F26D0234A002151
:1041A00082F85310214A01219173053BDBB28B4207
:1041B00023D91E4B9E831D4C84F81E801E4B1B78FA
:1041C000E37784F820A09DF84C3084F82130FFF785
:1041D0002DF90120FFF736FC04F1380000F034FE21
:1041E00004F10E0000F0B2FEA9E70C9A0C2AD5D11A
:1041F0000E4A012182F85310D4E70B2E03D8134640
:104200000C229A83D7E7094B9E83D4E70420FFF75B
:1042100019FC0648022380F838300C9B836416236F
:1042200080F84C30383000F00FFE88E71440002052
:10423000C49E010884B30108040200202DE9F04F58
:1042400087B004460E4615460193BDF84490BDF86C
:1042500048A09DF84C709DF854B09DF86480B14B17
:1042600083F8018001F077F8B8F1000F01D04FF02A
:10427000000A002F59D09DF85020AB4B1A70012C2A
:1042800000F0D380052C54D0002C40F0C7800020D3
:1042900000F0CEFBA34C4FF0000884F83880E563B3
:1042A0000B2384F84430304600F0F0FF84F84500DA
:1042B00084F80E804FEAC909A4F810900423A3746F
:1042C0001823E37484F8148087F001076775964B10
:1042D0001B78A375BBF1000F00F0A380F222E275FA
:1042E000904C01232376FFF7A1F80020FFF7AAFBEB
:1042F00004F1380000F0A8FD04F10E0000F026FEE5
:104300008A4A04AB92E8030083E80300184600F0F1
:104310000DFA40F2FF1000F0E0F94FF4FA5303FBFE
:104320000AF3B3FBF5F3A36078E07F4BFF221A702A
:10433000A5E7012000F07CFB7A4C002784F8387058
:10434000E563092384F844304FF44873236430460E
:1043500000F09CFF84F84500A7734FEAC909A4F850
:104360001090A7741023E374277567756E4B1B7844
:10437000A3750123E37527760520FFF763FB04F19E
:10438000380000F061FD04F10E0000F0DFFD02AB2B
:10439000674A92E8030083E80300184600F0C6F974
:1043A00040F2FF1000F099F940F6B800FEF7C4FFA4
:1043B00000F0EF0140F6B800FEF7C2FF042140F61E
:1043C000B900FEF7BDFF40F69B00FEF7B5FF00F019
:1043D000E30141F0080140F69B00FEF7B1FF40F217
:1043E000D160FEF7A9FF00F0E70141F0180140F2AB
:1043F000D160FEF7A5FF40F2AC60FEF79DFF00F034
:104400008F0141F0500140F2AC60FEF799FF4FF48C
:10441000FA5303FB0AF3B3FBF5F3A36007B0BDE85F
:10442000F08F404B0122DA755AE7002000F000FBC4
:104430003C4A012382F83830EBB282F850303D49D3
:10444000895D82F85110019982F852101EB9A5F1C8
:104450000B02012A4BD9012E47D0324A002182F8A3
:104460005310304A01219173053BDBB28B4243D993
:104470002C4BA3F81C902B4CA7772B4B1B78E37786
:1044800084F820B09DF8603084F82130FEF7CEFF2C
:104490000120FFF7D7FA04F1380000F0D5FC04F151
:1044A0000E0000F053FD5FFA8AF000F0CEFA40F6FD
:1044B000A30000F0EBF800F0010140F6A30000F0CB
:1044C000D1F894F82130012B21D040F2367000F061
:1044D000DDF840F00401C9B240F2367000F0C2F8D5
:1044E000104B4FF6FF729A6098E70C2DB5D10D4A2C
:1044F000012182F85310B4E7B9F10B0F03D813462A
:104500000C229A83B7E7074BA3F81C90B3E740F25D
:10451000367000F0BBF800F0FB0140F2367000F09E
:10452000A1F8DDE71440002004020020C49E010829
:10453000CC9E010884B30108F0B58BB004460F4649
:1045400016461D46FEF772FF0020FFF77BFA204655
:10455000FFF74EF901230993002408940794069469
:104560000594049403940294032301930097234633
:104570004FF4167239462046FFF760FE2046FFF7DB
:104580004FF9FFF701F9EEF7EFFA01F087FA044669
:10459000204601F08DFAA84206D20020FFF701F96B
:1045A000B042F5DD002400E00124FEF73FFF204685
:1045B0000BB0F0BD70B582B01D4B18601D4D0024CE
:1045C0006C706C60AC60AC651B4800F02FFB6C73CA
:1045D0002C7300F05BFA2146204600F027FD0422F0
:1045E0002146012000F0A2FB234622464FF6FF7130
:1045F000084600F0E2FAFFF745F9104E0094104B20
:1046000022464FF0FF31304601F02AFA0D4D00945A
:104610000D4B22464FF0FF31284601F021FA30467B
:1046200001F07CFA284601F079FA02B070BD00BFB3
:10463000704000201440002075370108FC3F002026
:1046400025320108E43F002041320108014B18786F
:10465000704700BF82410020014B1878704700BFAF
:104660008141002010B582B08DF80710EFF310845F
:1046700072B601230DF1070201460348F2F724FE4A
:1046800084F3108802B010BD381A002010B582B033
:104690000146EFF3108472B601230DF107020448BE
:1046A000F2F762FE84F310889DF8070002B010BD97
:1046B000381A002010B50446F6F7FAFD012800D09C
:1046C00010BD40F62310FFF7E1FF00F0F901214390
:1046D00040F62310FFF7C6FFF2E710B50446FFF7D8
:1046E000BBFF00B110BD4FF4D760FFF7CFFF00F064
:1046F000FE00C4F3002101434FF4D760FFF7B2FF7F
:10470000E1B240F2B960FFF7ADFFEBE710B5134639
:10471000EFF3108472B60A4601460348F2F7D4FD5F
:1047200084F3108810BD00BF381A002008B5014678
:1047300008224FF4D860FFF7E9FF002008BD00B55C
:1047400083B0030A8DF804308DF80500FFF784FF6D
:1047500010B103B05DF804FB022201A940F2BC6075
:10476000FFF7D4FFF5E700B583B0030A8DF80430F6
:104770008DF80500FFF770FF10B103B05DF804FB82
:10478000022201A940F2BE60FFF7C0FFF5E700007A
:1047900010B51346EFF3108472B60A46014603487B
:1047A000F2F7E2FD84F3108810BD00BF381A002034
:1047B00010B51346EFF3108472B60A46014603485B
:1047C000F2F736FF84F3108810BD00BF381A0020BE
:1047D00008B50A4601460020FFF7EAFF08BD0000C1
:1047E00010B51346EFF3108472B60A46014603482B
:1047F000F2F768FF84F3108810BD00BF381A00205C
:1048000010B51346EFF3108472B60A46014603480A
:10481000F2F7FEFD84F3108810BD00BF381A0020A7
:1048200010B582B004460020F6F702FD0220FFF723
:1048300041FF04F0040304F00202134304F00104F6
:1048400023438DF8073001220DF107018420FFF783
:10485000D7FF024B00221A7002B010BD8241002027
:1048600000B583B08DF8070001220DF1070180200B
:10487000FFF7C6FF9DF807302BB9054B01221A70D0
:1048800003B05DF804FB024B02221A70F8E700BF88
:104890008241002000B583B00A4B04221A70C0F395
:1048A00007438DF80430C0F307238DF805308DF8E9
:1048B0000600032201A98320FFF7A2FF03B05DF8E1
:1048C00004FB00BF8241002010B51446FFF780FFB3
:1048D0002046FFF7DFFF10BD00B583B00A4B05226D
:1048E0001A70C0F307438DF80430C0F307238DF826
:1048F00005308DF80600032201A98220FFF780FF12
:1049000003B05DF804FB00BF8241002070B582B0A7
:104910000026019640F6E200FFF7B8FE054600F0DB
:10492000FE0140F6E200FFF79DFE40F6E500FFF7CE
:10493000ADFE044600F07F0140F6E500FFF792FE71
:104940006FF07F40FFF7C8FF04220DEB020140F635
:104950001900FFF71DFF3046FFF782FF294640F69A
:10496000E200FFF77FFE214640F6E500FFF77AFE02
:10497000019802B070BD000010B582B004460C4B27
:1049800005221A70972140F6AC00FFF76BFEC4F3C6
:1049900007438DF80430C4F307238DF805308DF8F4
:1049A0000640032201A98220FFF72AFF02B010BDB2
:1049B0008241002000B583B0C0F307438DF800307A
:1049C000C0F307238DF801308DF80200C1F30743CF
:1049D0008DF80330C1F307238DF804308DF80510EE
:1049E000062269469420FFF70BFF034B06221A703C
:1049F00003B05DF804FB00BF8241002008B500222F
:104A00001146C520FFF7FCFE014B07221A7008BDB6
:104A10008241002008B500221146D120FFF7F0FEA8
:104A200008BD08B500221146D220FFF7E9FE08BDF7
:104A300000B583B08DF8070001220DF107019F201A
:104A4000FFF7DEFE03B05DF804FB00B583B08DF820
:104A5000070001220DF10701A020FFF7D1FE9DF80C
:104A600007303F2B0FD95B08002202E09B08013280
:104A7000D2B21F2BFAD8D900C9B21144C9B240F240
:104A80000670FFF7EFFD03B05DF804FB00B583B0DF
:104A9000F6F70EFC01280BD000238DF80730012219
:104AA0000DF107019620FFF7ABFE03B05DF804FBA4
:104AB00001238DF80730F2E700B583B000F0400322
:104AC00000F02002134300F01002134300F008022C
:104AD000134300F00402134300F00202134300F0FA
:104AE000010003438DF8073001220DF107018920F1
:104AF000FFF786FE03B05DF804FB000000B583B04D
:104B00001F4B98420DD9E1238DF80430E9238DF82D
:104B10000530022201A99820FFF772FE03B05DF86C
:104B200004FB184B984206D9D7238DF80430DB23B9
:104B30008DF80530EDE7144B984206D9C1238DF866
:104B40000430C5238DF80530E3E7104B984206D9B1
:104B500075238DF8043081238DF80530D9E70C4B8F
:104B6000984206D96B238DF804306F238DF80530F9
:104B7000CFE729238DF804302B238DF80530C8E7C3
:104B800000E9A43580F8A9328044E52D000B6B1BA9
:104B900040FC541900B583B08DF804008DF8051061
:104BA0008DF806208DF8073004220DEB02019520C8
:104BB000FFF726FE03B05DF804FB00B583B04FEAB3
:104BC000102C8DF800C08DF80100080A8DF8020045
:104BD0008DF80310110A8DF804108DF805201A0ABB
:104BE0008DF806208DF80730082269461046FFF739
:104BF00007FE03B05DF804FB00B583B000F00700CA
:104C00008DF80400C1F307438DF80530C1F3072385
:104C10008DF806308DF8071004220DEB0201972065
:104C2000FFF7EEFD03B05DF804FB000008B508B126
:104C3000184A1060EDF78CFE0220FFF73BFD0020C4
:104C4000154B1870FFF70CFEF6F730FB012814D057
:104C5000202140F61110FFF705FD202140F612102B
:104C6000FFF700FD0E2140F61F10FFF7FBFCF6F7E3
:104C7000A3FA0A4B01221A7008BD4021FFF7BCFFBE
:104C8000002140F61110FFF7EDFC4FF07F00FFF719
:104C900013FFE7E7744100207841002082410020A3
:104CA00010B582B00446124B1B78D3B1114A0023D1
:104CB0006006E109ECF7F0FA030E8DF80430C0F35A
:104CC00007438DF80530C0F307238DF806308DF8C3
:104CD000070004220DEB02018620FFF791FD02B0D0
:104CE00010BDFFF70BFF024B01221A70DEE700BF79
:104CF000784100200048E80100B583B08DF8070036
:104D0000C3B2094A137043B101220DF107018A2091
:104D1000FFF776FD03B05DF804FB002140F2AC60C4
:104D2000FFF7A0FCF0E700BF8141002070B582B022
:104D30000C461646012835D040F6D800FFF7A6FCF1
:104D400040F01E01C9B240F6D800FFF78BFC0120ED
:104D5000F6F7B0FA0546844200DD44B2142D54D073
:104D6000112D5CD00E2D64D00123002207210420D8
:104D7000FFF710FF641B163465B215F1090F01DA55
:104D80006FF00805382140F6E700FFF76BFC8DF85F
:104D900004508DF80560022201A98E20FFF730FD36
:104DA00002B070BD0020F6F785FA0546844200DDAA
:104DB00044B20E2D15D00A2D1DD001231A46002114
:104DC0000720FFF7E7FE651B0E356DB215F1110FD9
:104DD00001DA6FF01005182140F6E700FFF742FCFA
:104DE000D5E701231A4600210420FFF7D3FE651BF7
:104DF0000E356DB2EAE701231A4600211846FFF787
:104E0000C9FE651B0D356DB2E0E7012300220521C7
:104E10000320FFF7BFFE651B16356DB2ADE701231A
:104E2000002203210220FFF7B5FE651B16356DB287
:104E3000A3E70123002202210846FFF7ABFE651B12
:104E40000E356DB299E7000010B582B0044600231C
:104E50000093019300783A4B1B78984206D123784F
:104E6000032B2CD8DFE803F005422D54FFF744FF55
:104E7000F5E76268334BB3FBF2F31A0C8DF80020B0
:104E80001A0A8DF801208DF80230237B8DF803304B
:104E9000637B8DF80430A1682B4A00234806C909BA
:104EA000ECF7FAF9030C8DF80530030A8DF806309B
:104EB0008DF80700082269468B20FFF7A1FC02B09D
:104EC00010BD22691F4BB3FBF2F31A0C8DF80020C2
:104ED0001A0A8DF801208DF80230237D8DF80330F9
:104EE000042269468B20FFF78BFCE8E7237E8DF8D0
:104EF0000030637E8DF80130A37E8DF80230E37EB2
:104F00008DF80330042269468B20FFF779FCD6E741
:104F100062680C4BB3FBF2F31A0C8DF800201A0AEE
:104F20008DF801208DF80230237B8DF80330637BF0
:104F30008DF80430052269468B20FFF761FCBEE73F
:104F4000814100200000093D0048E80110B584B00F
:104F500004460023019302938DF80C300078314B06
:104F60001B78984206D12378032B2AD8DFE803F078
:104F700005443F05FFF7C0FEF5E7637AF12B22D029
:104F8000F22B2AD06288110A8DF804108DF80520C2
:104F900022798DF8062062798DF80720A2798DF8A4
:104FA0000820E2798DF80920227A8DF80A208DF800
:104FB0000B30A37A8DF80C30092201A98C20FFF761
:104FC0001FFC04B010BD4FF6FF70FFF7B8FB48F2AE
:104FD0000500FFF7C8FB0223D4E741F60F50FFF7A7
:104FE000AEFB41F22100FFF7BEFB0623CAE7237B9D
:104FF0008DF804300122E0E7E3891A0A8DF80420D5
:105000008DF80530237C084A13708DF80630637CD8
:105010008DF80730A37C8DF80830E37C8DF80930DB
:105020000622CAE7814100208041002000B583B0FC
:105030008DF804008DF80510022201A98F20FFF7DA
:10504000DFFB03B05DF804FB10B51346EFF31084EB
:1050500072B60A4601460348F2F730FA84F3108824
:1050600010BD00BF381A002000B583B0012201A98D
:105070001520FFF7E9FF9DF804004042401003B0FF
:105080005DF804FB30B583B005460C46022201A949
:105090001320FFF7D9FFFFF7DFFA012807D09DF8AB
:1050A00004302B709DF80530237003B030BD054BE4
:1050B0001B78DBB2012BF2D140F20270FFF7E6FA67
:1050C0002870EFE78041002070B582B006460C469C
:1050D000154600238DF807300DF107012046FFF734
:1050E000D1FF2278AA4202D9012002B070BD314618
:1050F0009DF80700FFF774FB0020F6E710B582B0BB
:105100000446032201A91420FFF79EFFFFF7A4FA2B
:10511000207048B1012818D014220021204600F048
:105120008EF90F2323700EE09DF8043023719DF853
:1051300005305B425B10A3719DF806305B425B104B
:1051400063710023A36002B010BD9DF804305B4280
:105150005B1023739DF9053002339B1063739DF838
:1051600006305B425B10A373014B1B682361EAE7C7
:105170007C41002010B5012903D00120F6F758F832
:1051800010BD04460846012C03D0022CF6D10320A2
:10519000F4E70420FFF78EFA0220F6E738B504465C
:1051A000F6F782F848B102280DD1022502222146E5
:1051B0002846FFF7BBFD284638BD0F2C01DC012532
:1051C000F4E70225F2E70125F0E70120704700002F
:1051D00008B5024B1B680120984708BD74410020A8
:1051E00008B5024B1B680220984708BD7441002097
:1051F00008B5024B1B684020984708BD7441002049
:1052000008B539B1012909D1054B1B684FF48070ED
:10521000984703E0024B1B688020984708BD00BFF9
:105220007441002008B5034B1B684FF40070984789
:1052300008BD00BF7441002008B5024B1B68202048
:10524000984708BD7441002008B5024B1B68042034
:10525000984708BD7441002008B5024B1B68082020
:10526000984708BD7441002008B5024B1B68102008
:10527000984708BD7441002008B5034B1B684FF4E4
:105280008040984708BD00BF74410020014680B1AE
:105290000023152B0CD8084A52F833208A4202D832
:1052A0000133DBB2F5E7044A02EBC3031879704718
:1052B000FEE71F20704700BF14B4010870B582B02C
:1052C00005460C461D4B019340F60700FFF7DEF93B
:1052D000C0F3C10308336B4413F8042C00F0070338
:1052E00001339A40164BB3FBF2F3B3FBF5F00728FA
:1052F00004D8400003281ED9022500E0012503FB45
:1053000005F54FF4D660FFF7C1F9060206F47066A2
:1053100040F2B160FFF7BAF9304310F4006F03D0E8
:105320006FEA00506FEA10506D0905FB00F0C011E4
:10533000206002B070BD0425E1E700BF04080A0C3C
:105340000048E8014FF0FF3070474FF0FF307047E2
:105350004FF0FF30704770470020704700207047C3
:1053600070474FF0FF3070474FF0FF307047704785
:10537000704770470023024A1360024A1360704767
:105380008841002084410020EFF3108372B641B1C0
:10539000012903D106490A6802430A6083F3108891
:1053A000704703490A6822EA00020A60F6E700BF74
:1053B00088410020EFF3108372B641B1012903D177
:1053C00006490A6802430A6083F31088704703495C
:1053D0000A6822EA00020A60F6E700BF8441002062
:1053E00038B5EFF3108472B60C4B1B683BB10C4D13
:1053F0002B6898476B68984784F3108838BD094B31
:105400001B682BB1064DAB689847EB689847F3E7EC
:10541000034D2B6998476B699847EDE78841002059
:1054200004AE01088441002004E011F8012B00F8CB
:10543000012B1A46531E9BB2002AF6D1704702E098
:1054400000F8011B1A46531E9BB2002AF8D1704780
:1054500082B082B00DF1080C0CE906000393002223
:10546000026082800B440360BDF80420BDF8101078
:105470000A4491B212B28280B2F57A7F04DB013322
:105480000360A1F57A71818002B002B0704782B0EA
:1054900082B00DF1080C0CE90600039300220260B3
:1054A0008280CB1A0360BDF80420BDF81010521A98
:1054B00091B212B28280002A02DB02B002B07047C1
:1054C000013B036001F57A718180F6E730B589B060
:1054D00002AC84E8030000230493ADF814300B4DB4
:1054E0002B6905A8984703460490059A009294E812
:1054F000060006A8FFF7CBFF2B6806989847AB6815
:10550000BDF91C00984709B030BD00BFBCAE010812
:1055100030B587B0044600230493ADF8143003601F
:1055200083800B4D2B6905A898470490EB6898473A
:10553000ADF80C006B6898470290059B0093049BA4
:1055400002AA06CA2046FFF783FF204607B030BDF7
:10555000BCAE010830B583B0044600230093ADF81B
:105560000430064B1B696D4601A89847009095E8EA
:10557000030084E80300204603B030BDBCAE010840
:105580000146002008E000EB8000531C0B601378FC
:1055900003EB4003A3F130000A681378303BDBB221
:1055A000092BF0D9704700002DE9F04593B01B9D01
:1055B0001C9E16F0400F10D1DFF8F8A09F1E222F7E
:1055C00075D816F001040BD04FF0300E16F0020F14
:1055D0000FD0002A07DB00270CE0DFF8DCA0EDE7A6
:1055E0004FF0200EF2E752421A9E013E1A962D27E6
:1055F00000E000275ABB30238DF804304FF0010C37
:10560000AC4500DD65461A9B5B1B1CB31FB100F85F
:10561000017B013907D0002B03F1FF3324DD00F8B3
:1056200001EB0139F7D113B0BDE8F085B2FBF3F619
:1056300003FB16221AF802800CF148026A4402F8B1
:10564000448C32460CF1010C002AEFD1D8E74FF020
:10565000000CF9E7002B03F1FF33D7DD202200F81F
:10566000012B0139F6D1DEE7654505F1FF3505DD92
:10567000302200F8012B0139F6D1D4E76246002A26
:105680000CF1FF3C09DD0CF148026A4412F8442C8D
:1056900000F8012B0139F1D1C5E7002B03F1FF33ED
:1056A000C1DD202200F8012B0139F6D1BBE7002033
:1056B000B9E700BFACAD0108D4AD01082DE9F04356
:1056C00087B0059204930F1E40F3B8800646044647
:1056D00004E004F8012B059B0133059305990A7832
:1056E00022B9A31B781E8342C0F2A280A31B07F13C
:1056F000FF38434580F29C80252AEAD14B1C059354
:105700004B78302B20D04FF00009303BDBB2092B17
:105710001DD94FF0FF35059B1A78A2F15803202BB5
:1057200067D8DFE803F04A666666666666666666A0
:10573000661E626666666662666666666666666659
:105740006628661966667C004FF00109DDE705A84A
:10575000FFF716FF0546DEE70A2331E0202304F8B1
:10576000013B013D002DF9DC049B1A1D04921B78BE
:1057700004F8013BAFE7049B1A1D0492D3F80080A4
:10578000B8F1000F03D04046EAF74AFD06E0DFF823
:10579000B080F8E7202204F8012B1D466B1E8542DD
:1057A000F8DC002206E0434613F8011B04F8011B55
:1057B000013298468242F6DB8DE749F0400910231A
:1057C00019F0020F2FD0049A111D04911268A11B29
:1057D000CDF808904FF0FF3001900095A8EB010143
:1057E0002046FFF7E1FE044675E749F002090A2367
:1057F000E6E7252A02D0252304F8013BA31B9845A0
:105800000FDD059B1A783AB104F8012BA31B9845CC
:105810003FF761AF0A23D3E7013B0593F6E7102377
:10582000CEE70A23CCE7049A111D04911268CEE753
:1058300000232370A01B07B0BDE8F0830020FAE727
:10584000FCAD0108EFF3108C72B6064A13680343EF
:105850001360054A52F83130034342F831308CF37B
:1058600010887047B04100208C410020EFF3108178
:1058700072B6044A136823EA0000106081F31088AE
:10588000704700BF0C020020EFF3108372B6044A89
:105890001268904314BF0120002083F310887047E2
:1058A0000C020020EFF3108172B6034A136818430C
:1058B000106081F3108870470C0200207047704719
:1058C000B0F5803F16D200041023B0F1807F02D2E1
:1058D0000833DBB20002B0F1805F02D20433DBB2E6
:1058E0000001000F044A105C1844C0B2C0F11F0050
:1058F000C0B270470023E8E7C4B4010870B5424B5A
:105900001C6820401860414B1A68414B1B68414994
:105910000868414909682FE0013334E03F4D05EB49
:10592000C30568681040FFF7CBFF3D4E30606A68E2
:10593000012303FA00F022EA00026A60EFF310810B
:1059400072B6326803FA02F2D643304D286820EA74
:1059500002022A60002B2DD181F31088304B1A6887
:10596000304B53F822309847284B1A68284B1B6855
:1059700028490868284909680240234D2D682A42B1
:1059800020D00B401ED1254A52F8332002402A4233
:10599000C2D0224951F8332002402A4001EBC30112
:1059A00049681142BAD11D4901EBC3014FF0FF30E4
:1059B0004860B3E7013B194850F83320324040F8C3
:1059C0003320C7E7164B4FF0FF321A60FFF776FF20
:1059D000EFF3108572B60D4B1B680D4A11680D4A26
:1059E00012681340084A1268134203D10A4B1B681D
:1059F0000B4206D085F31088FFF761FF024B1C6055
:105A000070BDEDF71DF8F5E708020020B041002059
:105A1000AC4100200C020020A84100208C41002055
:105A2000A44100209441002038B51446EFF31085BE
:105A300072B6FFF745FF034B43F8204085F310880B
:105A400038BD00BF9441002008B5034B00221A6006
:105A5000024B1B68984708BDB4410020D0AE010836
:105A6000A8B1F8B517461E46044693B10025056057
:105A7000094B5B6A08469847606025726572A5729B
:105A8000E660069B2361E77265612846F8BD012048
:105A900070470120FAE700BFD0AE010810B5034CF3
:105AA000E3699847A36A984710BD00BFD0AE0108CC
:105AB00070B50646054DEB69984704466B6A30465B
:105AC0009847AB6A201A984770BD00BFD0AE010856
:105AD000054B1B6800E05B691BB18342FBD10120D1
:105AE00070470020704700BFB4410020F8B504465D
:105AF000094E336A98470546012323722768B66921
:105B0000B0472844874202D2B04728442060024B65
:105B10009B6820689847F8BDD0AE010868B310B5FF
:105B20000246EFF3108472B6154B19680123837295
:105B3000E1B100234372884206D00B46B3B19342D1
:105B400011D019465B69F9E70B72486920B10C4B1B
:105B50001860FFF7CBFF09E00A4BDB689847084B5A
:105B600000221A6002E05B6923B14B6184F3108864
:105B7000002010BD00234B61F8E70120704700BFF3
:105B8000B4410020D0AE0108094B1A68536901E006
:105B90001A465B69516939B11968D0F800C08C4563
:105BA000F6D85061436170475061002343617047EC
:105BB000B441002008B5054B1B680BB100221A72D6
:105BC0004361024B1860FFF791FF08BDB44100200C
:105BD000F8B5002836D00446FFF77AFF002834D104
:105BE000657A002D33D1EFF3108672B66768194BD2
:105BF0001B6A9847874200D33846206000232372EF
:105C000001226272A372144B1B6883B1114B9B6912
:105C100098472368184420600F4B1B681B68984204
:105C20000CD22046FFF7C6FF86F310880BE0094B25
:105C30001B6998472046FFF7BDFFF5E72046FFF7B1
:105C4000A3FFF1E701252846F8BD0125FBE7012563
:105C5000F9E700BFD0AE0108B441002098B110B5FB
:105C600004460A4B5B6A0846984760602046FFF787
:105C70002FFF08B9002010BD2046FFF74FFF204638
:105C8000FFF7A6FFF7E70120704700BFD0AE01087D
:105C900070B5EFF3108572B61E4C636998470646DF
:105CA00023699847841B1C4B1B6823B918E000220A
:105CB0001A605B69A3B11A68A242F8D9311A0A4482
:105CC0001A60F6E7144B1C6862691A60002323729D
:105CD0006372E368206998476389B3F5807F12D0C7
:105CE0000D4B1B683BB11C68002CEBD0094B9B692A
:105CF00098478442E6D3084B186808B1037A33B159
:105D000085F3108870BD2046FFF762FFE8E7FFF7D4
:105D1000EDFEF5E7D0AE0108B441002010B5EFF379
:105D2000108C72B61E4BB3F812E01A8A964511D049
:105D3000964521D9CEF580639BB283421FD882421B
:105D40001DD9174B01249C70A3F800E000245C824D
:105D5000134614E0CEF580639BB298420FD3824283
:105D60000DD90F4B01249C70A3F800E04FF0000EFA
:105D7000A3F812E0134602E0A2EB0E0293B28342B4
:105D80000AD9074A538A0B800344C3F30903538299
:105D900000208CF3108810BD4FF0FF30F9E700BFF2
:105DA000B8470020EFF3108172B6034AD38A01335B
:105DB000D38281F310887047B8470020EFF3108139
:105DC00072B6034AD38A013BD38281F310887047AD
:105DD000B8470020024BD88A003818BF012070470E
:105DE000B847002008B5182200210748FFF727FB15
:105DF0004FF4806200210548FFF721FB044B1B682C
:105E00000448984708BD00BFB8470020B8430020A9
:105E1000FCAE0108A55F010808B5024B9B689847D6
:105E200008BD00BFFCAE0108014B5860704700BFC1
:105E3000B8470020014B1872704700BFB8470020D8
:105E400070B5EFF310831C4672B6FFF7C3FF18B1AD
:105E500084F31088002070BDFFF7A4FF1C4B1A8A42
:105E60005B8A9A422ED01A498978012917D0184A9C
:105E7000927832B9164A128A93421ED99B1A144A52
:105E80009382134E358A134B1D4484F31088ECF72C
:105E900051FE114BDB68B18A28469847DBE70C4876
:105EA00001888A1A92B282820221817000210180C7
:105EB000002ADCD181700182D9E7C2F58062044BEF
:105EC0009A82DEE7FFF77AFF84F310880020C2E7AA
:105ED000B8470020B8430020FCAE010808B430B534
:105EE00086B0099C0023ADF802302B4B1B7A83420D
:105EF0004CD3294BDB6899434BD1274B5B6823B1CB
:105F00001AB10DF1020101A898470AAB0593224688
:105F10004FF400712148FFF7D1FB85B2FFF742FF34
:105F2000BDF80230E818694680B2FFF7F7FEB0F11D
:105F3000FF3F26D000230DE0BDF8002003F118013B
:105F4000694411F8140C164988540132ADF8002048
:105F500001339BB2BDF802209A42EDD8BDF8000093
:105F6000059B22464FF400710D4C2044FFF7A6FB21
:105F7000FFF724FFFFF764FF06B0BDE8304001B033
:105F80007047FFF71BFF6FF00200F5E76FF00400AA
:105F9000F2E76FF00500EFE7B8470020B8410020B6
:105FA000B843002010B5EFF31083194672B6264BA4
:105FB0009B78022B16D0244A138A908A0344C3F399
:105FC00009031382204B1A8A5B8A9A4203D01E4827
:105FD000C08A01280BD081F31088ECF7B1FDFFF7E0
:105FE000EDFE10BD184B00229A701A82EAE716489F
:105FF0008078012814D0144A927832B9124A128A51
:1060000093421BD99B1A104A93820F4B188A0F4A4E
:10601000104481F310880E4AD268998A9047E0E7CD
:10602000094C2088821A92B2A2820220A07000201D
:106030002080002ADFD1A0702082DCE7C2F58062D8
:10604000014B9A82E1E700BFB8470020B843002027
:10605000FCAE01082DE9F04788B0002B1D46144620
:10606000BCBF03F100431446129A109EDDF84CA009
:10607000B6BF1D4600232D231370149B23F0200868
:10608000B8F1460F05D0B8F1450F00D10136022313
:1060900000E0032307AA049206AACDE902A2CDE9F3
:1060A000003622462B4600F06BFEB8F1470F07463C
:1060B00019D1119BDB070ED500EB06090022002346
:1060C00020462946EAF7D8FC08B1CDF81C903022CA
:1060D000079B4B451ED3079B159ADB1B3846136065
:1060E00008B0BDE8F087B8F1460F00EB0609E5D12E
:1060F0000378302B0AD10022002320462946EAF7F4
:10610000BBFC18B9C6F10106CAF80060DAF8003025
:106110009944D3E7591C07911A70D9E7F7B50029BC
:10612000BABF49422D232B2309290270437029DD70
:106130000DF107031D460A271A46B1FBF7F607FBC8
:106140001614303402F8014C0C46632C03F1FF3373
:106150003146F1DC3031941E03F8011C411C23460A
:10616000AB420AD30DF109039B1AAC4288BF00234E
:1061700002330344181A03B0F0BD13F8016B01F8A1
:10618000016FEDE7302330318370C170031DF1E7FB
:106190002DE9F04F91B00C46DDF8688016461F4699
:1061A000054600F0EDFC036808931846EAF738F856
:1061B00000230E93D8F800300990073323F007032B
:1061C00003F1080294F818A0D4F800B0C8F8002031
:1061D000D3E9008929F000430B93CDF82880C4E966
:1061E0001289DDE90A019D4B4FF0FF32EAF776FC98
:1061F00070BBDDE90A01994B4FF0FF32EAF750FC22
:1062000030BB0022002340464946EAF73FFC10B16C
:106210002D2384F84330924A924BBAF1470F8CBF3A
:1062200090469846032323612BF0040323604FF02C
:106230000009009733460FAA2146284600F0D4F9FA
:10624000013040F08F804FF0FF3011B0BDE8F08F8B
:1062500042464B4640464946EAF740FC40B14B4671
:10626000002BBCBF2D2384F843307F4A7F4BD4E7FB
:1062700063685A1C0AF0DF013FD1062363604BF4C8
:1062800080630022236006920EAACDE904A20DAA23
:1062900003920DF13302CDE9013263680093424667
:1062A0004B4628460A91FFF7D5FE0A9947298046B2
:1062B0000D9928D1C81C02DB6368994240DDAAF120
:1062C000020A5FFA8AFA0139524604F150000D9130
:1062D000FFF724FF0E9A1318012A8146236102DC7E
:1062E0002268D20701D5013323619DF83330002B9A
:1062F0009FD02D2384F843309BE74729BFD1002B43
:10630000BDD10123BAE7BAF1650FDCD9BAF1660F46
:1063100018D1002963680BDD216113B92268D00709
:1063200002D501330B442361A1654FF00009DCE77E
:1063300013B92268D20701D50233F4E70123F2E74B
:106340004FF0670A0E9B994205DB23682161D8074D
:10635000EAD54B1CE7E70029D4BFC1F102020122B4
:106360001344E0E723685A0507D4236942463146BF
:106370002846B84701302BD165E7BAF1650F40F2E6
:10638000DD80D4E9120100220023EAF775FB002822
:1063900033D0374A012331462846B84701303FF40D
:1063A00052AFDDE90D38434502DB2368D8070FD52E
:1063B000DDE9082331462846B84701303FF443AFB2
:1063C0004FF0000908F1FF3804F11A0AC84509DC4A
:1063D00023689B0700F10381E0680F9B9842B8BFD8
:1063E000184632E70123524631462846B847013065
:1063F0003FF429AF09F10109E8E70D9B002B39DCD7
:106400001B4A012331462846B84701303FF41BAFF1
:10641000DDE90D3959EA030302D12368D907D7D53D
:10642000DDE9082331462846B84701303FF40BAF79
:106430004FF0000A04F11A0B0D9B5B42534501DC3F
:106440004B4693E701235A4631462846B847013068
:106450003FF4F9AE0AF1010AEEE700BFFFFFEF7F5C
:10646000D8B40108D4B40108E0B40108DCB40108D0
:10647000E4B40108A36DDDF838A05345A8BF534626
:10648000002B994636DC4FF0000B29EAE97904F13C
:106490001A02A36D0A93A3EB09035B4531DC0D9B44
:1064A0009A453ADC2368DA0737D40D9BAAEB030937
:1064B0000A9BAAEB03039945A8BF9946B9F1000FBF
:1064C00033DC4FF0000829EAE97904F11A0B0D9B3F
:1064D000AAEB0303A3EB090343457FF779AF01233D
:1064E0005A4631462846B84701303FF4ACAE08F171
:1064F0000108ECE7424631462846B8470130C2D190
:10650000A1E60123314628460A92B84701303FF4FC
:106510009AAE0A9A0BF1010BBBE7DDE9082331467D
:106520002846B8470130C0D18DE60A9A4B4642440E
:1065300031462846B8470130C3D184E6DDF838A09B
:10654000BAF1010F01DCDB0736D5012342463146A3
:106550002846B84701303FF476AEDDE908233146DE
:106560002846B84701303FF46EAED4E9120100224C
:1065700000230AF1FF3AEAF77FFAC0B9534608F15F
:10658000010231462846B84701300CD15BE60123B1
:106590005A4631462846B84701303FF454AE08F118
:1065A0000108D045F3DB4B4604F15002DFE64FF023
:1065B000000804F11A0BF4E701234246E1E7012346
:1065C0004A4631462846B84701303FF43CAE08F110
:1065D0000108E3680F995B1A4345F0DCFCE64FF0D5
:1065E000000804F11909F4E72DE9F047164698462A
:1065F0008A680B69DDF820909342B8BF1346336078
:1066000091F8432007460C460AB1013333602368F2
:10661000990642BF336802333360256815F00605DA
:1066200006D104F1190AE36832689B1AAB4226DCF2
:1066300094F843302268003B18BF012392062BD404
:1066400004F1430241463846C84701301ED0236852
:10665000226903F00603042B02BFE5683368ED1AD4
:10666000A3680CBF25EAE57500259342C4BF9B1AB9
:10667000ED1800261A34B5421AD1002008E0012393
:10668000524641463846C847013003D14FF0FF30EB
:10669000BDE8F0870135C6E7E1185A1C302081F8C3
:1066A0004300224494F8451082F843100233C7E7B0
:1066B0000123224641463846C8470130E6D001361C
:1066C000D9E700002DE9FF470F7E0C9E782F9146F9
:1066D00080460C469A4601F1430207D8622F0AD839
:1066E000002F00F0D180582F00F0B88004F142064E
:1066F00084F842703AE0A7F16303152BF6D801A1A4
:1067000051F823F05D67010871670108ED66010823
:10671000ED660108ED660108ED6601087167010884
:10672000ED660108ED660108ED660108ED660108F9
:106730006F6801089B67010829680108ED66010878
:10674000ED66010891680108ED6601089B67010884
:10675000ED660108ED6601083168010833681A1D0D
:106760001B68326004F1420684F8423001239CE049
:1067700033682068191D3160060601D51D6803E0E5
:106780004506FBD5B3F90050002D03DA2D236D42E9
:1067900084F8433058480A2311E02168336808061A
:1067A00053F8045B02D4490648BFADB26F2F52487C
:1067B000336014BF0A230823002184F8431066685D
:1067C000A660002E05DB21682E4321F00401216024
:1067D0004BD01646B5FBF3F103FB1157C75D06F826
:1067E000017D2F46BB420D46F4D9082B0BD12368FF
:1067F000DF0708D5236961689942DEBF302306F8B8
:10680000013C06F1FF36921B2261CDF800A04B46F9
:1068100003AA21464046FFF7E7FE01304AD14FF078
:10682000FF3004B0BDE8F087236843F02003236005
:106830003248782784F84570236831681F0651F87C
:10684000045B02D45F0648BFADB23160D90744BFD4
:1068500043F0200323601DB11023ADE72648E9E78C
:10686000236823F020032360F6E71646BDE733686C
:1068700025686169181D30602E061B6801D51960F6
:1068800002E06806FBD51980002323611646BCE7A9
:1068900033681A1D32601E68626800213046E9F7CD
:1068A0006FFC08B1801B606063682361002384F87B
:1068B0004330AAE72369324649464046D047013073
:1068C000ADD023689B0713D4E068039B9842B8BF00
:1068D0001846A6E70123324649464046D0470130D4
:1068E0009DD00135E36803995B1AAB42F2DCEBE71C
:1068F000002504F11906F5E7E6B40108F7B401082C
:10690000002310B50446C0E90033C0E904338360B6
:1069100081814366C2818361194608225C3000F0A0
:1069200026F90D4B63620D4BA3620D4BE3620D4BD9
:1069300023630D4B24629C4206D003F1680294420B
:1069400002D0D0339C4205D104F15800BDE810407C
:1069500000F08AB910BD00BFC96A0108EB6A0108DE
:10696000236B0108476B0108D0470020024A034906
:10697000034800F069B800BF10020020C18501087B
:106980002002002041680C4B994210B5044601D00A
:1069900001F016FEA168094B994202D0204601F091
:1069A0000FFEE168064B994204D02046BDE8104036
:1069B00001F006BE10BD00BFD047002038480020BF
:1069C000A048002010B50B4B0B4C0C4A1A60204617
:1069D00000220421FFF794FF04F16800012209213D
:1069E000FFF78EFF04F1D0000222BDE81040122113
:1069F000FFF786BF08490020D04700206D690108D5
:106A0000014800F032B900BF11490020014800F0F0
:106A10002DB900BF1149002010B50446FFF7F0FF63
:106A2000236A1BB1BDE81040FFF7F0BF044B23629F
:106A3000044B1B68002BF5D1FFF7C4FFF2E700BF42
:106A400085690108084900202DE9F8430746884672
:106A500014460026D4E90195B9F1010905D5246849
:106A6000002CF7D13046BDE8F883AB89012B07D95C
:106A7000B5F90E30013303D029463846C0470643E6
:106A80006835E9E70EB410B59DB01FAB02900690D3
:106A90006FF000410A48079104910A4953F8042B0A
:106AA0000591002402A9006801931B9401F00CFCDD
:106AB000029B1C701DB0BDE8104003B0704700BFC2
:106AC0001C0200200802FFFF10B50C46B1F90E10A1
:106AD00000F07CF80028ABBF636DA3891B1823F47A
:106AE0008053ACBF6365A38110BD2DE9F0411F4603
:106AF0008B89DB0505460C46164605D5B1F90E1007
:106B00000223002200F050F8A389B4F90E1023F4F8
:106B10008053A38132463B462846BDE8F04100F051
:106B200067B810B50C46B1F90E1000F03DF8431CE3
:106B3000A38915BF606523F4805343F48053A38178
:106B400018BFA38110BDB1F90E1000F01DB810B52B
:106B500001390244904201D1002005E0037811F888
:106B6000014FA34201D0181B10BD0130F2E70244CF
:106B70000346934200D1704703F8011BF9E7000078
:106B8000004870475C03002038B5064D00230446DA
:106B900008462B60ECF746F8431C02D12B6803B182
:106BA000236038BD0C49002038B5074D044608461F
:106BB000114600222A601A46ECF73EF8431C02D127
:106BC0002B6803B1236038BD0C49002038B5074D50
:106BD00004460846114600222A601A46ECF704F8DB
:106BE000431C02D12B6803B1236038BD0C4900203F
:106BF00038B5074D04460846114600222A601A4659
:106C0000ECF702F8431C02D12B6803B1236038BDB6
:106C10000C490020014B1868704700BF1C0200207F
:106C200070B50D4D0D4C641BA4100026A64209D171
:106C30000B4D0C4C03F0FAF8641BA4100026A6427E
:106C400005D170BD55F8043B98470136EEE755F87D
:106C5000043B98470136F2E738BA010838BA010810
:106C600038BA01083CBA01087047704770472DE9EF
:106C7000F74F03690C69A34207467EDB013C01F133
:106C80001408A30000F11405009305EB840301939D
:106C900058F8243055F8242001339A4208EB84092F
:106CA000B2FBF3F62ED34FF0000AC446AE46D346ED
:106CB0005CF8043B98B206FB00A0020C1B0C06FB20
:106CC0000323DEF8002080B292B2121A5A44DEF892
:106CD00000004FEA134A9BB2C3EB224303EB10437D
:106CE00092B242EA0342E1454EF8042B4FEA234BAD
:106CF000DED2009BEB582BB9019B043B9D421A4608
:106D00002FD33C61384601F07DF9002825DB294668
:106D1000002058F8042BD1F800C01FFA82FE1FFA99
:106D20008CF3A3EB0E030344120CC2EB234202EBE1
:106D30001C429BB243EA0243C14541F8043B4FEA7F
:106D40002240E6D255F8242005EB840322B9043B07
:106D50009D421A460BD33C610136304603B0BDE874
:106D6000F08F1268043B002ACBD1013CC6E71268C1
:106D7000043B002AEFD1013CEAE70020EEE70000E7
:106D80002DE9F04FC76997B014461D46CDE9064579
:106D9000239E81467FB9102000F00CFE0246C9F800
:106DA0001C0020B9AA4BEF21AA4801F069FCC0E9F8
:106DB00001770760C760D9F81C30196859B15A6863
:106DC0004A60012393408B60484600F0E9FED9F801
:106DD0001C3000221A602B1EB9BF23F0004307931A
:106DE00000233360DDF81C809B4BBCBF0122326066
:106DF00033EA080312D1229A42F20F731360C8F3E8
:106E00001303234300F05B85249BDFF850A2002B83
:106E100000F05D850AF1030300F057BDDDE90623AC
:106E2000CDE90C23DDE90C0100220023E9F724FE63
:106E3000074658B1229A01231360249B13B1249A68
:106E4000874B1360DFF81CA200F041BD14AB019327
:106E500015AB00934846DDE90C2301F081F9C8F336
:106E60000A560390002E77D00D9B1297C3F313039D
:106E7000DDE90C0143F07F5343F44013A6F2FF36E3
:106E800019460022784BE9F7D7F96BA3D3E9002321
:106E9000E9F78AFB6AA3D3E90023E9F7CFF90446AF
:106EA00030460D46E9F716FB67A3D3E90023E9F75F
:106EB0007BFB02460B4620462946E9F7BFF904460C
:106EC0000D46E9F721FE0022074600232046294609
:106ED000E9F7DCFD40B13846E9F7FCFA22462B46DB
:106EE000E9F7CAFD00B9013F162F53D85F4B03EBFA
:106EF000C703D3E90023DDE90C01E9F7C7FD00284A
:106F00004AD0013F00230F93149B9B1B5A1E45BF81
:106F1000C3F10103049300230023099254BF049397
:106F20000993002F3ADB099B0E973B4409930023FA
:106F30000A93209B092B64D8052BC4BF043B2093E4
:106F4000209BA3F10203CCBF00240124032B64D8AF
:106F5000DFE803F05355382CDDE914631E4406F2D4
:106F60003243202BC1BFC3F1400308FA03F806F2F5
:106F7000124324FA03F3D6BFC3F1200348EA030007
:106F800004FA03F0E9F796FA0122A1F1F873013E41
:106F9000129275E70123B6E70F90B5E7049BDB1B60
:106FA00004937B420A9300230E93C2E701230B93C1
:106FB000219B07EB030B0BF10103012B0893B8BFD7
:106FC000012306E001230B93219B002B28DD9B4628
:106FD0000893D9F81C000021042202F114059D42F7
:106FE00026D94160484600F09BFD8246002841D1E9
:106FF0001F4B024640F2AF11D6E60023E3E7002321
:10700000D5E70124002320930B944FF0FF3B00228F
:10701000CDF820B012232192DBE701230B93F4E794
:107020004FF0010BCDF820B05B46CDF884B0D0E72F
:1070300001315200D1E700BF61436F63A787D23FA0
:10704000B3C8608B288AC63FFB799F501344D33F57
:1070500015B501082CB501080000F07F11B5010835
:10706000E5B40108E4B401080000F83F80B6010867
:1070700084B50108D9F81C301860089B0E2B00F26B
:10708000A180002C00F09E80002F33DD9C4B07F088
:107090000F0203EBC203D3E90034F805CDE9103445
:1070A0004FEA271416D5974BDDE90C01D3E90823E5
:1070B000E9F7A4FBCDE9060104F00F040326914D86
:1070C00054B9DDE91023DDE90601E9F797FBCDE9C5
:1070D000060128E00226F2E7E10708D5DDE9100104
:1070E000D5E90023E9F760FACDE910010136641013
:1070F0000835E5E700F0AF807C42814B814D04F01C
:107100000F0203EBC203D3E90023DDE90C01E9F729
:107110004BFACDE90601241100230226002C40F091
:107120008F80002BD3D10F9BDDE90645002B00F0AB
:107130009480754B002220462946E9F7A7FC0028D9
:1071400000F08B80089B002B00F08780BBF1000FC4
:1071500034DD20466D4B00222946E9F725FACDE9BA
:10716000060107F1FF3801365C463046E9F7B2F90F
:10717000DDE90623E9F718FA654B0022E9F75EF826
:107180000546A1F15076002C6AD1DDE90601614B7C
:107190000022E9F751F802460B46CDE906232A46BC
:1071A0003346E9F791FC002840F09882DDE90601BA
:1071B0002A4606F10043E9F769FC38BBDDE90C34E7
:1071C000CDE90634159B002BC0F257810E2F00F33A
:1071D00054814B4B03EBC703D3E90034CDE90434AE
:1071E000219B002B80F2E580089B002B00F3E180BF
:1071F0000CD1484B0022DDE90401E9F7D5F9DDE9BE
:107200000623E9F757FC002800F066820024254693
:10721000219B56466FEA030800272146484600F0A6
:10722000BFFC002D00F0BD802FB1AF4203D0394626
:10723000484600F0B5FC2946484600F0B1FCB0E0F5
:10724000E20705D5D5E90023E9F7AEF901360123B8
:107250006410083562E7022665E7089CB84684E7B3
:10726000274B0B9903EBC40353E902235444002931
:1072700054D029490020E9F7C1FA33462A46E8F7F5
:10728000DBFFCDE910015646DDE90601E9F73CFCDC
:107290000546E9F71FF902460B46DDE90601E8F766
:1072A000CBFF303502460B46CDE9062306F8015BDD
:1072B000DDE91023E9F7EAFB002872D1DDE90623B6
:1072C00011490020E8F7B8FFDDE91023E9F7DEFBFC
:1072D000002840F0B480A6423FF470AFDDE9100111
:1072E0000A4B0022E9F760F9084BCDE910010022B2
:1072F000DDE90601E9F758F9CDE90601C4E700BF69
:1073000080B6010858B601080000F03F0000244094
:1073100000001C40000014400000E03F31462846B9
:10732000E9F742F9CDE9100113945646DDE906016B
:10733000E9F7EAFB0546E9F7CDF802460B46DDE939
:107340000601E8F779FF303506F8015B02460B4687
:10735000A642CDE906234FF0000224D1AF4BDDE970
:107360001001E8F76BFF02460B46DDE90601E9F77D
:10737000ABFB002863D1DDE91023A8490020E8F722
:107380005BFF02460B46DDE90601E9F77FFB0028BB
:107390003FF414AF139E731E139316F8013C302B69
:1073A000F8D047463BE09E4BE9F7FEF8CDE90601F1
:1073B000BCE7DDE906455646DDE9042320462946BB
:1073C000E9F71CFAE9F7A0FB8046E9F783F8DDE965
:1073D0000423E9F7E9F802460B462046294608F15E
:1073E0003004E8F729FF06F8014B089DA6EB0A04D4
:1073F000A54202460B4633D1E8F720FFDDE904231E
:1074000004460D46E9F760FBC0B9DDE904232046D8
:107410002946E9F731FB10B118F0010F0ED103999D
:10742000484600F0BDFB00233370229B01371F60EC
:10743000249B002B00F04B821E6048E2B846334686
:107440001E4613F8012D392A06D19A45F8D130226B
:1074500008F101088AF800201A7801321A70A0E7B2
:107460006F4B0022E9F7A0F80022002304460D46E6
:10747000E9F702FB00289FD0D1E70B9A002A00F021
:10748000EA80209A012A00F3CD80129A002A00F0A7
:10749000C18003F233430A9C049E049A1A44049266
:1074A000099A01211A444846099200F02DFC05462C
:1074B00066B1099B002B09DDB342049AA8BF33468D
:1074C000D21A0492099AF61AD31A09930A9B0BB39B
:1074D0000B9B002B00F0C680002C00F0C0802946DA
:1074E0002246484600F0C8FC039A01460546484635
:1074F00000F020FC03998046484600F051FB0A9BAF
:107500001B1B0A9300F0B1800A9A4146484600F0DE
:10751000B3FC03900121484600F0F6FB0E9B0446A5
:10752000002B00F0D8811A460146484600F0A4FC22
:10753000209B012B044600F39F80069B002B40F00C
:107540009780079BC3F31303002B40F09380079BA6
:1075500023F000431B0D1B0533B1049B013304933F
:10756000099B0133099301230A930E9B002B00F022
:10757000B881236904EB8303186900F079FBC0F13B
:107580002000099B184410F01F0000F08280C0F119
:107590002003042B73DD049BC0F11C0003440493FF
:1075A000099B034406440993049B002B05DD0399C2
:1075B0001A46484600F0BAFC0390099B002B05DDF3
:1075C00021461A46484600F0B1FC04460F9B002BAA
:1075D00061D00398214600F015FD00285BDA0023F6
:1075E00003990A22484600F0FDFA0B9B039007F12D
:1075F000FF38002B00F07781294600230A224846F5
:1076000000F0F0FABBF1000F05466FDC209B022B67
:1076100049DC6BE0149BC3F136033CE70000E03F1C
:1076200000002440089B5C1E0A9BA34209DB1C1B34
:10763000089B002BBFF630AF049B089A9E1A0023CC
:107640002BE70A9B0E9A0A94E31A1A44049E089B9D
:107650000E92002421E70A9C049E0B9D28E7DDF88A
:107660000C8051E70A9A039950E7CDF80C8051E756
:10767000002379E7069B77E700230A9379E793D005
:10768000049A1C331A440492099A1A441E4409921B
:107690008AE70346F4E7089B002BB84620DC9B46AC
:1076A000209B022B1EDDBBF1000F7FF4B1AD214604
:1076B0005B460522484600F095FA014604460398C9
:1076C00000F0A0FC00287FF7A3AD5646312306F852
:1076D000013B08F101089FE5089CB8462546F4E700
:1076E000DDF820B00B9B002B00F00181002E05DDA2
:1076F00029463246484600F019FC05460A9B002BF5
:107700005CD06968484600F00BFA064628B9824BFF
:10771000024640F2EF21FFF747BB2A69023292008E
:1077200005F10C010C3000F09DFF01223146484666
:1077300000F0FCFB0AF1010304930AEB0B030A932C
:10774000069B03F001032F4609930546049B03980B
:10775000214603F1FF3BFFF78AFA034630330690D8
:10776000394603980B9300F04DFC2A4608902146B9
:10777000484600F063FCC2680B9B064602BB01460C
:10778000039800F03FFC0B9B024631464846CDE98A
:107790000B3200F005FA209B0C9A049E42EA03018A
:1077A000099B19430B9B0DD1392B27D0089A002A2E
:1077B00001DD069B31338BF800302EE52846B9E712
:1077C0000122E2E70899002904DB20980143099887
:1077D000014320D1002AEEDD03990493012248469B
:1077E00000F0A4FB2146039000F00CFC0028049B51
:1077F00002DCE0D1DA07DED5392BDAD139238BF878
:10780000003033461E46013B16F8012C392A4ED073
:1078100001321A7001E5002A03DD392BEED0013365
:10782000C9E7049A0A9902F8013C8A4228D00399D0
:1078300000230A22484600F0D5F9AF4203904FF0EA
:1078400000034FF00A023946484607D100F0CAF952
:1078500007460546049B0133049377E700F0C2F91D
:107860002946074600230A22484600F0BBF9054690
:10787000F0E7BBF1000FCCBF5E460126564400275F
:10788000039904930122484600F050FB21460390DF
:1078900000F0B8FB0028B4DC02D1049BDB07B0D4B5
:1078A00033461E4613F8012D302AFAD0B5E49A4526
:1078B000A8D1312308F101088AF80030ADE4249BF7
:1078C000DFF858A01BB10AF10803249A1360504650
:1078D00017B0BDE8F08F209B012B7FF72EAE0E9BDB
:1078E0000A9301204DE6BBF1000F7FF7D9AE564653
:1078F00003982146FFF7BBF900F1300306F8013B7E
:10790000A6EB0A029345B4DD039900230A224846F8
:1079100000F068F90390EBE784B5010808B50108A9
:1079200038B50546002941D051F8043C0C1F002B06
:10793000B8BFE41800F0E8F81D4A136833B9636073
:1079400014602846BDE8384000F0E4B8A34208D9E6
:10795000206821188B4201BF19685B6809182160F3
:10796000EDE71A465B680BB1A342FAD911685018CB
:10797000A0420BD120680144501883421160E0D12D
:1079800018685B68536008441060DAE702D90C237A
:107990002B60D6E7206821188B4204BF19685B680A
:1079A000636004BF091821605460CAE738BD00BF96
:1079B00018490020024B0146186800F025B800BFA6
:1079C0001C02002070B50F4E0C463168054611B9F7
:1079D00000F038FE30602146284600F033FE431C9C
:1079E00003D14FF0FF34204670BDC41C24F00304C3
:1079F000A042F8D0211A284600F024FE0130F2D12E
:107A0000EFE700BF144900202DE9F843CD1C25F015
:107A1000030508350C2D38BF0C25002D064601DB6B
:107A2000A94204D90C2333600020BDE8F883DFF8B5
:107A3000D48000F069F8D8F800301C4644BB2946D1
:107A40003046FFF7BFFF431C044658D1D8F800402A
:107A50002746002F43D1002C4BD0236839463046AF
:107A600004EB030900F0EEFD814542D121686D1A57
:107A700029463046FFF7A6FF01303AD023682B4451
:107A80002360D8F800305A6862BBC8F800700FE075
:107A90002268521B20D40B2A17D96119A3422560F2
:107AA00018BF5960636808BFC8F8001062514B6086
:107AB000304600F02FF804F10B00231D20F00700E2
:107AC000C21A1CBF1B1AA350AFE76268A3420CBFC7
:107AD000C8F800205A60EBE723466468AEE73C46EE
:107AE0007F68B6E71A465B68A342FBD10023536068
:107AF000DEE70C233360304600F00CF894E70560B5
:107B0000D6E700BF184900200148FFF7AEB800BF14
:107B1000104900200148FFF7A9B800BF1049002014
:107B200070B5C66904460D4676B91020FFF742FFCE
:107B30000246E06120B9184B18486B2100F0A0FD07
:107B4000C0E901660660C660E669F36883B1E3696F
:107B5000DB6853F82500B8B9012101FA05F6721D5A
:107B60009200204600F0AAFD60B1C0E901560EE087
:107B700021220421204600F0A1FDE369F060DB68CA
:107B8000002BE4D1002070BD026843F825200023BB
:107B9000C0E90333F7E700BF15B5010895B5010843
:107BA00070B5C66905460C4676B91020FFF702FF8E
:107BB0000246E86120B9094B09488F2100F060FDB9
:107BC000C0E901660660C6603CB1EB696268DB68CB
:107BD00053F82210216043F8224070BD15B501080A
:107BE00095B501082DE9F0410D6907460C461E4682
:107BF00001F1140C0020DCF8003099B202FB0161A5
:107C00001E0C0B0C02FB063389B2013001EB034161
:107C100085424CF8041B4FEA1346ECDC0EB3A36814
:107C2000AB4219DC616838460131FFF779FF8046C5
:107C300028B902460C4B0D48BA2100F021FD2269FB
:107C4000023204F10C0192000C3000F00BFD2146D1
:107C50003846FFF7A5FF444604EB850301355E6116
:107C600025612046BDE8F08184B5010895B501087D
:107C7000B0F5803F034636BF030400201020B3F167
:107C8000807F3CBF1B020830B3F1805F3CBF1B010B
:107C90000430B3F1804F3CBF9B000230002B05DB6A
:107CA00013F0804F00F1010008BF202070470368E7
:107CB000024613F007000BD0D90721D4980749BF1B
:107CC0005B089B08012013605CBF136002207047B3
:107CD00099B209B91B0C1020D9B209B908301B0A96
:107CE000190704BF1B090430990704BF9B08023021
:107CF000D90703D45B0800F1010003D0136070477B
:107D0000002070472020704710B50C460121FFF776
:107D100007FF024628B9054B054840F2451100F01F
:107D2000AFFC01234461036110BD00BF84B50108AD
:107D300095B501082DE9F04F17460A693B699A424B
:107D4000A8BF3B468946A4BF0F4699463D69D9F86E
:107D500010A0BB68796805EB0A06B34285B0B8BFCE
:107D60000131FFF7DDFE30B90246414B41484FF487
:107D7000B17100F085FC00F1140404EB860E23467B
:107D80000022734520D307F1140809F1140108EB10
:107D9000850501EB8A030293EB1B153B23F00303DC
:107DA00004331537BD4238BF04230193029B03916E
:107DB0008B420CD8002E03DD5EF8043D002B55D01D
:107DC000066105B0BDE8F08F43F8042BD9E7B1F8A0
:107DD00000A0BAF1000F1FD0C446A14600275CF8EE
:107DE000042BD9F800301FFA82FB9BB20AFB0B333D
:107DF0003B44D9F80070120C3F0C0AFB027202EBF4
:107E000013429BB243EA0243654549F8043B4FEAFB
:107E10001247E4D8019BE750039BB3F8029004316A
:107E2000B9F1000F20D023684746A4464FF0000A5E
:107E3000B7F800B0BCF8022009FB0B2252449BB2F9
:107E400043EA02434CF8043B57F8043B4FEA134A19
:107E5000BCF8003009FB0A3303EB1243BD424FEA82
:107E6000134AE5D8019AA35004349FE7013EA1E7E5
:107E700084B5010895B501082DE9F843154612F0BF
:107E8000030207460E4607D0254C013A002354F85A
:107E90002220FFF7A7FE0646AD103DD0FC697CB955
:107EA0001020FFF787FD0246F86128B91D4B1E48D8
:107EB00040F2B31100F0E4FBC0E901440460C46087
:107EC000D7F81C80D8F808404CB940F271213846E8
:107ED000FFF71AFF0023C8F80800044603604FF0BC
:107EE0000009EB070AD5314622463846FFF722FF44
:107EF000314680463846FFF753FE46466D100BD09C
:107F0000206838B9224621463846FFF713FF206023
:107F1000C0F800900446E4E73046BDE8F88300BFAF
:107F200048B6010815B5010895B501082DE9F047D7
:107F30000C464968236903EB6218A368074691461B
:107F40004FEA621A08F10106B3420BDB3846FFF72D
:107F5000E7FD054648B90246284B29484FF4EF7122
:107F600000F08EFB01315B00EEE7002300F114010D
:107F700000F110021846534533DB20692AEAEA7AF9
:107F800004F1140319F01F0901EB8A0103EB800CC3
:107F90002BD0C9F1200E8A460022186800FA09F099
:107FA00010434AF8040B53F8042B9C4522FA0EF2B6
:107FB000F3D8ACEB0403153B23F00303043304F1C3
:107FC0001500604588BF0423CA500AB108F10206B3
:107FD000013E38462E612146FFF7E2FD2846BDE806
:107FE000F08742F8040F0133C5E7043953F8042B36
:107FF00041F8042F9C45F9D8EAE700BF84B5010891
:1080000095B501080A6903460069801A30B50ED19A
:108010001433143103EB820401EB820154F8045D44
:1080200051F8042D954203D005D24FF0FF3030BDFA
:10803000A342F3D3FBE70120F9E700002DE9F74F56
:1080400089460646114648461446FFF7DBFF051EE3
:1080500012D129463046FFF763FD024628B93E4B50
:1080600040F237213D4800F00BFB0123C0E9043505
:10807000104603B0BDE8F08FBCBF4B46A14630466A
:10808000D9F80410BABF1C4601250025FFF748FDAA
:10809000024618B9304B40F24521E3E7D9F8107099
:1080A0002669C56009F1100309F1140504F1140EE5
:1080B00000F1140B05EB87080EEB86060193D946F9
:1080C0004FF0000C019B5EF8040B53F804AF0193D2
:1080D00081B21FFA8AF35B1A000C6344C0EB1A40AA
:1080E00000EB23409BB243EA0043764549F8043B4A
:1080F0004FEA204CE6D8331B153B23F0030315341D
:108100000433A64238BF04231D445B441E462C465C
:1081100044450ED308F10301491B21F00301033D3F
:10812000A84538BF00210B4453F8041D91B11761D5
:108130009EE754F8041BE646080C1CFA81FC7144C7
:1081400000EB2C4089B241EA004146F8041B4FEA9B
:10815000204CDDE7013FE7E784B5010895B501084C
:108160002DE973430121089E90469946FFF7D8FCFC
:10817000044630B90246244B244840F20F3100F047
:108180007FFAC9F30A55C9F313030DB143F4801301
:108190000193B8F1000324D068460093FFF787FDF0
:1081A000DDE90012D8B1C0F1200302FA03F30B435A
:1081B000C24063610192019BA361002B0CBF0122AD
:1081C00002222261ADB1A5F2334505443560C0F10C
:1081D0003500099B1860204602B0BDE870836161DC
:1081E000E9E701A8FFF763FD019B636120300122ED
:1081F000E7E704EB8203A0F2324030601869FFF732
:1082000037FDC0EB4210E4E784B5010895B50108DD
:108210002DE9F0478E681F46BE420B6882460C4629
:1082200090462DD8B1F90C2012F4906F26D06569D4
:10823000096905EB4505A3EB010905EBD5757B1C29
:108240004B446D109D4238BF1D46530527D5294626
:10825000FFF7DAFB064660B321694A4600F002FAEE
:10826000A38923F4906343F08003A38126616561B1
:108270004E44A5EB09052660A5603E46BE4200D9E6
:108280003E4620683246414600F0C2F9A3689B1B77
:10829000A3602368334423600020BDE8F0872A46AA
:1082A00000F032FA06460028E0D121695046FFF777
:1082B00037FB0C23CAF80030A38943F04003A381A5
:1082C0004FF0FF30E9E700002DE9F04F98468B8929
:1082D0001B069DB007460D46144610D50B6973B9B1
:1082E0004021FFF791FB2860286130B90C233B60E7
:1082F0004FF0FF301DB0BDE8F08F40236B610023CD
:10830000099320238DF82930CDF80C803023DFF835
:108310009C818DF82A304FF0010923469A4613F8C4
:10832000012B0AB1252AF9D1BAEB040B0BD05B461D
:10833000224629463846FFF76BFF013000F0A78040
:10834000099A5A4409929AF80030002B00F09F8055
:1083500000234FF0FF32CDE905230AF1010A04930F
:1083600007938DF853301A935446052214F8011BD5
:108370004E48E7F705FF049AD8B9D00644BF20233A
:108380008DF85330110744BF2B238DF853309AF8E2
:1083900000302A2B15D0079A544600204FF00A0CC3
:1083A000214611F8013B303B092B4BD9B0B1079264
:1083B00014E0A0EB080309FA03F313430493A24665
:1083C000D2E7039B191D1B680391002BBBBF5B42C7
:1083D00042F0020207930793B8BF049223782E2B32
:1083E0000AD163782A2B32D1039B1A1D1B68039292
:1083F00043EAE37302340593DFF8B4A02178032243
:108400005046E7F7BDFE38B1049BA0EB0A004022BE
:10841000824013430134049314F8011B25488DF85E
:1084200028100622E7F7ACFE002836D0224B1BBBF3
:10843000039B073323F0070308330393099B33445B
:1084400009936AE70CFB02320C460120A8E70023DF
:108450000134059319464FF00A0C204610F8012B01
:10846000303A092A03D9002BC6D00591C4E70CFB8A
:10847000012104460123F0E703AB00932A460F4B8A
:1084800004A93846FDF784FE421C0646D6D1AB89C6
:108490005B063FF52DAF09982CE703AB00932A4606
:1084A000064B04A93846FEF70DF9EDE7EEB50108D5
:1084B000F4B50108F8B501089161010811820108BD
:1084C000B1F90C20F8B5160705460C4654D44B6894
:1084D000002B02DC0B6C002B48DDE66A002E45D039
:1084E000002312F480522F68216A2B6030D0626D15
:1084F000A389590705D56368D21A636B0BB1236C46
:10850000D21A0023E66A216A2846B047431CA38991
:1085100006D129681D292BD8284ACA40D60727D555
:1085200000226260D9042269226004D5421C01D174
:108530002B6803B96065616B2F60B9B104F1440326
:10854000994202D02846FFF7EBF9002363630DE060
:1085500001232846B0470246501CC9D12B68002B86
:10856000C6D01D2B01D0162B1DD12F60002021E07D
:1085700043F040031BB21AE00F69002FF6D09307B7
:108580000E6808BF4B690F6018BF0023F61B8B6095
:10859000002EEBDD216AD4F828C033463A4628463F
:1085A000E047002807DCB4F90C3043F04003A38116
:1085B0004FF0FF30F8BD0744361AE9E701004020CC
:1085C00038B50B6905460C4613B90025284638BD59
:1085D00018B1036A0BB9FEF71FFAB4F90C30002B7F
:1085E000F3D0626ED00704D4990502D4A06DFEF7D3
:1085F0003CFB28462146FFF763FF636EDA0705461A
:10860000E4D4A3899B05E1D4A06DFEF72FFBDDE741
:10861000884210B501EB020402D98442234607D8F0
:10862000431EA14208D011F8012B03F8012FF8E7EF
:10863000024401468A4200D110BD13F8014D02F8F0
:10864000014DF7E738B5064D0023044608462B6078
:10865000EAF7F4FA431C02D12B6803B1236038BD5A
:108660000C4900200A44914200F1FF3300D17047C9
:1086700010B511F8014B03F8014F9142F9D110BD2B
:108680001FB514461A46094B1B680546D8684CB1FD
:10869000074B0091CDE9013406492B4600F070F8F4
:1086A00000F080F8044B1C46F3E700BF1C020020DA
:1086B00009B6010816B6010844B6010870B5A1FB59
:1086C000025434B92946FFF79FF9064628B93046C7
:1086D00070BD0C2202600026F9E72A462146FEF70B
:1086E00046FAF4E782B001B901A942B14BB113785F
:1086F0000B601278101E18BF012002B070471046A0
:10870000FBE76FF00100F8E72DE9F041074614465A
:108710000D4621B9BDE8F0411146FFF775B92AB9F8
:10872000FFF7FEF825462846BDE8F08100F041F845
:108730008442064602D8B4EB500FF4D8214638469E
:10874000FFF762F9804608B94546ECE7B442224695
:10875000294628BF3246FFF785FF29463846FFF7EE
:10876000DFF8F1E70346084641B1FF2A04D98A221F
:108770001A604FF0FF3070470A7001207047000008
:108780000EB403B5014603AB054853F8042B00684B
:10879000019300F03DF802B05DF804EB03B07047C0
:1087A0001C02002008B5062000F006FA0120EAF7B6
:1087B00015FA51F8043C181F002BBCBF0B58C01809
:1087C00070479368013B002B10B4936007DA9469FB
:1087D000A34201DB0A2902D110BC00F031B91368B1
:1087E000581C10601970084610BC7047F8B5064652
:1087F0000F461446D518AC4201D1002007E014F80A
:10880000011B3A463046FFF7DCFF431CF3D1F8BDAD
:108810002DE9F04F0D469DB014469846064618B116
:10882000036A0BB9FEF7F8F86B6ED90705D4AB896C
:108830009A0502D4A86DFEF718FAAB891B0701D57B
:108840002B699BB92946304600F038F970B16B6E40
:10885000DC0704D54FF0FF301DB0BDE8F08FAB89C9
:108860009805F7D4A86DFEF701FAF3E70023099302
:1088700020238DF82930CDF80C803023DFF8AC812F
:108880008DF82A304FF0010923469A4613F8012B40
:108890000AB1252AF9D1BAEB040B0BD05B4622466C
:1088A00029463046FFF7A2FF013000F0A780099A61
:1088B0005A4409929AF80030002B00F09F80002360
:1088C0004FF0FF32CDE905230AF1010A0493079323
:1088D0008DF853301A935446052214F8011B53485F
:1088E000E7F74EFC049AD8B9D10644BF20238DF88F
:1088F0005330130744BF2B238DF853309AF80030C0
:108900002A2B15D0079A544600204FF00A0C214616
:1089100011F8013B303B092B4BD9B0B1079214E061
:10892000A0EB080309FA03F313430493A246D2E72A
:10893000039B191D1B680391002BBBBF5B4242F0D8
:10894000020207930793B8BF049223782E2B0AD113
:1089500063782A2B32D1039B1A1D1B68039243EACA
:10896000E37302340593DFF8C8A021780322504650
:10897000E7F706FC38B1049BA0EB0A0040228240D6
:1089800013430134049314F8011B2A488DF828106E
:108990000622E7F7F5FB00283FD0274B1BBB039BC4
:1089A000073323F0070308330393099B3B440993E0
:1089B0006AE70CFB02320C460120A8E700230134D1
:1089C000059319464FF00A0C204610F8012B303A57
:1089D000092A03D9002BC6D00591C4E70CFB01215D
:1089E00004460123F0E703AB00932A46134B04A986
:1089F0003046FDF7CDFB0746781CD6D16B6ED90704
:108A000005D4AB899A0502D4A86DFEF72FF9AB897E
:108A10005B063FF51FAF09981EE703AB00932A469C
:108A2000064B04A93046FDF74DFEE4E7EEB501081C
:108A3000F4B50108F8B5010891610108ED87010856
:108A4000F8B50E461446054618B1036A0BB9FDF792
:108A5000E3FFA369A360A3891A0701D5236943B97A
:108A60002146284600F02AF818B14FF0FF37384663
:108A7000F8BD23682269981A6369F6B283423746C3
:108A800005DC21462846FFF79BFD0028EDD1A368B1
:108A9000013BA36023685A1C22601E706269431C5C
:108AA0009A4204D0A389DB07E1D50A2EDFD1214603
:108AB0002846FFF785FD0028D9D0D6E738B5294BE1
:108AC000054618680C4618B1036A0BB9FDF7A4FFF8
:108AD000B4F90C30190722D4DA0607D409222A6027
:108AE00043F04003A3814FF0FF3033E0580712D525
:108AF000616B41B104F14403994202D02846FEF76C
:108B00000FFF00236363A38923F02403A3810023C1
:108B1000636023692360A38943F00803A381236969
:108B20004BB9A38903F42073B3F5007F03D021462A
:108B3000284600F083F8B4F90C3013F001020AD093
:108B40000022A26062695242A261226942B913F016
:108B50008000C5D138BD990758BF6269A260F4E7AB
:108B60000020F7E71C0200201F2938B505460C46F7
:108B700004D9162303604FF0FF3038BDC26B12B129
:108B800052F821304BB9284600F030F82246014611
:108B90002846BDE8384000F017B8012B0AD0591C10
:108BA00003D1162303600120E7E7002142F82410D7
:108BB000204698470020E0E7024B01461868FFF77F
:108BC000D3BF00BF1C02002038B5074D0023044668
:108BD000084611462B60E9F7F9FF431C02D12B68C8
:108BE00003B1236038BD00BF0C490020E9F7ECBF9A
:108BF00070B50C46B1F90E10002996B015461E4608
:108C00000DDAA38913F0800F4FF0000114BF402349
:108C10004FF48063002031602B6016B070BD6A464F
:108C200000F048F80028ECDB019901F47041A1F54F
:108C30000053594259414FF48063EBE78B89F7B5F4
:108C40009D0706460C4607D504F1470323602361C0
:108C50000123636103B0F0BD01AB6A46FFF7C8FFB3
:108C6000009F054639463046FEF7CEFE48B9B4F9B6
:108C70000C309A05EED423F0030343F00203A381E2
:108C8000E2E7A389206043F08003A381019BC4E94C
:108C900004075BB1B4F90E10304600F01DF828B19E
:108CA000A38923F0030343F00103A381A3891D4398
:108CB000A581CFE738B5074D002304460846114685
:108CC0002B60E9F7B2FF431C02D12B6803B123608C
:108CD00038BD00BF0C49002038B5064D00230446BE
:108CE00008462B60E9F7A6FF431C02D12B6803B1AD
:108CF000236038BD0C49002030B5204D21F00044E0
:108D0000AC4287B002460B4606D8002300930022EF
:108D1000002300F049FA04E0194DAC4203D9E7F70B
:108D20008BFA07B030BD02AA00F0F6FA00F003009B
:108D3000012809D002280ED0C0B901230093DDE933
:108D40000201DDE90423E4E7DDE90423DDE90201B2
:108D500000F06AF9E5E701230093DDE90201DDE9AE
:108D6000042300F021FA01F10041DAE7DDE90423F0
:108D7000DDE9020100F058F9F5E700BFFB21E93F0A
:108D8000FFFFEF7F38B5054600F016F82946044688
:108D90002846E8F725FA68B900212846E8F7F8F9E7
:108DA00040B1FDF737FF2123002103600846E8F7B3
:108DB00005F90446204638BD20F00042B2F1FF4FCD
:108DC0002DE9F041034604460AD30146E8F742F88C
:108DD00001462046E7F736FF04462046BDE8F0810D
:108DE000002AFAD0002806DA0146E7F729FF0146F3
:108DF000E8F7E4F8F0E710F0FF413CD0C215C3F308
:108E00001603A2F17F0543F40003D20758BF5B00AD
:108E100000246D105B00192026464FF080717218F7
:108E20009A42DDBF561864189A1A1A4601384FEA5A
:108E300042034FEA5101F2D1BAB1154E154F3068D5
:108E40003968D6F80080E7F7FBFE01464046E8F7B0
:108E5000A9F950B1306839683668E7F7F3FE014682
:108E60003046E8F795F970B10234641004F17C548F
:108E700004EBC554B1E75B0018020A4601F1010199
:108E8000F9D55242BBE7013424F00104EDE700BFFD
:108E900050B801084CB801082DE9F041C1F30A5758
:108EA000A7F2FF36132E02460B460C4605468046B7
:108EB00035DC002E17DA34A3D3E90023E7F7BEF937
:108EC00000220023E7F700FE50B1002C57DA24F00F
:108ED00000442C430025AC422D4C08BF4FF0004409
:108EE00023462A4624E02B4F374101EA070C5CEA6F
:108EF000000C1DD024A3D3E90023E7F79FF900223B
:108F00000023E7F7E1FD0028EAD0002CBEBF4FF4B4
:108F100080133341E41824EA07040025E0E7332EE8
:108F20000ADDB6F5806F03D1E7F788F902460B46F4
:108F300010461946BDE8F081A7F213474FF0FF3CF9
:108F40002CFA07F70742F3D00FA3D3E90023E7F782
:108F500075F900220023E7F7B7FD0028C0D0002CE8
:108F60000ADA142E01D1013406E0C6F134060123D9
:108F7000B3401D444545F6D325EA0705B0E7002573
:108F80002C46ADE7AFF300809C7500883CE4377E4B
:108F90000000F0BFFFFF0F00F8B5C1F30A57A7F2BA
:108FA000FF32132A04460D460B461ADC002A0BDA60
:108FB00001F00043013204BF43F07F5343F44013F8
:108FC00000221D46144616E0154810410140214379
:108FD00011D04FF4002141FA02F2134423EA0003B6
:108FE000EEE7332A0ADDB2F5806F04D10246E7F7D7
:108FF00025F904460D4620462946F8BDA7F2134739
:109000004FF0FF30F8402042F5D0C2F13301012289
:109010008A40121928BF013322EA0002D1E700BFBB
:10902000FFFF0F00000000002DE9F74F21F0004680
:10903000B6F1795FCDE900238046894604D2E7F78F
:1090400063FD002800F0868042464B464046494674
:10905000E7F7AAFA4E4B002204460D46E7F7A4FABA
:109060003FA3D3E9002382468B4620462946E7F7F3
:109070009BFA3DA3D3E90023E7F7E0F822462B460D
:10908000E7F792FA3AA3D3E90023E7F7D5F82246A7
:109090002B46E7F789FA38A3D3E90023E7F7CEF8A0
:1090A00022462B46E7F780FA35A3D3E90023E7F7FA
:1090B000C3F822462B46E7F777FA33A3D3E9002318
:1090C000E7F7BCF822462B46E7F76EFA22462B4616
:1090D000E7F76AFADDE9002304460D4640464946B3
:1090E000E7F762FA0B46024629462046E7F7A4F85E
:1090F000284B9E42804689460ED802460B46504673
:109100005946E7F799F80B46234902460020E7F74E
:1091100093F803B0BDE8F08F204B1F499E428CBFEF
:109120001F4DA6F50015002422462B460020E7F728
:1091300083F8224606460F462B4650465946E7F727
:109140007BF842464B46E7F777F802460B46304637
:109150003946DCE710490020DBE700BFAFF30080B1
:10916000D43888BEE9FAA8BDC4B1B4BD9EEE213E94
:10917000AD529C804F7E923E9015CB19A001FA3ED5
:109180007751C1166CC1563F4C5555555555A53FA5
:109190000000E03F3233D33F0000F03F0000E93FE2
:1091A0000000D23F000000002DE9F04F1F4621F0E3
:1091B0000043B3F1795F85B004460D46164603D2ED
:1091C000E7F7A2FC002851D022462B46204629462C
:1091D000E7F7EAF982468B4602460B4620462946C7
:1091E000E7F7E2F93EA3D3E90023804689465046DB
:1091F0005946E7F7D9F93CA3D3E90023E7F71CF870
:1092000052465B46E7F7D0F939A3D3E90023E7F7E5
:1092100015F852465B46E7F7C7F937A3D3E90023B1
:10922000E7F70AF852465B46E7F7BEF934A3D3E9FD
:109230000023E7F703F80E9BCDE90001DBB90246F6
:109240000B4650465946E7F7AFF92FA3D3E9002361
:10925000E6F7F2FF42464B46E7F7A6F902460B4611
:1092600020462946E6F7EAFF04460D4620462946F1
:1092700005B0BDE8F08F264B002230463946E7F7AF
:1092800093F9DDE90023CDE9020140464946E7F7BD
:109290008BF902460B46DDE90201E6F7CDFF5246A7
:1092A0005B46E7F781F932463B46E6F7C5FF16A372
:1092B000D3E9002306460F4640464946E7F774F9CE
:1092C00002460B4630463946E6F7B8FF02460B46E3
:1092D00020462946E6F7B0FFC6E700BFAFF300809F
:1092E0007CD5CF5A3AD9E53DEB9C2B8AE6E55A3E30
:1092F0007DFEB157E31DC73ED561C119A0012A3FCC
:10930000A6F810111111813F495555555555C53FC6
:109310000000E03F000000002DE9F04FC44B8DB08D
:1093200021F00048984506460F461446049107D898
:10933000C2E9006700230022C4E90223002526E0D9
:10934000BC4B984576D8049BBB4D002BAAA3D3E910
:10935000002338DDE6F770FFA84506460F461AD011
:10936000A7A3D3E90023E6F767FF02460B46804632
:10937000894630463946E6F75FFFA1A3D3E90023CB
:10938000E6F75AFFC4E90089C4E90201012528462D
:109390000DB0BDE8F08F9CA3D3E90023E6F74CFFA6
:1093A0009BA3D3E9002306460F46E6F745FF024696
:1093B0000B468046894630463946E6F73DFF94A382
:1093C000D3E90023DCE7E6F739FFA84506460F4658
:1093D00018D08BA3D3E90023E6F730FF02460B46F3
:1093E0008046894630463946E6F726FF84A3D3E90E
:1093F0000023E6F723FF4FF0FF35C4E90089C4E9F5
:109400000201C4E780A3D3E90023E6F717FF80A396
:10941000D3E9002306460F46E6F710FF02460B4647
:109420008046894630463946E6F706FF78A3D3E9F9
:109430000023DEE7814B984500F2CF8000F062F90F
:1094400075A3D3E9002306460F46E7F7ADF87C4B3A
:109450000022E6F7F3FEE7F757FB0546E7F73AF891
:1094600002460B46CDE9022363A3D3E90023E7F7C5
:109470009BF802460B4630463946E6F7DDFE60A310
:10948000D3E9002382468B46DDE90201E7F78CF839
:109490001F2D06460F460CDC6A4B6A1E53F822301D
:1094A000434506D032463B4650465946E6F7C4FE91
:1094B0000EE03B46324650465946E6F7BDFE4FEABF
:1094C00028530593C1F30A53C3EB1853102B02DC46
:1094D000C4E9000139E04CA3D3E90023DDE902012E
:1094E000E7F762F806460F4602460B4650465946D5
:1094F000E6F7A2FE02460B4680468946504659468C
:10950000E6F79AFE32463B46E6F796FE40A3D3E9DD
:10951000002306460F46DDE90201E7F745F832462B
:109520003B46E6F789FE02460B4606460F46404696
:109530004946E6F781FE059AC1F30A53D31A312B47
:1095400020DCC4E90001C246CB46D4E9008950467C
:1095500042464B465946E6F76FFE3B463246E6F733
:109560006BFE049B002BC4E90201BFF610AF09F1AA
:109570000043636001F10043C4F80080A060E36031
:109580006D4204E726A3D3E90023DDE90201E7F7F2
:109590000BF806460F4602460B4640464946E6F79C
:1095A0004BFE02460B4682468B4640464946E6F74E
:1095B00043FE32463B46E6F73FFE1BA3D3E90023BA
:1095C00006460F46DDE90201E6F7EEFF32463B466E
:1095D000E6F732FE06460F4664E71B4B984535D941
:1095E00002460B46E6F728FEC4E90201C4E9000181
:1095F000A4E600BFAFF3008000004054FB21F93F18
:109600003163621A61B4D03D0000601A61B4D03D8C
:109610007370032E8A19A33B83C8C96D305FE43F82
:109620000000002E8A19A33BC14920259A837B396B
:10963000FB21E93F7BD90240FB21F93FFB21394166
:109640000000E03F54B80108FFFFEF7F4FEA2855C4
:10965000A5F21645A8EB05510F46E7F755FAE6F7D0
:1096600039FF02460B4630463946CDE90623E6F778
:10967000E3FD224B0022E6F797FF0F460646E7F789
:1096800043FAE6F727FF02460B4630463946CDE956
:109690000823E6F7D1FD194B0022E6F785FFCDE957
:1096A0000A010DF130094FF003080026002779E97F
:1096B000020132463B46C24608F1FF38E7F7DCF9C3
:1096C0000028F4D10E4B0193022300932A465346FF
:1096D000214606A800F01AF8049B002B0546BFF6A9
:1096E00056AED4E9002101F10043C4E90023D4E9D6
:1096F000022101F10043C4E9022341E70000704167
:10970000D4B8010821F00043194670472DE9F04F05
:10971000ADF5197D12F1140F08930491B94BA2997C
:10972000099053F821300293089B03F1FF33A8BF3F
:10973000D41E0693B2BF0024182394FBF3F46FF0F9
:10974000170304FB033303EB020A069A029B03EBA5
:109750000208A39BA71A03EB870920AE002500226D
:109760000023454513DD089A20AB03EBC2050DF538
:10977000E07B0027029B9F4233DC099B0022A3F180
:1097800008090023CDE90023A84600261FE0EF4288
:109790000BD459F82500CDE90023E6F79BFEDDE95F
:1097A0000023E6E802010135DBE710461946F8E739
:1097B00078E90223F9E90201E6F7F6FE02460B46D4
:1097C000DDE90001E6F73AFDCDE900010136069B2F
:1097D0009E42EDDDDDE900230137EBE80223083589
:1097E000C8E7029BDDF808B00CAA02EB83030B93D9
:1097F000A39B03EB84030A9398AB03EBCB0353E9DE
:10980000284570AB03EBCB030CAE07939946B046EB
:109810005F46002F71DC52462046294600F094FA3C
:1098200000224FF07F5304460D46E6F7BDFEFFF7DA
:1098300033FB754B0022E6F7B7FE02460B46204687
:109840002946E6F7F9FC0D460446E7F75DF9059071
:10985000E6F740FE02460B4620462946E6F7ECFCBA
:10986000BAF1000F804689466DDD0BF1FF310CAB7C
:10987000059C53F82130CAF1180043FA00F2144451
:1098800082409B1A0CAA059442F82130CAF11702B3
:1098900013410093009B002B64DD059B00220133E4
:1098A000059314466FF07F41934500F39D80BAF114
:1098B000000F07DDBAF1010F00F0B280BAF1020F1C
:1098C00000F0B980009B022B4CD142464B464F49D9
:1098D0000020E6F7B1FC80468946002C42D0524673
:1098E0004A49002000F030FA02460B4640464946FD
:1098F000E6F7A2FC8046894634E0454B002220462C
:109900002946E6F751FEE7F7FFF8E6F7E3FD0246E2
:109910000B46CDE900233F4B0022E6F745FE024609
:109920000B4620462946E6F787FCE7F7EDF879E98C
:10993000022348F8040BDDE90001E6F77FFC013F54
:1099400004460D4665E706D10BF1FF330CAA52F829
:109950002330DB159DE7304B0022E7F7ABF80028FA
:109960003FD100900022002340464946E7F784F8A3
:10997000002800F0AF800BF1FF33002202998B42E8
:1099800061DA002A76D00BF1FF3B0CABAAF1180A82
:1099900053F82B30002BF6D052461C49DFF870A04C
:1099A000002000F0D1F970AB06460F464FEACB0419
:1099B00003EBCB085D464FF00009002D80F2C0801C
:1099C0005D46002DC0F2F080144B069370AB03EBA4
:1099D000C5084FF000094FF0000A0027ABEB050661
:1099E000D6E00223009358E756F8043B44B923B16C
:1099F000C3F1807346F8043C012301321C4653E74F
:109A0000CB1AF7E720BA0108000020400000F03F21
:109A10000000703E000070410000E03FE0B9010826
:109A20000BF1FF320CAB53F82230C3F316030CA931
:109A300041F8223046E70BF1FF320CAB53F82230ED
:109A4000C3F31503F3E70CA951F82310013B0A43B4
:109A500094E7013453F8042D002AFAD0089B20AA79
:109A60005B440BF1010802EBC3055C44444504DA96
:109A7000A346C1E60B9B0124ECE70A9B53F82800A0
:109A8000E6F728FD099BC5E90001083B0093AB46BA
:109A90004FF0000900260027069B994507DD079B2C
:109AA000E3E9026708F1010807930835DEE700994A
:109AB000F1E9022300917BE80201E6F775FD024619
:109AC0000B4630463946E6F7B9FB09F1010906466F
:109AD0000F46E1E7CAF100024046494600F034F97A
:109AE000974B002204460D46E6F7E4FF00B3954B82
:109AF000002220462946E6F757FDE7F705F8064617
:109B0000E6F7E8FC8E4B0022E6F74EFD0B460246D8
:109B100029462046E6F790FBE6F7F6FF0CAB0AF184
:109B2000180A43F82B000BF1010B43F82B6033E7C5
:109B300020462946E6F7E8FF0CAB43F82B002BE75D
:109B40000CAB53F82500E6F7C5FC32463B46E6F77A
:109B50002BFD4A4668E80201534630463946E6F78F
:109B600023FD013D06460F4627E7DDF818C0FCE857
:109B70000201F8E80223CDF818C0E6F715FD024609
:109B80000B4648465146E6F759FB013781468A465F
:109B9000029B9F4201DCB742E7DD48AB03EBC60600
:109BA000C6E9009A013D0CE7A29B022B09DC002BC1
:109BB0002CDC4ED0059B03F007000DF5197DBDE8A8
:109BC000F08FA29B032BF5D148AB1C442546DA4607
:109BD000BAF1000F63DC2546DA46BAF1010F7BDCEF
:109BE00000200021BBF1010F00F39380009BDDE911
:109BF0004856DDE94A78002B40F09280049BC3E987
:109C00000056C3E90278C3E90401D3E748AB1C441A
:109C10005D4600200021002D32DA009B002B35D05C
:109C2000024601F10043049CC4E9002302460B46AE
:109C3000DDE94801E6F700FB48AC0125AB4528DA31
:109C4000009B13B101F100431946049BC3E90201D3
:109C5000B0E748AB1C4400200021BBF1000F08DA3C
:109C6000009B13B101F100431946049BC3E90001B5
:109C7000A0E774E80223E6F7E1FA0BF1FF3BECE71B
:109C800074E80223E6F7DAFA013DC4E702460B4620
:109C9000C9E7F4E90223E6F7D1FA0135CEE755E941
:109CA0000289D5E9002340464946CDE90223E6F77B
:109CB000C5FA02460B4606460F4640464946E6F7B9
:109CC000BBFADDE90223E6F7B9FA65E802010AF119
:109CD000FF3AC5E900677BE755E90289D5E900232A
:109CE00040464946CDE90223E6F7A8FA02460B466C
:109CF00006460F4640464946E6F79EFADDE902234E
:109D0000E6F79CFA65E802010AF1FF3AC5E9006747
:109D100063E774E80223E6F791FA0BF1FF3B61E792
:109D2000049B049A1D6006F100445C609F6008F18A
:109D30000043D36001F10043106153613AE700BF73
:109D4000000070410000703E2DE9F0481646C1F356
:109D50000A5283468C460B4682B921F000430343E6
:109D600035D02D4B0022E6F71FFC2C4B9E4283463C
:109D70008C460DDA24A3D3E9002319E040F2FF77E3
:109D8000BA4209D10246E6F759FA83468C461EE0EC
:109D9000C1F30A520B46363A4CF250318E420ADD7C
:109DA0001BA3D3E90023654663F31E051C4829461F
:109DB000E6F7FAFBE9E7324440F2FE718A42EFDC53
:109DC000002A08DD6FF31E5343EA0255AC4658469D
:109DD0006146BDE8F08812F1350F09DA0CF0004356
:109DE00043F0D27141F4B7310E4841F01F01C1E791
:109DF00036326FF31E5343EA025558460A4B294642
:109E00000022D5E7AFF3008059F3F8C21F6EA50119
:109E10009C7500883CE4377E00005043B03CFFFF57
:109E20009C75008859F3F8C20000903CF8B500BF5B
:109E3000F8BC08BC9E467047F8B500BFF8BC08BC2B
:089E40009E467047000000007F
:109E4800120024003000000006000C001000000082
:109E5800000000000100000002000000000D070AD9
:109E68000E030904010C060B0F0208050000000090
:109E78008813000010270000204E000030750000F5
:109E8800409C000050C3000060EA0000C0D40100FC
:109E980080A9030000530700A027BE33000000007C
:109EA80050010000E034C133000000005001000000
:109EB8002042C4330000000050010000C194C100DA
:109EC80000000000B2270000000000004C6D48614F
:109ED8006E646C65722053746F70206F6E20676FAC
:109EE800696E67202E2E2E0D0A0000004C6D486109
:109EF8006E646C65722053746F7020657365677546
:109F080069746F20636F7272657474616D656E74C5
:109F1800650D0A002D2D2D2D2D2D2D2D2D2D2D4C82
:109F28006D48616E646C657220696E207269617437
:109F3800746976617A696F6E652D2D2D2D2D2D2D05
:109F48002D2D2D2D0D0A00002D2D2D2D2D2D2D2DD6
:109F58002D2D2D5461736B2072696174746976615B
:109F680074692D2D2D2D2D2D2D2D0D0A0D0A000076
:109F7800706F74656E7A613A202564200A0D0A0DA7
:109F8800000000000A0D0A0D202D2D2D2D2D2D2D40
:109F98002D2D2D2D2D20494D504F5354415A494FA9
:109FA8004E49204C6F5261202D2D2D2D2D2D2D2DFC
:109FB8002D2D2D2D200A0D0A0D000000232323230B
:109FC8002323204E6574534B657920253032583A47
:109FD800253032583A253032583A253032583A2509
:109FE8003032583A253032583A253032583A2530EE
:109FF80032583A253032583A253032583A253032DC
:10A00800583A253032583A253032583A25303258A5
:10A018003A253032583A253032580D0A00000000EF
:10A0280023232323232320417070534B6579202554
:10A038003032583A253032583A253032583A25309D
:10A0480032583A253032583A253032583A2530328B
:10A05800583A253032583A253032583A2530325855
:10A068003A253032583A253032583A253032583A63
:10A07800253032583A253032583A253032580D0AB0
:10A088000000000023232323232320446576416412
:10A0980064723A2020202020253032583A25303268
:10A0A800583A253032583A253032580D0A00000007
:10A0B800232323232323204170704555493A202028
:10A0C80020202020253032583A253032583A253081
:10A0D80032583A253032583A253032583A253032FB
:10A0E800583A253032583A253032580D0A000000C7
:10A0F80023232323232320414452204F46460A0D7D
:10A108000000000023232323232320414452204F0F
:10A118004E0A0D0023232323232320547854696DEA
:10A12800653A202020202025640D0A0023232323BC
:10A1380023232044522564000A0D0A0D202D2D2DBD
:10A148002D2D2D2D2D2D2D2D2046494E4520535496
:10A15800414D504120504152414D45545249204CA7
:10A168006F5261202D2D2D2D2D2D2D2D2D2D2D2D89
:10A178002D200A0D0A0D00000A0D2D2D2D2D2D2D37
:10A188002D2D2D2D2D2043414C494252415A494FE6
:10A198004E4520504152414D455452492050494E58
:10A1A8005A45202D2D2D2D2D2D2D2D2D2D2D0A0DE2
:10A1B8000A0D00000A0D2D2D2D2D2D2D2D2D2D2DA7
:10A1C8002D204341524943414D454E544F20504163
:10A1D80052414D45545249204C6F5261202D2D2D2E
:10A1E8002D2D2D2D2D2D2D2D0A0D0A0D00000000D1
:10A1F8004572726F726520696E206C657474757231
:10A208006120706172616D657472692064612045B6
:10A218004550524F4D200A0D0A0D00004572726FCD
:10A22800726520696E20696D706F7374617A696FE9
:10A238006E652064617469204C6F526120646120EE
:10A24800454550524F4D200A0D0A0D004361726971
:10A258006361746920706172616D657472692064EC
:10A268006120454550524F4D0A0D0A0D000000006F
:10A278004361726963616D656E746F2064617469AE
:10A2880020646920636F6E6669677572617A696FA9
:10A298006E65204861726420636F64656420696E2E
:10A2A80020636F646963650A0D0A0D004572726F59
:10A2B800726520696E20696D706F7374617A696F59
:10A2C8006E652064617469206469206465666175DF
:10A2D8006C74204C6F5261200A0D0A0D00000000BA
:10A2E8004361726963617469206461746920646997
:10A2F8002064656661756C74204861726420636FC0
:10A308006465640A0D0A0D00444154415F4D454D92
:10A3180000000000434F4D414E444F204E4F4E2009
:10A328005249434F4E4F53434955544F0D0A00006D
:10A338002D2D2D2D2D2D2D2D2D2D2D4449534154B1
:10A34800544956415A494F4E452050455249464571
:10A3580052494348452D2D2D2D2D2D2D2D2D2D0ABE
:10A368000D0000000A0D0A0D2D2D2D2D2D2D2D2D42
:10A378002D2D2D50524F56412046554E5A494F4E7D
:10A38800492D2D2D2D2D2D2D2D2D2D0A0D000000A3
:10A39800256473253033643A000000002D2D2D2DDF
:10A3A8002D2D2D2D2D2D2D4C4554545552412054D5
:10A3B800454E53494F4E4520424154544552494118
:10A3C8002045204241434B55502D2D2D2D2D2D2D0F
:10A3D8002D2D2D0A0D0000004261747465726961AB
:10A3E800207072696E636970616C65204144432016
:10A3F80025640A0D00000000426174746572696189
:10A40800206261636B7570204144432025640A0D06
:10A41800000000002D2D2D2D2D2D2D2D2D2D2D2D18
:10A428002D2D2D0A0D0A0D0054656E73696F6E6926
:10A43800206C65747465206461204144432063681E
:10A448002025643A20696E67726573736F3A202518
:10A458006420567265663A2025640A0D00000000E3
:10A46800232323232323232323202D2D2D2D2D2D7B
:10A478002D2D2D2323232323232323230A0D0000FB
:10A4880050696E7A612025643A09206D65646961B6
:10A49800203D2025342E32662C09204465765354FD
:10A4A80044203D2025342E32662074656D70657217
:10A4B8006174757261203D2025342E3266206469EE
:10A4C800616D6574726F203D2025342E32660A0D49
:10A4D80000000000257300006572726F72652069C4
:10A4E8006E206C6574747572612053454E540A0D64
:10A4F80000000000232323232323232323202D2D9F
:10A508002D4C4554545552412053454E54205049E2
:10A518004E5A4120256420434F4D504C45544154D8
:10A52800412D2D2D2D2D2D23232323232323232399
:10A538000A0D0000232323232323232323202D2D47
:10A548002D205573636974612073656E742070697A
:10A558006E7A612025642064612054696D656F7589
:10A56800742D2D2D2D2D2D23232323232323232326
:10A578000A0D000074656D706572617475726120F2
:10A588003D2025342E32662C0A0D00002323232378
:10A598002323232323202D2D2D2046696E65205744
:10A5A80068696C652070696E7A61202564202D2D9C
:10A5B8002D2D2D2D2323232323232323230A0D008D
:10A5C800232323232323232323202D2D2D205049E8
:10A5D8004E5A41202564206E6F6E2061747469762E
:10A5E80061202D2D2D2D2D2D2323232323232323BC
:10A5F800230A0D000D0A2323232323232042454148
:10A60800434F4E204C4F53540D0A00000D0A23238C
:10A618002323232320424541434F4E20524543459F
:10A6280049564544207C2044523A2564207C2052D7
:10A638005353493A2564207C20534E523A256420CE
:10A648007C2046513A2564207C2054494D453A25C2
:10A6580064207C20444553433A2564207C20494E9D
:10A66800464F3A3032582530325825303258202556
:10A6780030325825303258253032580D0A00000043
:10A688000D0A23232323232320424541434F4E20F1
:10A698004E4F542052454345495645440D0A000043
:10A6A80053776974636820746F20436C61737320F7
:10A6B800256320646F6E650D0A0000004142430067
:10A6C80041434B004E41434B000000000D0A232339
:10A6D80023232323203D3D3D3D3D3D3D3D3D3D2044
:10A6E8004D4350532D436F6E6669726D203D3D3D5D
:10A6F8003D3D3D3D3D3D3D3D3D3D0D0A00000000D9
:10A7080023232323232320552F4C204652414D45F4
:10A718003A25303464207C20504F52543A25642026
:10A728007C2044523A2564207C205057523A2564B4
:10A7380000000000207C204D534720545950453AD2
:10A7480000000000434F4E4649524D4544205B25CA
:10A75800735D0D0A00000000554E434F4E464952A6
:10A768004D45440D0A0000004E564D2044415441C9
:10A778002053544F5245440D0A0000004E564D20B8
:10A788004441544120524553544F5245440D0A0008
:10A798000D0A232323232323203D204A4F494E45D6
:10A7A80044203D2000000000414250203D3D3D3DF9
:10A7B8003D3D3D3D3D3D3D3D3D3D3D3D3D3D3D3DC1
:10A7C8003D3D0D0A000000004F544141203D3D3DF4
:10A7D8003D3D3D3D3D3D3D3D3D3D3D3D3D3D3D3DA1
:10A7E8003D3D0D0A000000000D0A232323232323E7
:10A7F800203D204A4F494E204641494C45440D0AC8
:10A80800000000000D0A232323232323203D205288
:10A81800452D545259494E47204F544141204A4FE3
:10A82800494E0D0A000000004C4544204F46460D95
:10A838000A0000004C4544204F4E0D0A000000005D
:10A8480023232323232320442F4C204652414D45C4
:10A858003A25303464207C20504F52543A256420E5
:10A868007C2044523A2564207C20534C4F543A258E
:10A8780073207C20525353493A2564207C20534E40
:10A88800523A25640D0A00004C6D48616E646C658F
:10A89800722053746F707065640D0A004C6D4861C6
:10A8A8006E646C65722073776974636820746F20B6
:10A8B8004F544141206D6F64650D0A004E564D207E
:10A8C8004441544120555020544F20444154450D93
:10A8D8000A0000004E564D20444154412053544F25
:10A8E8005245204641494C45440D0A000A0D0A0DBF
:10A8F8002D2D2D2D2D2D2D2D2D2D2D6C6574747533
:10A90800726520736F73706573652070657220625D
:10A91800617373612074656E73696F6E6520646915
:10A928002062617474657269612D2D2D2D2D2D2D78
:10A938002D2D2D0A0D0000000A0D0A0D2D2D2D2D8F
:10A948002D2D2D2D2D2D2D4C45545455524144411E
:10A9580054492044412053454E534F52492D2D2DE3
:10A968002D2D2D2D2D2D2D0A0D0000005642617420
:10A9780074203A207E25640D0A0000005065726933
:10A988006F646F206D6F6469666361746F2C2070EB
:10A99800726F7373696D6F20547820696E20203A46
:10A9A800207E2564202873290D0A000053454E4453
:10A9B80020524551554553540D0A00004E65787490
:10A9C80020547820696E20203A207E256420736503
:10A9D800636F6E642873290D0A0000004150504CC3
:10A9E80049434154494F4E5F56455253494F4E3A99
:10A9F800205625582E25582E25580D0A00000000EF
:10AA08004D575F4C4F524157414E5F56455253493F
:10AA18004F4E3A20205625582E25582E25580D0AD7
:10AA2800000000004D575F524144494F5F56455260
:10AA380053494F4E3A202020205625582E25582E6F
:10AA480025580D0A000000004C325F535045435F03
:10AA580056455253494F4E3A20202020205625581B
:10AA68002E25582E25580D0A0000000052505F531D
:10AA78005045435F56455253494F4E3A20202020B7
:10AA8800205625582D25582E25582E25580D0A00B4
:10AA9800537461636B204C6F526120696E746572E8
:10AAA800726F74746F20636F7272657474616D6510
:10AAB8006E74650D0A00000043616C6C6261636B23
:10AAC8002064612073657269616C6520706572200D
:10AAD800636F6D616E646920646120696E7465726C
:10AAE8006661636369613A20696E697A69616C6954
:10AAF8007A7A6174610D0A003100000032000000AA
:10AB080043000000435F4D43000000005000000078
:10AB1800505F4D43000000002323232323232025D7
:10AB28007320253032583A253032583A2530325879
:10AB38003A253032583A253032583A253032583A88
:10AB4800253032583A253032583A253032583A258D
:10AB58003032583A253032583A253032583A253072
:10AB680032583A253032583A253032583A25303260
:10AB7800580D0A00232323232323204465764555B3
:10AB8800493A202020202020253032583A253032DA
:10AB9800583A253032583A253032583A253032580A
:10ABA8003A253032583A253032583A253032580D45
:10ABB8000A0000004170704B65793A20202020205F
:10ABC800000000004E776B4B65793A20202020204A
:10ABD800000000004E776B534B65793A2020202007
:10ABE80000000000417070534B65793A2020202006
:10ABF800000000004442496E744B65793A202020D9
:10AC0800000000004D43526F6F744B65793A202065
:10AC1800000000004D434B454B65793A2020202029
:10AC2800000000004D43417070534B65795F303A26
:10AC3800000000004D434E776B534B65795F303A07
:10AC4800000000006572726F723A20526567696F82
:10AC58006E206973206E6F7420646566696E656422
:10AC680020696E20746865204D573A2073657420FA
:10AC78006C6F726177616E5F636F6E662E682061BC
:10AC880063636F7264696E676C790D0A0000000077
:10AC98004D414320727854696D654F75740D0A00F3
:10ACA8004D414320747854696D654F75740D0A00E1
:10ACB8004D4143207278446F6E650D0A0000000014
:10ACC8004D4143207478446F6E650D0A0000000002
:10ACD80052585F2573206F6E206672657120256457
:10ACE80020487A2061742044522025640D0A00000F
:10ACF8005258206F6E206672657120256420487A4C
:10AD08002061742044522025640D0A005458206F95
:10AD18006E206672657120256420487A206174204F
:10AD280044522025640D0A004D756C74695F430018
:10AD38004D756C74695F50004952515F52585F54A9
:10AD4800585F54494D454F55540D0A0050524520FF
:10AD58004F4B0D0A0000000053594E43204F4B0D36
:10AD68000A000000484452204F4B0D0A0000000022
:10AD7800484452204B4F0D0A000000004952515FD1
:10AD88004352435F4552524F520D0A005261646963
:10AD98006F53656E64204F76657273697A650D0A24
:10ADA80000000000303132333435363738396162CB
:10ADB800636465666768696A6B6C6D6E6F707172E3
:10ADC800737475767778797A000000003031323301
:10ADD8003435363738394142434445464748494A6D
:10ADE8004B4C4D4E4F505152535455565758595A33
:10ADF800000000003C4E554C4C3E0000A1280008C5
:10AE08008D28000875280008952800087128000872
:10AE180073280008A0860100400D0300801A060070
:10AE280000350C0040420F0080841E0000093D00E0
:10AE380000127A000024F40000366E010048E80190
:10AE4800006CDC02000000000000000000000000B0
:10AE580000000000000000000000000000000000EA
:10AE680000000000010000000200000003000000D4
:10AE780004000000010000000300000005000000BD
:10AE88000100000001000000060000000A000000A8
:10AE9800200000000200000004000000080000007C
:10AEA80010000000400000008000000000010000C9
:10AEB8000002000005310008C531000819310008FA
:10AEC800D53100088D310008BD30000800000000B1
:10AED8002D31000881300008C52F0008E92F00082F
:10AEE800F52F0008193000084130000845300008E7
:10AEF80059300008A9330008D1330008113400087C
:10AF0800FD330008010002000400060008000A00E2
:10AF18000C0010002000400080000001080402041A
:10AF28000801010101010103070100001A00CEFF19
:10AF3800B500D8FF5201E2FFEE01ECFF8B02F6FFED
:10AF480028030000C6030A006504140004051E0057
:10AF5800A305280042063200E2063C0083074600AB
:10AF680024085000C5085A0067096400090A6E00E1
:10AF7800AB0A78004D0B8200F10B8C00920C960006
:10AF880000AB010804AB010808AB01080CAB0108D1
:10AF980014AB010818AB0108A584998D0DBDB154F7
:10AFA8005003A97D1962E69A459D408715EBC90BA8
:10AFB800EC67FDEABFF7965BC21CAE6A5A41024FC6
:10AFC8005CF434089373533F0C52655E28A10FB5A7
:10AFD80009369B3D2669CD9F1B9E742E2DB2EEFB34
:10AFE800F64D61CE7B3E7197F568002C601FC8ED69
:10AFF800BE46D94BDED4E84A6B2AE516C5D7559428
:10B00800CF100681F044BAE3F3FEC08AADBC480411
:10B01800DFC17563301A0E6D4C14352FE1A2CC399F
:10B0280057F28247ACE72B95A098D17F667EAB8319
:10B03800CA29D33C79E21D763B564E1EDB0A6CE4E6
:10B048005D6EEFA6A8A4378B324359B78C64D2E063
:10B05800B4FA0725AF8EE918D5886F7224F1C75165
:10B06800237C9C21DDDC86859042C4AAD805011288
:10B07800A35FF9D0915827B93813B333BB7089A7A8
:10B08800B622922049FF787A8FF88017DA31C6B84D
:10B09800C3B07711CBFCD63AC6F8EEF6FFD6DE91F0
:10B0A8006002CE56E7B54DEC8F1F89FAEFB28EFBE2
:10B0B80041B35F452353E49B75E13D4C6C7EF583BA
:10B0C8006851D1F9E2AB622A0895469D30370A2FBC
:10B0D8000E241BDFCD4E7FEA121D583436DCB45BDC
:10B0E800A476B77D52DD5E13A6B900C140E379B6F8
:10B0F800D48D67729498B085BBC54FED869A66115A
:10B108008AE904FEA078254BA25D80053F2170F1F5
:10B118006377AF4220E5FDBF811826C3BE35882E70
:10B128009355FC7AC8BA32E6C0199EA344543B0B27
:10B138008CC76B28A7BC16ADDB647414920C48B896
:10B148009FBD43C43931D3F2D58B6EDA01B19C4926
:10B15800D8ACF3CFCAF447106FF04A5C38577397EE
:10B16800CBA1E83E96610D0FE07C71CC9006F71CF0
:10B17800C26AAE6917993A27D9EB2B22D2A90733AD
:10B188002D3C15C987AA50A50359091A65D784D03B
:10B1980082295A1E7BA86D2C637C777BF26B6FC566
:10B1A8003001672BFED7AB76CA82C97DFA5947F0C2
:10B1B800ADD4A2AF9CA472C0B7FD9326363FF7CC9E
:10B1C80034A5E5F171D8311504C723C31896059A3B
:10B1D800071280E2EB27B27509832C1A1B6E5AA05E
:10B1E800523BD6B329E32F8453D100ED20FCB15B49
:10B1F8006ACBBE394A4C58CFD0EFAAFB434D3385B2
:10B2080045F9027F503C9FA851A3408F929D38F585
:10B21800BCB6DA2110FFF3D2CD0C13EC5F974417BC
:10B22800C4A77E3D645D197360814FDC222A908833
:10B2380046EEB814DE5E0BDBE0323A0A4906245CBF
:10B24800C2D3AC629195E479E7C8376D8DD54EA924
:10B258006C56F4EA657AAE08BA78252E1CA6B4C6F0
:10B26800E8DD741F4BBD8B8A703EB5664803F60E49
:10B27800613557B986C11D9EE1F8981169D98E9438
:10B288009B1E87E9CE5528DF8CA1890DBFE6426851
:10B2980041992D0FB054BB16000000004150505F7B
:10B2A800BCAB0108010000004E574B5FCCAB010856
:10B2B800080000004E574B53DCAB010809000000A2
:10B2C80041505053ECAB01080A0000004442495F6A
:10B2D800FCAB01080B0000004D4352540CAC0108B4
:10B2E8000C0000004D434B451CAC01080D0000004C
:10B2F8004D434B302CAC01080E0000004D4153303B
:10B308002CAC01080F0000004D4E53303CAC010836
:10B31800100000005A45524F04A70108080A0C0DF6
:10B328000E10121415181A1B1D1E212400AB01083B
:10B3380004AB010808AB010830AD010814AB0108E3
:10B3480038AD010833333373DEDEDEDE3333337377
:10B35800F2F2F2F248E8010048E8010048E801008A
:10B3680048E8010048E8010048E8010090D00300DF
:10B37800000000000C0B0A09080707320405060044
:10B38800B545010837340108453A0108F137010885
:10B3980039450108313A01083D4201089140010848
:10B3A80079300108A1310108993801088538010868
:10B3B8002D34010821380108F9370108AD37010893
:10B3C800A337010841330108393301089B370108C5
:10B3D80093370108013301084D40010889370108F6
:10B3E80059340108C9330108953301086933010844
:10B3F80049330108CD3D0108C13A01084553010808
:10B408004B530108F7320108FB320108C012000053
:10B418001F000000A816000017000000841C000090
:10B428000F000000E42500001E000000B42D0000FD
:10B4380016000000083900000E0000002C4C000027
:10B448001D000000685B0000150000007472000019
:10B458000D000000589800001C00000034B70000E0
:10B4680014000000E8E400000C000000783101003E
:10B478001B000000686E01001300000034CA0100C0
:10B488000B000000286202001A00000040DB0200E6
:10B49800120000003C9303000A000000C0C2040030
:10B4A8001900000060B305001100000038200700F3
:10B4B8000900000020A107000000000004030202A8
:10B4C800010101010000000000000000494E460093
:10B4D800696E66004E414E006E616E00300030317C
:10B4E80032333435363738394142434445460030E3
:10B4F8003132333435363738396162636465660012
:10B50800496E66696E697479004E614E0052454510
:10B518004E54206D616C6C6F632073756363656551
:10B52800646564002F6275696C642F676E752D748D
:10B538006F6F6C732D666F722D73746D33325F315C
:10B54800332E332E72656C312E323032353035322F
:10B55800332D303930302F7372632F6E65776C69F5
:10B56800622F6E65776C69622F6C6962632F7374E2
:10B57800646C69622F64746F612E630042616C6C45
:10B588006F6320737563636565646564002F627516
:10B59800696C642F676E752D746F6F6C732D666F91
:10B5A800722D73746D33325F31332E332E72656CA6
:10B5B800312E32303235303532332D303930302F6C
:10B5C8007372632F6E65776C69622F6E65776C692D
:10B5D800622F6C6962632F7374646C69622F6D707B
:10B5E8007265632E6300232D302B2000686C4C009D
:10B5F800656667454647004300504F534958002E3B
:10B60800002C2066756E6374696F6E3A2000617352
:10B6180073657274696F6E202225732220666169D2
:10B628006C65643A2066696C6520222573222C209B
:10B638006C696E65202564257325730A0000000077
:10B6480005000000190000007D0000000000000057
:10B658000080E03779C34143176E05B5B5B8934606
:10B66800F5F93FE9034F384D321D30F94877825AD2
:10B678003CBF737FDD4F1575000000000000F03FF0
:10B6880000000000000024400000000000005940B5
:10B698000000000000408F40000000000088C34008
:10B6A80000000000006AF8400000000080842E417D
:10B6B80000000000D01263410000000084D79741C9
:10B6C8000000000065CDCD41000000205FA00242CF
:10B6D800000000E876483742000000A2941A6D4244
:10B6E800000040E59C30A2420000901EC4BCD64237
:10B6F80000003426F56B0C430080E03779C34143E2
:10B7080000A0D8855734764300C84E676DC1AB4357
:10B71800003D9160E458E143408CB5781DAF154475
:10B7280050EFE2D6E41A4B4492D54D06CFF0804450
:10B73800F64AE1C7022DB544B49DD9794378EA4465
:10B7480000202020202020202020282828282820E9
:10B7580020202020202020202020202020202020E1
:10B768002088101010101010101010101010101049
:10B778001004040404040404040404101010101039
:10B788001010414141414141010101010101010103
:10B798000101010101010101010101011010101055
:10B7A80010104242424242420202020202020202D5
:10B7B8000202020202020202020202021010101029
:10B7C8002000000000000000000000000000000051
:10B7D8000000000000000000000000000000000061
:10B7E8000000000000000000000000000000000051
:10B7F8000000000000000000000000000000000041
:10B808000000000000000000000000000000000030
:10B818000000000000000000000000000000000020
:10B828000000000000000000000000000000000010
:10B838000000000000000000000000000000000000
:10B84800000000006042A20D0000803FFB21F93F8C
:10B85800FB2109407CD91240FB2119407A6A1F401C
:10B868007CD92240BBFD2540FB2129403A462C408B
:10B878007A6A2F405C4731407CD932409C6B344017
:10B88800BBFD3540DB8F3740FB2139401BB43A40C4
:10B898003A463C405AD83D407A6A3F404C7E404048
:10B8A8005C4741406C1042407CD942408CA24340E6
:10B8B8009C6B4440AC344540BBFD4540CBC646403C
:10B8C800DB8F4740EB584840FB21494083F9A200F1
:10B8D800444E6E00FC291500D1572700DD34F500D1
:10B8E80062DBC0003C999500419043006351FE0023
:10B8F800BBDEAB00B761C5003A6E2400D24D4200F2
:10B908004906E00009EA2E001C92D100EB1DFE005A
:10B9180029B11C00E83EA700F535820044BB2E0083
:10B928009CE98400B4267000417E5F00D6913900FE
:10B93800538339009CF439008B5F840028F9BD00DB
:10B94800F81F3B00DEFF97000F980500112FEF004E
:10B958000A5A8B006D1F6D00CF7E360009CB270079
:10B96800464FB7009E663F002DEA5F00BA27750074
:10B97800E5EBC7003D7BF100F739070092528A00DA
:10B98800FB6BEA001FB15F00085D8D0030035600B5
:10B998007BFC4600F0AB6B0020BCCF0036F49A006D
:10B9A800E3A91D005E619100081BE600859965000A
:10B9B800A0145F008D40680080D8FF0027734D00F9
:10B9C80006063100CA561500C9A873007BE260005C
:10B9D8006B8CC0000000000000000040FB21F93F14
:10B9E800000000002D44743E000000809846F83C9A
:10B9F8000000006051CC783B00000080831BF039C8
:10BA08000000004020257A38000000802282E336BA
:10BA1800000000001DF3693502000000030000006B
:08BA280004000000060000000C
:08BA30005047FE7F01000000F9
:08BA3800650100080000000098
:08BA40004101000800000000B4
:10BA4800295C3F418FC26541F62886411F8599418F
:10BA580048E1AC416666C0410000D44114AEE741FC
:10BA6800A470FB4114AE074214AE11428FC21B42B0
:10BA780085EB2542333330425C8F3A420000454221
:10BA88005C8F4F42713D5A423D0A65420000704248
:10BA9800B81E7B42142E834285EB884271BD8E42CC
:10BAA80014AE944252B89A4285EBA042713DA74227
:10BAB80071BDAD426666B4428F42BB42295CC24248
:10BAC80052B8C94200C06B44008079440080844465
:10BAD80000E08D440000984400E0A24400A0AD447A
:10BAE8000000B8440000C2440040CB440020D444C5
:10BAF8000080DC4400C0E4440080EC4400A0F4442E
:10BB08000040FC4400E0014500D0054500D009454F
:10BB180000100E450050124500D0164500A01B45E8
:10BB280000D020450030264500002C4500B03145A6
:10BB38000070374500103D450000424500D046459D
:10BB480000304B4500C0424500093D001000000090
:10BB58000000000038290020102700000500000020
:10BB680000000000000000000000000004000000C9
:10BB7800401F0000492A0008812A0008992A000865
:10BB8800052B000835AD000821AD000819AC0008E8
:10BB98004DAB00080000000091AB0008B5AA0008F2
:10BBA80059AC000891AA0008FDA90008B1A900082D
:10BBB800CDA90008B5A90008C1A9000841AC000832
:10BBC8000100000000000000D42B0020000000004D
:10BBD80000000000FF00000000000000D42B00203F
:10BBE800000000000000000000000000000000004D
:10BBF80000000000D42B00200000FF00000000001F
:10BC0800E0000000FDD20008E9CD0008F5CD0008ED
:10BC18004DD20008000000000000000025CE0008FA
:10BC280001CE000803CE000800000000000000005C
:10BC38000000000000000000000E0F0D01090811AF
:10BC480001000000FF000000FFFFFFFFFFFFFFFFF4
:10BC58000000000003000000D04700202002002060
:10BC680000000000D047002038480020A0480020ED
:10BC780000000000000000000000000000000000BC
:10BC880000000000000000000000000000000000AC
:10BC9800000000000000000000000000000000009C
:10BCA8000000000000000000000000004300000049
:10BCB800000000000000000000000000000000007C
:10BCC8000000000000000000000000004300000029
:10BCD800000000000000000000000000000000005C
:10BCE8000000000000000000000000004300000009
:10BCF800000000000000000000000000000000003C
:10BD080000000000000000000000000043000000E8
:10BD1800000000000000000000000000000000001B
:10BD280000000000000000000000000043000000C8
:10BD380000000000000000000000000000000000FB
:10BD480000000000000000000000000043000000A8
:10BD580000000000000000000000000000000000DB
:10BD68000000000000000000000000004300000088
:10BD780000000000000000000000000000000000BB
:10BD880000000000000000000000000065870108B6
:10BD9800E58601080000000048B7010807B6010859
:10BDA80044B6010844B6010844B6010844B601087F
:10BDB80044B6010844B6010844B6010844B601086F
:10BDC80044B60108FFFFFFFFFFFFFFFFFFFFFFFF74
:10BDD800FFFF0000010041534349490000000000F3
:10BDE800000000000000000000000000000000004B
:10BDF80000000000000041534349490000000000D2
:10BE0800000000000000000000000000000000002A
:08BE1800000000000000000022
:020000040803EF
:10E500000000000000000000010101010101010103
:10E510000000000000000000002B7E151628AED27F
:10E52000A6ABF7158809CF4F3C012B7E151628AEF8
:10E53000D2A6ABF7158809CF4F3C082B7E151628BD
:10E54000AED2A6ABF7158809CF4F3C092B7E151626
:10E5500028AED2A6ABF7158809CF4F3C0A000000C1
:10E56000000000000000000000000000000B0000A0
:10E5700000000000000000000000000000000C008F
:10E580000000000000000000000000000000000D7E
:10E59000000000000000000000000000000000007B
:10E5A0000E0000000000000000000000000000005D
:10E5B000000F00000000000000000000000000004C
:10E5C000000010000000000000000000000000003B
:08E5D000000000000000000043
:040000050800350DAD
:00000001FF
